C:/GIS_Course/MScThesis-MaviSantarelli/data/Predictors/Input/Reversed/Building_Density_Reversed.tif,C:/GIS_Course/MScThesis-MaviSantarelli/data/Predictors/Input/Reversed/DistWater_Reversed.tif,C:/GIS_Course/MScThesis-MaviSantarelli/data/Predictors/Input/Reversed/NOx_Stand_Reversed.tif,C:/GIS_Course/MScThesis-MaviSantarelli/data/Predictors/Input/Reversed/RGS_Reversed.tif,C:/GIS_Course/MScThesis-MaviSantarelli/data/Predictors/Input/Reversed/Runoff_Coefficient_Standardised_Reversed.tif,C:/GIS_Course/MScThesis-MaviSantarelli/data/Predictors/Input/Reversed/Slope_Proj_Reversed.tif,C:/GIS_Course/MScThesis-MaviSantarelli/data/Predictors/Input/Reversed/SoilMoisture_32bit_Reversed.tif,C:/GIS_Course/MScThesis-MaviSantarelli/data/Predictors/Input/Reversed/Traffic_Reversed.tif,C:/GIS_Course/MScThesis-MaviSantarelli/data/Predictors/Input/Reversed/Wood_Resample_Reversed.tif,C:/GIS_Course/MScThesis-MaviSantarelli/data/Predictors/Input/Grass_Stand.tif,C:/GIS_Course/MScThesis-MaviSantarelli/data/Predictors/Input/NDVI_median.tif,C:/GIS_Course/MScThesis-MaviSantarelli/data/Predictors/Input/NDVI_StDev.tif,C:/GIS_Course/MScThesis-MaviSantarelli/data/Predictors/Input/VegHeight.tif,label
0.9995564,0.96345973,0.86060625,0.9807449,0.76560664,0.9473459,0.33834845,0.73323214,1.0,0.44080496,0.74711114,0.36746788,0.280254,1
1.0,0.8979682,0.9015522,0.9928849,0.76560664,0.9497804,0.39079696,0.8154418,1.0,0.37284398,0.9252209,0.31844395,0.42639047,1
1.0,0.9360471,0.9523287,0.9227902,0.64782095,0.86104196,0.15321052,0.91200256,0.9843259,0.5225527,0.8539769,0.32606784,0.10406644,1
1.0,0.9373887,0.7365736,0.8280681,0.64782095,0.98703367,0.16341943,0.5357593,0.9797352,0.27559996,0.77305174,0.3095399,0.118714154,1
1.0,0.9819236,0.80504966,0.75554216,0.64782095,0.9010248,0.21209341,0.6063973,0.9836411,0.3055105,0.8781579,0.36002734,0.10406644,1
0.8544231,0.86958355,0.9445053,0.9548916,0.058892846,0.95172364,0.5286052,0.9080227,0.9945069,0.8215137,0.5409917,0.098247446,0.0,1
0.9998539,0.86734635,0.9017384,0.9608403,0.64782095,0.86677843,0.18599933,0.8146108,0.9939946,0.5718066,0.7633292,0.31610078,0.2643661,1
0.98315024,0.82056093,0.9442998,0.7219465,0.058892846,0.9604697,0.21126509,0.9046204,0.9885117,0.26022825,0.7631594,0.3211659,0.29698488,1
0.99999183,0.89736646,0.8426448,0.8685789,0.76560664,0.9355016,0.36460054,0.7425873,1.0,0.77836686,0.8024272,0.41109306,0.51636785,1
0.829692,0.9227251,0.87342894,0.9724675,0.058892846,0.99330527,0.61946857,0.786516,0.9813574,0.49961177,0.66206187,0.25474745,0.15613906,1
0.99999774,1.0,0.7471696,0.99748313,1.0,0.9930047,0.14969194,0.54379356,0.9794876,0.23846541,0.45913965,0.30052298,0.0,1
0.9956996,0.97656333,0.7674564,0.95428133,0.76560664,0.97990173,0.18676901,0.77662593,1.0,0.3761852,0.7788384,0.42166853,0.42491454,1
1.0,0.6784433,0.9531765,0.9818693,0.64782095,0.90127695,0.37595743,0.9175536,0.9975496,0.7522908,0.8512974,0.35018802,0.18172301,1
1.0,0.85470796,0.8323067,0.98798215,0.64782095,0.8871056,0.2346484,0.41785437,0.99506867,0.24301665,0.8121023,0.31838506,0.45256856,1
1.0,0.9523126,0.9762414,0.99891686,0.58892816,0.9171184,0.26145148,0.94068086,0.99856114,0.65468484,0.8894635,0.25937334,0.41914734,1
0.7717768,0.8861497,0.7311003,0.8911543,0.058892846,0.9576996,0.29807365,0.46429813,0.98322964,0.30759335,0.71694744,0.21311775,0.13425337,1
1.0,0.83152294,0.86494195,0.91316336,0.76560664,0.9964262,0.5977293,0.84289503,1.0,0.3377357,0.7759671,0.3370778,0.26576778,1
0.97209704,0.9149889,0.8407178,0.93514216,0.76560664,0.92793894,0.20210236,0.7635101,1.0,0.46316752,0.7700386,0.40161845,0.29755157,1
1.0,0.7561854,0.93606496,0.79929876,0.58892816,0.8832574,0.36392874,0.8961648,0.99331534,0.29665622,0.6785027,0.41751748,0.16901867,1
1.0,0.87934434,0.9790944,0.89451456,0.5300354,0.99923235,0.1494819,0.9473647,0.9646275,0.61369115,0.7650799,0.2589018,0.13008304,1
0.85947436,0.84436953,0.8267679,0.8692348,0.058892846,0.8801394,0.23686719,0.59513086,0.9920057,0.31553984,0.7390529,0.29424265,0.28175095,1
0.85521233,0.9712536,0.56695914,0.87421876,0.76560664,0.94592273,0.23927438,0.2891081,0.99800545,0.13008435,0.8844394,0.2941886,0.32209226,1
0.9644515,0.9780049,0.7275131,0.8906732,0.64782095,0.90957254,0.21372867,0.6123198,0.9794553,0.30877662,0.7971653,0.45033178,0.11887567,1
0.863145,0.86958355,0.9445053,0.9548916,0.058892846,0.9497945,0.5284524,0.90817493,0.9971317,0.8217928,0.6922312,0.27691844,0.17475104,1
0.85351115,0.9823653,0.9189792,0.97051245,0.058892846,0.88187695,0.22214556,0.9303489,0.98791814,0.19451839,0.6586577,0.26236704,0.3291699,1
1.0,0.75886256,0.93739635,0.61266345,0.76560664,0.9337291,0.35495436,0.9363357,0.99712163,0.26549396,0.81150585,0.31752867,0.45060813,1
0.9999997,0.9510551,0.74389726,0.9660961,0.76560664,0.9829264,0.23382068,0.57033706,1.0,0.23878753,0.81286293,0.3618389,0.43487775,1
0.8865447,0.9851905,0.6167639,0.90573823,0.058892846,0.94589174,0.19775248,0.24311554,0.985454,0.14263314,0.5654073,0.21269499,0.2149958,1
0.829692,0.9227251,0.87342894,0.9724675,0.058892846,0.99330527,0.61946857,0.786516,0.9813574,0.49961177,0.66206187,0.25474745,0.15613906,1
0.8286715,0.91863054,0.7735252,0.9103914,0.058892846,0.89355093,0.27736545,0.59577596,0.975645,0.35581976,0.6645412,0.22932692,0.09975345,1
0.863145,0.86958355,0.9445053,0.9548916,0.058892846,0.9497945,0.5284524,0.90817493,0.9971317,0.8217928,0.6922312,0.27691844,0.17475104,1
1.0,0.9757129,0.9765995,0.998148,0.64782095,0.82056093,0.53440124,0.9468712,0.98683816,0.38069117,0.75734943,0.2806176,0.12720144,1
1.0,0.900843,0.81264424,0.89010835,0.76560664,0.96789527,0.13818222,0.7423792,1.0,0.2785767,0.8170028,0.33872426,0.3094792,1
0.9644515,0.9780049,0.7275131,0.8906732,0.64782095,0.90957254,0.21372867,0.6123198,0.9794553,0.30877662,0.7971653,0.45033178,0.11887567,1
0.8696015,0.9262285,0.7333205,0.8301192,0.058892846,0.92011064,0.29634225,0.54193497,0.95620507,0.20481445,0.6917978,0.27848068,0.19761889,1
1.0,0.9090767,0.9166877,0.9360536,0.64782095,0.72746783,0.14373523,0.8468826,0.91771907,0.50355303,0.7570849,0.28933886,0.17199154,1
0.91327274,0.95581937,0.7091795,0.9570718,0.058892846,0.95648134,0.3018996,0.7178214,0.98498863,0.4461157,0.7537556,0.29901984,0.12505777,1
1.0,0.7972467,0.9906257,0.9591835,0.76560664,0.8621663,0.08055043,0.91318613,1.0,0.22432473,0.86770225,0.37799853,0.54906887,1
0.9859791,0.82835674,0.8237016,0.95857924,0.76560664,0.98513377,0.28239292,0.70821095,0.9979941,0.38892785,0.8090068,0.2858212,0.26593328,1
0.91432554,0.9614051,0.9152371,0.9445494,0.058892846,0.93655914,0.61823523,0.870306,0.9919157,0.7653885,0.73803896,0.32387078,0.20362693,1
1.0,0.9028558,0.98041725,0.90118915,0.5300354,0.9935194,0.1500529,0.9512324,0.92796594,0.6092635,0.7457668,0.2270594,0.10406644,1
1.0,0.95572513,0.91464627,0.94602543,0.64782095,0.93301046,0.6266625,0.86808383,0.98341364,0.7593882,0.8324126,0.2487358,0.14161345,1
0.9985803,0.8825479,0.8548394,0.9167424,0.76560664,0.9281745,0.14525938,0.71336126,1.0,0.48509404,0.7963294,0.42815998,0.53622407,1
0.9407428,0.85576105,0.98247004,0.84239566,0.058892846,0.9662048,0.16732967,0.90203345,0.99642944,0.4192149,0.7195885,0.2581299,0.36875555,1
1.0,0.6784433,0.9531765,0.9818693,0.64782095,0.90127695,0.37595743,0.9175536,0.9975496,0.7522908,0.8512974,0.35018802,0.18172301,1
0.79801774,0.90854776,0.7351519,0.9813415,0.058892846,0.9760891,0.37506217,0.5271542,0.9911337,0.25087792,0.7766993,0.32976937,0.23714009,1
0.8034719,0.96777403,0.73598796,0.9851349,0.058892846,0.97051674,0.2200939,0.37990594,0.9911246,0.17971733,0.54653656,0.09289443,0.070919715,1
1.0,0.84535086,0.8633788,0.88462067,0.64782095,0.98790365,0.24247205,0.6927941,0.93875116,0.43170497,0.86890686,0.3101148,0.13008304,1
1.0,0.98837394,0.9417665,0.8378974,0.64782095,0.98572654,0.31751102,0.8798063,0.992503,0.4651417,0.780602,0.2542478,0.21085297,1
1.0,0.8251863,0.9185106,0.9356675,0.58892816,0.973552,0.25212157,0.89370173,0.980553,0.087916926,0.6002861,0.5098683,0.0,1
0.9947564,0.81393975,0.95635515,0.5487081,0.64782095,0.9755924,0.33456564,0.91303545,0.93899757,0.60842115,0.8084196,0.2712124,0.23382646,1
1.0,0.7495619,0.9476514,0.7599169,0.76560664,0.92493325,0.21667176,0.9091762,1.0,0.15949988,0.728994,0.2785853,0.3651497,1
1.0,0.92404044,0.7469226,0.9645231,0.76560664,0.9733073,0.23893851,0.62811863,1.0,0.44559696,0.7055432,0.257186,0.30799598,1
1.0,0.9502205,0.98092294,0.9828817,1.0,0.9006928,0.63608015,0.9471657,0.9902823,0.526807,0.7446819,0.41248995,0.28578547,1
0.8920802,0.8429394,0.94460976,0.9641509,0.058892846,0.9192596,0.4639578,0.91367435,0.99078435,0.7823141,0.73618865,0.2118244,0.2471558,1
1.0,0.76216745,0.9616501,0.9166826,0.64782095,0.8518648,0.13468307,0.9378491,0.9847623,0.537581,0.8641267,0.2636784,0.1709049,1
1.0,0.9510418,0.9343289,0.709368,0.64782095,0.90713537,0.3410914,0.8789258,0.9628531,0.30174276,0.7893771,0.2952687,0.13692892,1
1.0,0.6784433,0.9531765,0.9818693,0.64782095,0.90127695,0.37595743,0.9175536,0.9975496,0.7522908,0.8512974,0.35018802,0.18172301,1
0.9998539,0.86734635,0.9017384,0.9608403,0.64782095,0.86677843,0.18599933,0.8146108,0.9939946,0.5718066,0.7633292,0.31610078,0.2643661,1
0.89795834,0.8603028,0.8412168,0.86065507,0.58892816,0.9773604,0.23688942,0.56415725,0.9973412,0.3207286,0.7006165,0.26997244,0.22746971,1
1.0,0.9092531,0.8368772,0.99886596,0.64782095,0.9676912,0.4244089,0.86292744,0.9600658,0.4293996,0.7156124,0.2744203,0.122839935,1
0.70442855,0.92992055,0.68670577,0.8756243,0.058892846,0.905448,0.24463749,0.75287336,0.98967737,0.41737685,0.7117231,0.29317784,0.387722,1
0.7820269,0.97059894,0.7012824,0.8999085,0.058892846,0.98053706,0.17717701,0.6718067,0.9630126,0.24957202,0.63553447,0.16856746,0.08538023,1
1.0,0.71302927,0.9808726,0.7096574,0.76560664,0.951337,0.24881375,0.9494431,1.0,0.8228196,0.7651475,0.37987003,0.3354958,1
0.9908243,0.919563,0.8777556,0.8314274,0.76560664,0.99276364,0.2568748,0.8597977,0.99877363,0.03439225,0.79668945,0.37255177,0.41354564,1
0.99868816,0.95768374,0.853697,0.9019655,0.64782095,0.94873,0.27078336,0.68156135,0.9784479,0.3757918,0.52850175,0.13059886,0.15671884,1
0.87244177,0.964059,0.79132557,0.93659145,0.76560664,0.9573681,0.13311702,0.64332205,1.0,0.29722336,0.76891506,0.34066856,0.24195592,1
0.9554208,0.80260855,0.6506127,0.91323024,0.76560664,0.83798945,0.24307173,0.37833762,1.0,0.13005413,0.8262142,0.38391608,0.43183464,1
1.0,0.97618294,0.98351264,0.9553888,0.76560664,0.86144716,0.62260103,0.95024765,1.0,0.5210086,0.83286387,0.31539997,0.4724287,1
1.0,0.9765784,0.9192261,0.9986233,0.58892816,0.9691508,0.21587694,0.88461417,0.93434846,0.14172183,0.72244614,0.32001284,0.15865824,1
0.93016195,0.9069635,0.74326456,0.83287126,0.76560664,0.88611233,0.23805285,0.474577,0.99801713,0.24191217,0.7738673,0.435223,0.5186947,1
1.0,0.8011179,0.97517425,0.9410322,0.64782095,0.9695771,0.16384226,0.95848256,0.97700316,0.6741817,0.87312007,0.33514303,0.10406644,1
0.96291506,0.9833098,0.7729769,0.8746041,0.058892846,0.99198055,0.1548239,0.72505075,0.98976535,0.41544595,0.71891814,0.20056115,0.19002314,1
0.9909122,0.9348922,0.96381193,0.97698814,0.76560664,0.84654194,0.6977875,0.92871505,1.0,0.5491574,0.7323926,0.41937378,0.3456205,1
1.0,0.57728374,0.9695153,0.7856897,0.76560664,0.9552622,0.46813494,0.979308,1.0,0.729453,0.771819,0.39009732,0.33261025,1
0.99398386,0.9323247,0.76125383,0.82589835,0.76560664,0.89065427,0.22168213,0.36534894,1.0,0.19257583,0.80519074,0.43420002,0.48963106,1
0.99067533,0.9701412,0.8825416,0.98077375,0.76560664,0.9481295,0.41068923,0.65203905,0.9951178,0.5156945,0.7604803,0.26561034,0.24047142,1
0.70418113,0.86730385,0.833066,0.933583,0.58892816,0.8940631,0.29399514,0.650035,0.98558223,0.38187873,0.6221717,0.1766613,0.082800604,1
1.0,0.944839,0.98531485,0.6382836,0.76560664,0.8088677,0.31641716,0.9442131,1.0,0.31591862,0.8093483,0.400009,0.39024913,1
1.0,0.92788726,0.97720414,0.6484972,0.76560664,0.93251884,0.24538314,0.962788,1.0,0.84449214,0.84269917,0.24642342,0.5127306,1
0.863145,0.86958355,0.9445053,0.9548916,0.058892846,0.9497945,0.5284524,0.90817493,0.9971317,0.8217928,0.6922312,0.27691844,0.17475104,1
1.0,0.9577842,0.70603347,0.990898,0.64782095,0.9803172,0.3608383,0.55255854,0.98528343,0.30843332,0.7618074,0.29629537,0.15609966,1
0.99997073,0.92077965,0.8616097,0.9018809,0.76560664,0.96597207,0.35344458,0.75651455,0.99616593,0.40365455,0.7929812,0.30863866,0.37724283,1
0.997869,0.97656333,0.7674564,0.95428133,0.76560664,0.9827706,0.18723118,0.7764315,0.9988501,0.3759924,0.76665014,0.40276298,0.44228235,1
1.0,0.95358795,0.86056757,0.9968159,0.64782095,0.97406346,0.39841264,0.8206263,0.9903738,0.4889305,0.8470494,0.31052786,0.17651457,1
1.0,0.9467835,0.8558344,0.9798359,0.76560664,0.893918,0.3191353,0.6889657,1.0,0.4278323,0.76264167,0.35170564,0.18827671,1
0.9278124,0.99879324,0.7282524,0.89605117,0.058892846,0.93638664,0.3627383,0.72342086,0.9928775,0.35785347,0.49415845,0.27451572,0.0,1
0.9748935,0.9768961,0.55247486,0.950362,0.058892846,0.9659149,0.25137448,0.43256748,0.9859241,0.05154686,0.6662011,0.2633279,0.3749239,1
0.99992716,0.9229867,0.86179286,0.8995159,0.64782095,0.94842476,0.35377067,0.7554815,0.9978291,0.40312526,0.77800715,0.32351097,0.30643213,1
0.9999993,0.9860834,0.91741806,0.9958994,0.64782095,0.96918714,0.3563124,0.88685083,0.97212046,0.7192204,0.8531071,0.19787493,0.14597495,1
0.9984244,0.8998688,0.8436394,0.982485,0.76560664,0.93785924,0.3179338,0.605581,1.0,0.40407726,0.8461669,0.37292472,0.41767144,1
1.0,0.9267069,0.890961,0.99480146,0.64782095,0.92926854,0.42835414,0.8868828,0.9902377,0.4546288,0.8645323,0.3344904,0.21757214,1
1.0,0.9360471,0.9523287,0.9227902,0.64782095,0.86104196,0.15321052,0.91200256,0.9843259,0.5225527,0.8539769,0.32606784,0.10406644,1
0.97868997,0.9617411,0.8212962,0.8916762,0.64782095,0.97147804,0.7010163,0.6157748,0.9647609,0.28627372,0.7696439,0.3430177,0.13585024,1
0.91548026,0.95710427,0.91526705,0.9458474,0.76560664,0.9228134,0.6162107,0.87101775,0.9956772,0.767272,0.7741942,0.36278832,0.2876586,1
0.9596925,0.93722713,0.85791403,0.8447989,0.76560664,0.9335649,0.25932384,0.8595351,0.9981832,0.028877437,0.7757465,0.32929635,0.35175014,1
1.0,0.9182934,0.9813086,0.6894325,0.64782095,0.9589648,0.38602734,0.9665202,0.97411156,0.45499852,0.83553416,0.31907657,0.09954342,1
0.8816388,0.9658065,0.5811563,0.9847994,0.058892846,0.99593776,0.14635336,0.32969445,0.9704506,0.13828614,0.5370133,0.048716452,0.0,1
0.93168145,0.79374444,0.72728014,0.872762,0.76560664,0.93326473,0.21512884,0.5594734,0.99864995,0.11138143,0.72802496,0.31707144,0.55290645,1
0.98868465,0.5223645,0.99034137,0.6814474,0.64782095,0.73068804,0.42006826,0.9517598,0.99555475,0.6731115,0.81193024,0.28825003,0.32052112,1
0.9997824,0.83740294,0.84121746,0.9684474,0.76560664,0.9556923,0.3080818,0.647591,1.0,0.33274034,0.7507604,0.37707302,0.34506577,1
0.80688524,0.92752403,0.80698305,0.86016583,0.58892816,0.9433321,0.26013857,0.65951866,0.9851786,0.28119314,0.7688666,0.539408,0.09121765,1
0.75296515,0.89281666,0.7820673,0.90261215,0.058892846,0.96360815,0.15449142,0.7735697,0.9761937,0.43496275,0.65858793,0.24168512,0.16820653,1
0.97209704,0.9149889,0.8407178,0.93514216,0.76560664,0.92793894,0.20210236,0.7635101,1.0,0.46316752,0.7700386,0.40161845,0.29755157,1
1.0,1.0,0.94060856,0.9368731,1.0,0.9873312,0.49662644,0.89675987,0.99073946,0.7011418,0.47055468,0.43922323,0.0,1
1.0,0.94394857,0.8938285,0.9798083,0.58892816,0.67542243,0.80290765,0.90295815,1.0,0.6496918,0.8320706,0.30528897,0.35574523,1
0.79827416,0.9542875,0.92149156,0.8238982,0.058892846,0.9484057,0.20893443,0.86363506,0.9808068,0.064684846,0.5542039,0.081594385,0.06468108,1
0.9999934,0.99310356,0.76332295,0.8259993,0.64782095,0.93325245,0.1657288,0.59897137,0.96616685,0.3517474,0.79174894,0.2885438,0.13008304,1
0.899583,0.93308413,0.71386606,0.90153056,0.058892846,0.9558723,0.20168376,0.6915693,0.9790483,0.36701813,0.6481742,0.24456845,0.13386011,1
0.8518735,0.9236176,0.7954923,0.9582552,0.64782095,0.94210356,0.29415947,0.60929143,0.96469146,0.37492785,0.8533287,0.31488723,0.21662015,1
0.92353034,0.94636667,0.5557362,0.9451504,0.058892846,0.9815497,0.21998811,0.40551245,0.9896802,0.1803169,0.8124708,0.2657482,0.17759325,1
0.87854564,0.93111116,0.6809639,0.918257,0.058892846,0.91561127,0.14915127,0.27283996,0.9909232,0.13672873,0.70089084,0.24145445,0.09416038,1
0.9996656,0.9169996,0.8443955,0.9905207,0.58892816,0.97615117,0.3293419,0.7635537,0.99122894,0.5024967,0.79898757,0.32651508,0.24715976,1
0.87073016,0.98064095,0.91283745,0.8943102,0.058892846,0.9837991,0.37851882,0.90868056,0.99239206,0.8719062,0.6993797,0.17737949,0.19166057,1
0.98868465,0.5223645,0.99034137,0.6814474,0.64782095,0.73068804,0.42006826,0.9517598,0.99555475,0.6731115,0.81193024,0.28825003,0.32052112,1
0.8999337,0.95092803,0.94595534,0.9290089,0.058892846,0.95331067,0.14882958,0.9093371,0.99235535,0.5285808,0.70041674,0.19911225,0.11950066,1
0.8590849,0.9894161,0.69786227,0.9499509,0.058892846,0.98093367,0.14398527,0.3222183,0.99644697,0.16733189,0.7745103,0.33794513,0.34049603,1
0.8999337,0.95092803,0.94595534,0.9290089,0.058892846,0.95331067,0.14882958,0.9093371,0.99235535,0.5285808,0.70041674,0.19911225,0.11950066,1
1.0,0.973762,0.98626447,0.516683,0.5300354,0.9811536,0.28241044,0.9695777,0.9369284,0.40956235,0.72129726,0.2716901,0.18499787,1
0.8600061,0.93717617,0.88706285,0.62065,0.058892846,0.93784094,0.27508628,0.81876135,0.9905915,0.59421206,0.6800921,0.23474789,0.15362835,1
0.8908713,0.8717944,0.87693584,0.7244892,0.058892846,0.9706203,0.22633708,0.70897686,0.9719957,0.37180898,0.76694024,0.24903767,0.18211626,1
0.80311936,0.9517082,0.8265273,0.8923528,0.058892846,0.98761225,0.4811576,0.7658801,0.9715206,0.72130334,0.6927145,0.29234648,0.18611994,1
1.0,0.98384136,0.9844127,0.8122734,0.5300354,0.9631586,0.504032,0.9602481,0.9974706,0.3887031,0.7042731,0.3370424,0.32465088,1
0.9999421,0.9559122,0.78004444,0.7826753,0.76560664,0.9386817,0.26673812,0.49868524,0.9927117,0.3551349,0.6796669,0.26822132,0.20207165,1
0.7820269,0.9722086,0.7034253,0.9005548,0.058892846,0.98053706,0.17717701,0.6718067,0.9630126,0.24957202,0.63553447,0.16856746,0.08538023,1
0.656093,0.88948065,0.79771066,0.9991204,0.058892846,0.96015364,0.38740492,0.5718641,0.9856951,0.31103402,0.61285996,0.16190985,0.017289627,1
1.0,0.98269844,0.9845192,0.5817733,0.58892816,0.966078,0.3234837,0.9593796,1.0,0.23412707,0.7248093,0.40173274,0.31312048,1
1.0,0.9360471,0.9523287,0.9227902,0.64782095,0.86104196,0.15321052,0.91200256,0.9843259,0.5225527,0.8539769,0.32606784,0.10406644,1
0.9998318,0.61778224,0.96410316,0.4568367,0.64782095,0.8114759,0.28491092,0.94236386,0.97204953,0.7236106,0.8080015,0.31079736,0.10406644,1
1.0,0.9018933,0.8602787,0.95812887,0.76560664,0.98331636,0.2910031,0.8997006,1.0,0.21569616,0.7682042,0.32167128,0.32629228,1
0.91732514,0.9582088,0.8387101,0.771128,0.058892846,0.9476223,0.531953,0.7144276,0.97044843,0.41163725,0.72207963,0.16650623,0.08099769,1
0.96013534,0.97649175,0.95152515,0.9942291,0.058892846,1.0,0.8186801,0.96849895,0.9795115,0.5503427,0.7324275,0.20558077,0.112257555,1
1.0,0.9037781,0.9165484,0.915859,0.58892816,0.9741356,0.25932384,0.8522289,0.99145633,0.053388644,0.7917502,0.30034876,0.21802187,1
0.8915866,0.98356825,0.9483318,0.9255193,0.058892846,0.8824313,0.4997816,0.9017348,0.99603987,0.6837291,0.6086029,0.16613929,0.28898892,1
0.9535395,0.96081483,0.8360531,0.9694943,0.76560664,0.9337166,0.18793333,0.74324733,0.9925959,0.44405675,0.8058764,0.26842186,0.2861827,1
0.860925,0.89000404,0.8683279,0.71173257,0.058892846,0.9668248,0.2510479,0.90142876,0.979188,0.24548252,0.70012975,0.11390904,0.12329945,1
0.7446474,0.94460756,0.73869056,0.8706615,0.058892846,0.954903,0.24572372,0.73125017,0.98528695,0.407043,0.6270415,0.23105055,0.2828999,1
0.99356663,0.97393703,0.881562,0.98224866,0.64782095,0.95209605,0.41055405,0.6497443,0.98982286,0.51478463,0.7745782,0.28618792,0.17374772,1
0.9818833,0.9776856,0.8293574,0.9516545,0.058892846,0.986706,0.13187855,0.6477927,0.9981664,0.4404556,0.63627577,0.21421658,0.22404183,1
0.9937509,0.9776227,0.9346154,0.9927996,0.76560664,0.8470608,0.3422361,0.88109016,1.0,0.6867118,0.83966476,0.36815327,0.49487427,1
1.0,0.98948866,0.9651006,0.99846375,0.5300354,0.96602815,0.27805817,0.9592986,0.9126915,0.6482335,0.7257429,0.29718906,0.13008304,1
0.9988135,0.86734635,0.9017384,0.9608403,0.64782095,0.90023935,0.1857596,0.815022,0.9946713,0.5713513,0.76748353,0.33300623,0.33608603,1
0.9894493,0.97716993,0.93264186,0.994757,0.76560664,0.83957916,0.82792836,0.94501877,0.9979255,0.5967589,0.821413,0.34616786,0.26304767,1
0.9998539,0.86734635,0.9017384,0.9608403,0.64782095,0.86677843,0.18599933,0.8146108,0.9939946,0.5718066,0.7633292,0.31610078,0.2643661,1
0.7484708,0.96537805,0.74861115,0.9593376,0.058892846,0.96569157,0.3060984,0.71271646,0.9572158,0.45040768,0.6317487,0.17541084,0.0,1
0.7950765,0.9387368,0.91585845,0.9934701,0.058892846,0.9685523,0.25932384,0.9091148,0.9836793,0.12629034,0.6112457,0.18622285,0.1782747,1
1.0,0.9746834,0.97347957,0.96088105,0.76560664,0.8509936,0.34559572,0.913471,1.0,0.44916195,0.8029617,0.37794226,0.5013229,1
0.98572654,0.9996003,0.7312113,0.9783135,1.0,0.89362943,0.32702732,0.54391384,0.99641615,0.31426868,0.5340016,0.32014835,0.10530601,1
1.0,0.96349955,0.9245033,0.99941343,0.8244994,0.84094477,0.8224149,0.9425082,0.99606776,0.6034999,0.8065429,0.31717595,0.15157665,1
0.89431596,0.9273119,0.8900623,0.9447064,0.058892846,0.99414533,0.13245922,0.6766289,0.9855729,0.4708424,0.6018657,0.15359671,0.13274667,1
1.0,0.89811677,0.9811094,0.9304153,0.76560664,0.6924701,0.21204543,0.9436335,1.0,0.3106578,0.8572095,0.28703174,0.67066467,1
1.0,0.9057543,0.9175229,0.915717,0.58892816,0.97302276,0.25932384,0.85223174,0.9893893,0.05383607,0.7544531,0.4201347,0.15881975,1
1.0,0.9401686,0.88938534,0.7341746,0.76560664,0.98228693,0.2270037,0.7014443,0.9964061,0.34348765,0.86099684,0.3220842,0.44424677,1
0.9998539,0.86734635,0.9017384,0.9608403,0.64782095,0.86677843,0.18599933,0.8146108,0.9939946,0.5718066,0.7633292,0.31610078,0.2643661,1
1.0,0.9252223,0.8296007,0.9931835,0.64782095,0.959882,0.36321837,0.70910645,0.9723476,0.3225982,0.8342255,0.28290203,0.15898126,1
0.9102218,0.9362151,0.6873446,0.853602,0.058892846,0.90909225,0.23989677,0.34214926,0.9959993,0.17624237,0.6396416,0.39698163,0.1100483,1
0.9999995,0.94601095,0.9291778,0.70407975,0.58892816,0.96798676,0.30990475,0.91410226,0.971726,0.17947735,0.69325954,0.37684685,0.13008304,1
1.0,0.79602957,0.98033667,0.92408025,0.76560664,0.9275909,0.27268887,0.9062125,1.0,0.74432075,0.8060189,0.2955827,0.36151242,1
1.0,1.0,0.9455899,0.9379189,1.0,0.9949987,0.47796422,0.89949423,0.95249087,0.690206,0.4557579,0.56511354,0.0,1
1.0,1.0,0.9849199,0.68042374,1.0,0.96523976,0.2808575,0.96700966,0.99893653,0.12917165,0.6385564,0.47392043,0.26521304,1
0.9909682,0.903007,0.8528271,0.9238125,0.64782095,0.9483041,0.34579003,0.75752485,0.991445,0.40314776,0.8711783,0.34121773,0.10390493,1
0.99650776,0.9836403,0.7633272,0.92635053,0.64782095,0.9770206,0.28147066,0.5870222,0.9866708,0.3491088,0.8190565,0.35230297,0.22130467,1
0.88410157,0.93964416,0.9330846,0.9757609,0.058892846,0.9136051,0.5505724,0.92659956,0.98755157,0.7595104,0.6074044,0.16383299,0.12865564,1
0.9999021,0.8989265,0.8405159,0.8680183,0.76560664,0.9358536,0.36375135,0.74298424,1.0,0.7781777,0.8127042,0.37894717,0.50227886,1
1.0,0.9272438,0.9852724,0.670761,0.5300354,0.9720937,0.2813294,0.96427286,0.889639,0.15768597,0.701322,0.3000903,0.25276148,1
0.9588824,0.9548214,0.86243546,0.98290086,0.058892846,0.93960446,0.33818948,0.7389768,0.990693,0.44435298,0.6190993,0.18270907,0.09334358,1
1.0,0.99511665,0.98273826,0.7954663,0.76560664,0.9792541,0.34363556,0.95969164,0.9973689,0.404064,0.6633705,0.39584413,0.31272325,1
0.99632335,0.9075314,0.8295103,0.9835693,0.76560664,0.9434023,0.31792897,0.6032287,1.0,0.3976215,0.83280456,0.43297017,0.4468054,1
1.0,0.79707384,0.9437892,0.7378336,0.58892816,0.95594287,0.2117272,0.90063345,0.9773722,0.2223695,0.59889245,0.49222496,0.08093144,1
0.98008066,0.9614002,0.6913496,0.8990061,0.76560664,0.9598716,0.2174136,0.5919463,0.9972222,0.3057378,0.8312195,0.2990001,0.19224097,1
1.0,0.9510418,0.9343289,0.709368,0.64782095,0.90713537,0.3410914,0.8789258,0.9628531,0.30174276,0.7893771,0.2952687,0.13692892,1
0.985628,0.87192196,0.7556186,0.95755917,0.64782095,0.99185264,0.28978294,0.69669354,0.99471146,0.41168514,0.72696817,0.41739723,0.29358733,1
1.0,0.92545605,0.98528105,0.67404926,0.5300354,0.8838902,0.2820232,0.96411765,0.8889812,0.15466806,0.717561,0.24856058,0.22278059,1
1.0,0.9028558,0.98041725,0.90118915,0.5300354,0.9935194,0.1500529,0.9512324,0.92796594,0.6092635,0.7457668,0.2270594,0.10406644,1
1.0,1.0,0.9455899,0.9379189,1.0,0.9949987,0.47796422,0.89949423,0.95249087,0.690206,0.4557579,0.56511354,0.0,1
1.0,0.9362624,0.9852184,0.67484605,0.8244994,0.7429137,0.28200048,0.9645567,0.91771674,0.14901717,0.73621947,0.2914061,0.23414947,1
1.0,0.919092,0.83764374,0.9426185,0.76560664,0.94928545,0.2599426,0.640977,1.0,0.47812337,0.8166403,0.38363156,0.26577178,1
1.0,0.94070745,0.8626275,0.9686498,0.64782095,0.984303,0.121353686,0.85223705,0.98099256,0.46626446,0.6935303,0.23036113,0.20068549,1
0.9972037,0.953828,0.6661883,0.9244675,0.058892846,0.8158008,0.2370311,0.35834324,0.9993572,0.09157576,0.8263981,0.38598236,0.4443695,1
1.0,0.9510418,0.9343289,0.709368,0.64782095,0.90713537,0.3410914,0.8789258,0.9628531,0.30174276,0.7893771,0.2952687,0.13692892,1
0.8999337,0.95092803,0.94595534,0.9290089,0.058892846,0.95331067,0.14882958,0.9093371,0.99235535,0.5285808,0.70041674,0.19911225,0.11950066,1
1.0,0.8835158,0.9816028,0.8664623,0.64782095,0.9191095,0.32509196,0.93730325,0.9824338,0.3536223,0.75617987,0.3180106,0.119958326,1
1.0,0.8622641,0.91472065,0.8465966,0.64782095,0.9571737,0.42663872,0.9020545,0.95887035,0.5154125,0.76950854,0.29051486,0.10406644,1
0.98893297,0.9548214,0.8023273,0.9994199,0.058892846,0.9695467,0.4202544,0.6693287,0.99771816,0.35789707,0.6952201,0.3488072,0.18741997,1
0.8843615,0.9917841,0.82167757,0.9431805,0.76560664,0.9673679,0.12849271,0.7120497,0.99679863,0.36435428,0.70387083,0.37830254,0.3513135,1
1.0,0.89677805,0.93096584,0.73195744,0.8244994,0.8050357,0.37052417,0.84024525,0.9356973,0.29282895,0.8294429,0.288439,0.13008304,1
0.97508144,0.95577854,0.8462716,0.99171335,0.64782095,0.96110916,0.31546217,0.6636399,0.99178785,0.4301595,0.7419205,0.25793254,0.15734382,1
1.0,0.9360471,0.9523287,0.9227902,0.64782095,0.86104196,0.15321052,0.91200256,0.9843259,0.5225527,0.8539769,0.32606784,0.10406644,1
1.0,0.7599186,0.97746253,0.74992347,0.76560664,0.97594506,0.44143075,0.9604914,1.0,0.4980747,0.7609893,0.3143891,0.37616014,1
0.9974688,0.9607438,0.86113244,0.98228055,0.76560664,0.9474678,0.33800578,0.73420227,0.9980586,0.4416332,0.77192324,0.28205416,0.30768028,1
1.0,0.88070077,0.96855587,0.8120547,0.64782095,0.91292405,0.29465026,0.926839,0.9870644,0.6447246,0.8828501,0.24117815,0.16062266,1
0.9955645,0.8772696,0.9283513,0.9784702,0.76560664,0.98691034,0.35219306,0.83277833,1.0,0.6605805,0.8095226,0.38238946,0.26016608,1
0.98177755,0.95494986,0.8620646,0.98483527,0.76560664,0.9499156,0.3374886,0.7367822,1.0,0.44408718,0.7858103,0.39322478,0.2889028,1
1.0,1.0,0.9455899,0.9379189,1.0,0.9949987,0.47796422,0.89949423,0.95249087,0.690206,0.4557579,0.56511354,0.0,1
0.7024983,0.89814055,0.5865138,0.9021014,0.76560664,0.9844982,0.2426089,0.34434563,0.99799496,0.1329007,0.7835321,0.3139233,0.26141027,1
0.9834526,0.9713157,0.76246786,0.91197133,0.058892846,0.9728244,0.24528456,0.61470723,0.98353076,0.38774386,0.62610507,0.25919154,0.08691728,1
0.9991668,0.9397514,0.74880993,0.9928199,0.64782095,0.94836634,0.25402862,0.6363154,0.9935233,0.044872537,0.80169505,0.28520027,0.19932257,1
0.85131174,0.9377277,0.80088997,0.94140375,0.058892846,0.93144035,0.13193202,0.6590241,0.947946,0.31522164,0.6388478,0.07004601,0.10124711,1
0.99953735,0.96322733,0.86066306,0.98122644,0.76560664,0.9477955,0.3381917,0.7331454,1.0,0.44082078,0.73688686,0.32230324,0.31328195,1
0.99941003,0.98840034,0.942339,0.9385926,0.64782095,0.9180647,0.43240142,0.8873402,0.99246347,0.6825744,0.8439778,0.26407325,0.39929116,1
1.0,0.9028558,0.98041725,0.90118915,0.5300354,0.9935194,0.1500529,0.9512324,0.92796594,0.6092635,0.7457668,0.2270594,0.10406644,1
1.0,0.92946804,0.9852486,0.6760982,0.5300354,0.90452373,0.28240156,0.96428764,0.90853983,0.14959326,0.72589886,0.32791528,0.23867248,1
1.0,0.77305156,0.9479408,0.75084466,0.58892816,0.9402914,0.217888,0.9141584,1.0,0.17480288,0.7654586,0.33149552,0.46541736,1
1.0,0.9960686,0.9845025,0.6398717,0.76560664,0.8767721,0.26497585,0.9651368,1.0,0.16539188,0.77534634,0.38993677,0.2861827,1
0.91623837,0.9391924,0.89520615,0.95325804,0.058892846,0.9391121,0.19877875,0.8428914,0.9963369,0.5758801,0.6780055,0.22839373,0.33798018,1
0.99029493,0.9228111,0.84981585,0.8611892,0.058892846,0.92231447,0.3746246,0.7409469,0.9936178,0.7801153,0.57478195,0.23173474,0.3481089,1
1.0,0.99651694,0.967869,0.9998826,0.76560664,0.99169904,0.2673893,0.9419223,0.9978027,0.7639193,0.7718071,0.26294383,0.2845413,1
1.0,0.77305156,0.9479408,0.75084466,0.58892816,0.9402914,0.217888,0.9141584,1.0,0.17480288,0.7654586,0.33149552,0.46541736,1
0.7451931,0.9438662,0.7359647,0.87063664,0.058892846,0.9581439,0.24571115,0.731928,0.98560303,0.40723673,0.6955112,0.2851562,0.32272124,1
1.0,0.9553115,0.9126375,0.723915,0.64782095,0.7143787,0.24639899,0.8091116,0.9574362,0.49296045,0.77924216,0.14844346,0.19388239,1
1.0,0.91644007,0.9622629,0.8317874,0.64782095,0.9056283,0.4988556,0.98766094,0.9972888,0.5724146,0.77967125,0.2635764,0.23703507,1
1.0,0.8622641,0.91472065,0.8465966,0.64782095,0.9571737,0.42663872,0.9020545,0.95887035,0.5154125,0.76950854,0.29051486,0.10406644,1
1.0,0.77710456,0.9809543,0.94181556,0.8244994,0.9585021,0.3055786,0.92464364,0.99166787,0.5271493,0.78170943,0.3296106,0.20688869,1
1.0,0.8789009,0.9240252,0.98553455,0.58892816,0.91412044,0.1930151,0.8054103,0.9858997,0.58633554,0.5894063,0.40743926,0.17254631,1
0.99863654,0.97218955,0.9216671,0.98906326,0.76560664,0.90851927,0.22219199,0.91915804,0.999145,0.21797644,0.69207114,0.38837826,0.36744112,1
0.6121433,0.92609394,0.66958356,0.9624586,0.058892846,0.84749687,0.24160367,0.4945724,0.9831822,0.062898785,0.699833,0.33841887,0.10253405,1
0.9985548,0.99360216,0.562196,0.872828,0.058892846,0.9791848,0.18295616,0.36659378,0.9911132,0.14843017,0.8540275,0.46943653,0.38012442,1
0.9999989,0.9654858,0.8244994,0.98827887,0.058892846,0.99576724,0.17854965,0.8019304,0.99217105,0.31208903,0.6215262,0.12785344,0.0767977,1
0.99676526,0.93079233,0.8612461,0.89859277,0.64782095,0.93583804,0.354482,0.75510854,0.9895772,0.40373984,0.80155724,0.31965694,0.21825759,1
1.0,0.9252223,0.8296007,0.9931835,0.64782095,0.959882,0.36321837,0.70910645,0.9723476,0.3225982,0.8342255,0.28290203,0.15898126,1
1.0,0.89769423,0.98534566,0.53605306,0.8244994,0.7974044,0.25030357,0.9546653,0.9965215,0.35980597,0.785945,0.2879525,0.17759325,1
1.0,0.98392713,0.8622184,0.945416,0.64782095,0.9928489,0.16576463,0.79811573,0.933059,0.44521376,0.78473294,0.33754608,0.2907057,1
0.88409716,0.8989848,0.84798604,0.94214445,0.058892846,0.9728989,0.12898481,0.6737324,0.996299,0.4175091,0.6272524,0.23966911,0.196462,1
1.0,0.97114694,0.6387614,0.95309293,0.058892846,0.9854017,0.32443625,0.7256912,0.97058296,0.29894787,0.6272345,0.20004632,0.098744996,1
0.9327204,0.8876351,0.76837116,0.9214818,0.058892846,0.9576296,0.24716663,0.4173562,0.995993,0.24436879,0.7710442,0.27353877,0.15316159,1
1.0,0.9767074,0.78589237,0.9459111,0.058892846,0.9618385,0.23920918,0.5854665,0.989092,0.30830613,0.6078395,0.492401,0.13788092,1
1.0,0.857547,0.96683156,0.8845776,0.76560664,0.9938935,0.10030413,0.9181466,1.0,0.50325054,0.7500436,0.42938304,0.42639047,1
0.8887703,0.7887515,0.9271818,0.63176155,0.76560664,0.9611876,0.35633183,0.92334324,0.99454176,0.2818612,0.8487379,0.254256,0.3293354,1
1.0,0.9616166,0.7570939,0.9063553,0.58892816,0.9563844,0.35132623,0.72546315,0.95989007,0.3599108,0.681711,0.3496586,0.17199154,1
1.0,0.9883506,0.88308144,0.9953226,0.64782095,0.9826285,0.12209946,0.8334169,0.9853605,0.38499215,0.81677926,0.308888,0.08257284,1
1.0,0.9883506,0.88308144,0.9953226,0.64782095,0.9826285,0.12209946,0.8334169,0.9853605,0.38499215,0.81677926,0.308888,0.08257284,1
1.0,0.96503866,0.9284195,0.99440706,0.64782095,0.92362106,0.48906487,0.87197334,0.98539734,0.6783058,0.7485574,0.38997972,0.14201066,1
1.0,0.94791466,0.98086244,0.99953663,0.058892846,0.9364515,0.41946983,0.9588316,0.98910993,0.4525218,0.706109,0.20878445,0.22962646,1
0.99970156,0.77088404,0.9457484,0.9835337,0.76560664,0.7901558,0.2764585,0.9023421,0.9961669,0.68076766,0.7495311,0.27901387,0.33228326,1
0.9118167,0.96236116,0.74066925,0.8954308,0.058892846,0.9787598,0.2496658,0.257506,0.9906937,0.17352922,0.629867,0.0891041,0.053426974,1
1.0,0.7685509,0.94312197,0.8750853,0.58892816,0.9415036,0.24798745,0.8922182,0.91394377,0.17150615,0.7367832,0.49596992,0.07969123,1
0.99995565,0.9595398,0.9170104,0.9191756,0.76560664,0.8728183,0.1550718,0.86884594,1.0,0.38353324,0.8084015,0.44183517,0.49523273,1
1.0,0.98392713,0.8622184,0.945416,0.64782095,0.9928489,0.16576463,0.79811573,0.933059,0.44521376,0.78473294,0.33754608,0.2907057,1
0.89575344,0.98636836,0.93164873,0.92899066,0.76560664,0.96089554,0.39613146,0.91249317,1.0,0.884056,0.7089127,0.28876123,0.39381617,1
1.0,0.95118904,0.7715207,0.8020257,0.76560664,0.7772495,0.21090716,0.55296266,0.99799687,0.21408932,0.8157228,0.35443026,0.32644978,1
1.0,0.976059,0.5797628,0.94021606,0.64782095,0.7766294,0.24044085,0.39923602,0.9531952,0.06551933,0.81718725,0.28715727,0.14885655,1
1.0,0.99511665,0.98580444,0.6051711,0.76560664,0.9338032,0.30945247,0.95224154,1.0,0.31813487,0.740164,0.46156645,0.36298835,1
0.9941877,0.94112986,0.87104106,0.76436895,0.058892846,0.99330205,0.4051649,0.85607505,0.9641547,0.4079307,0.58523023,0.13895555,0.028972426,1
1.0,0.98392713,0.8622184,0.945416,0.64782095,0.9928489,0.16576463,0.79811573,0.933059,0.44521376,0.78473294,0.33754608,0.2907057,1
0.9909682,0.903007,0.8528271,0.9238125,0.64782095,0.9483041,0.34579003,0.75752485,0.991445,0.40314776,0.8711783,0.34121773,0.10390493,1
0.92110157,0.94663346,0.9112572,0.987811,0.64782095,0.9571328,0.25045115,0.91563416,0.9783152,0.076135755,0.80843127,0.27364638,0.16622438,1
1.0,0.89539975,0.95437634,0.96206737,0.5300354,0.88550174,0.22551179,0.95975995,0.9659685,0.35476747,0.7185154,0.27134332,0.16638587,1
1.0,0.857547,0.96683156,0.8845776,0.76560664,0.9938935,0.10030413,0.9181466,1.0,0.50325054,0.7500436,0.42938304,0.42639047,1
0.994903,0.96221787,0.862041,0.97564465,0.76560664,0.8902842,0.3180191,0.58743334,0.9963248,0.3938481,0.802941,0.47202432,0.20813288,1
1.0,0.9104041,0.8976105,0.9553864,0.64782095,0.9359468,0.12603158,0.76794845,0.99061733,0.41352767,0.74503917,0.319131,0.2487972,1
1.0,0.87665606,0.89598787,0.9991737,0.76560664,0.9396092,0.39717293,0.82195956,1.0,0.37379164,0.7496436,0.4474261,0.30603886,1
1.0,0.95057386,0.76763797,0.8563762,0.58892816,0.95841324,0.29278392,0.613516,0.98321176,0.18284461,0.7756341,0.4069321,0.092697546,1
1.0,0.9709932,0.8827637,0.9820748,0.76560664,0.94176453,0.170165,0.8033392,0.9976409,0.33669496,0.60347575,0.18644445,0.29378822,1
1.0,0.90638137,0.900064,0.99896574,0.76560664,0.9759771,0.38756764,0.8104793,0.99725777,0.38114548,0.7573937,0.410511,0.3654727,1
1.0,0.90635633,0.9001164,0.9992414,0.76560664,0.9744569,0.38645566,0.8093621,1.0,0.38212466,0.84122336,0.3895357,0.39725652,1
1.0,0.7867023,0.9792809,0.75930464,0.76560664,0.78890914,0.44029534,0.96943635,1.0,0.29627404,0.712858,0.4218323,0.45909142,1
1.0,0.8727536,0.91308653,0.9260518,0.58892816,0.9848541,0.25932384,0.85521877,0.9657455,0.055699717,0.79895496,0.48416507,0.013167825,1
0.9886511,0.8953628,0.92811304,0.99988544,0.76560664,0.9874266,0.25932384,0.9006465,0.9981592,0.10062014,0.8164042,0.39070868,0.39601633,1
1.0,0.8164042,0.9675069,0.52389324,0.64782095,0.96963555,0.36795276,0.9233611,0.9736969,0.7386833,0.9102348,0.25940412,0.10858945,1
1.0,0.8622104,0.9098728,0.74904966,0.58892816,0.9585791,0.21623546,0.8236919,0.9894446,0.25800654,0.6365957,0.31894597,0.040267102,1
0.91623837,0.9391924,0.89520615,0.95325804,0.058892846,0.9391121,0.19877875,0.8428914,0.9963369,0.5758801,0.6780055,0.22839373,0.33798018,1
1.0,0.79160196,0.9850202,0.49378806,0.64782095,0.79716367,0.23239571,0.9475261,0.8829752,0.32670334,0.6642944,0.3843811,0.010124711,1
0.98008066,0.9614002,0.6913496,0.8990061,0.76560664,0.9598716,0.2174136,0.5919463,0.9972222,0.3057378,0.8312195,0.2990001,0.19224097,1
0.9998833,0.9960686,0.92489547,0.63042986,0.64782095,0.8639003,0.28575367,0.84796077,0.9973645,0.6238907,0.8515934,0.24084671,0.40365267,1
0.9999906,0.9247537,0.8619045,0.8997003,0.76560664,0.92578584,0.35393387,0.75496614,0.99616534,0.4028063,0.7859278,0.30544233,0.26576778,1
1.0,0.8459429,0.9139747,0.7539378,0.76560664,0.9274096,0.20636135,0.88717914,1.0,0.24197498,0.83678293,0.32693794,0.5275753,1
0.9908519,0.90453124,0.8870751,0.9736129,0.058892846,0.6430057,0.12753826,0.85869336,0.9982003,0.48909748,0.6840303,0.26729763,0.36479124,1
1.0,0.9731518,0.9355595,0.9247111,0.058892846,0.9166672,0.68328017,0.88252485,0.96902436,0.7059244,0.62308145,0.15944311,0.3319773,1
0.4911028,0.94791466,0.645452,0.96803284,0.058892846,0.83718705,0.24306446,0.49018806,0.9822555,0.055736657,0.68983376,0.28703478,0.16026483,1
1.0,0.9304125,0.9571389,0.9995243,0.8244994,0.9821673,0.81976545,0.7791472682089551,0.99233013,0.45797348,0.7965105,0.3988447,0.22690636,1
0.9876909,0.97114694,0.5640173,0.88644165,0.64782095,0.9212785,0.25503492,0.3115074,0.9976599,0.17202716,0.8692133,0.28744584,0.24659705,1
0.9807121,0.8353354,0.8422383,0.9359929,0.058892846,0.93055433,0.12774783,0.70312494,0.9972817,0.39536145,0.73077357,0.3622404,0.39477214,1
1.0,0.8622641,0.91472065,0.8465966,0.64782095,0.9571737,0.42663872,0.9020545,0.95887035,0.5154125,0.76950854,0.29051486,0.10406644,1
0.99992687,0.99399894,0.7064136,0.92953527,0.76560664,0.98988974,0.20978111,0.41307145,1.0,0.09346397,0.8071606,0.36752084,0.41626576,1
1.0,0.9134615,0.98382366,0.6255416,1.0,0.94703597,0.35818547,0.9622569,0.99852425,0.3088579,0.68633115,0.37959605,0.21397029,1
1.0,0.82761407,0.94209015,0.93141425,0.64782095,0.725841,0.24154723,0.8906376,0.9302696,0.16823858,0.78316545,0.2944631,0.18952087,1
1.0,0.8622641,0.91472065,0.8465966,0.64782095,0.9571737,0.42663872,0.9020545,0.95887035,0.5154125,0.76950854,0.29051486,0.10406644,1
0.99992716,0.9247537,0.8619045,0.8997003,0.64782095,0.94842476,0.35377067,0.7554815,0.9978291,0.40312526,0.77800715,0.32351097,0.30643213,1
1.0,0.7708985,0.94786835,0.75150895,0.58892816,0.9402914,0.217888,0.9141584,1.0,0.17480288,0.7654586,0.33149552,0.46541736,1
0.95214045,0.9448599,0.7833273,0.9633988,0.76560664,0.9707193,0.3146206,0.7046365,1.0,0.46652943,0.78835523,0.36023885,0.37616014,1
1.0,0.758699,0.9477312,0.7540557,0.76560664,0.9289158,0.21875173,0.91279894,1.0,0.16571783,0.8284965,0.28146157,0.3828445,1
1.0,0.97387284,0.94461054,0.9834268,0.76560664,0.9198361,0.48395216,0.9091925,1.0,0.7962997,0.78270835,0.3334611,0.17074738,1
0.99992716,0.9229867,0.86179286,0.8995159,0.76560664,0.94842476,0.35377067,0.7554815,0.9978291,0.40312526,0.77800715,0.32351097,0.30643213,1
0.9998828,0.9091557,0.98306805,0.940899,0.76560664,0.919588,0.2118324,0.94377255,1.0,0.32148346,0.7187546,0.46251148,0.53946805,1
0.9969984,0.9516703,0.981321,0.9813074,0.58892816,0.851596,0.65281564,0.9475329,1.0,0.5366452,0.85557723,0.47913668,0.50971895,1
0.9760827,0.9794632,0.9007031,0.896769,0.058892846,0.9316399,0.42835587,0.8798671,0.98589677,0.4508372,0.69688016,0.19623919,0.18499787,1
0.87854564,0.93111116,0.6809639,0.918257,0.058892846,0.91561127,0.14915127,0.27283996,0.9909232,0.13672873,0.70089084,0.24145445,0.09416038,1
0.98149455,0.97975385,0.8457847,0.94366056,0.76560664,0.91541064,0.12739849,0.72854257,1.0,0.38040522,0.7941018,0.4305874,0.5017202,1
0.81461394,0.9112997,0.8454871,0.85802406,0.058892846,0.95651674,0.4703728,0.66736597,0.99084735,0.21993394,0.68440515,0.1554071,0.09548391,1
0.9980531,0.96287,0.78048754,0.9990741,0.058892846,0.9667622,0.26196808,0.6642252,0.9783744,0.05115369,0.7437559,0.22167832,0.15609966,1
1.0,0.9057543,0.9175229,0.915717,0.58892816,0.97302276,0.25932384,0.85223174,0.9893893,0.05383607,0.7544531,0.4201347,0.15881975,1
1.0,0.99714875,0.9230868,0.63404346,1.0,0.8932165,0.28478813,0.8483141,0.99600434,0.61935,0.7912378,0.43263906,0.4410342,1
1.0,0.8622104,0.9098728,0.74904966,0.58892816,0.9585791,0.21623546,0.8236919,0.9894446,0.25800654,0.6365957,0.31894597,0.040267102,1
0.99587923,0.9080749,0.7946242,0.8431064,0.64782095,0.97963667,0.44271868,0.5958575,0.96390796,0.20013446,0.81365037,0.18455811,0.14757359,1
1.0,0.92849684,0.9575316,0.99891734,0.8244994,1.0,0.82103246,0.7791472682089551,0.98517144,0.45729262,0.746025823482143,0.3085484952440476,0.19084324,1
1.0,0.74422914,0.9785462,0.7748958,0.64782095,0.8713764,0.47804248,0.9689594,0.9894636,0.34793502,0.72705275,0.21716085,0.18179324,1
0.9999754,0.9493873,0.77799445,0.80240214,0.76560664,0.908166,0.21113598,0.55798465,0.9979963,0.21133798,0.83372813,0.32895464,0.31056187,1
1.0,0.96904385,0.93584234,0.6152078,0.64782095,0.79102415,0.29300356,0.8547652,0.99481034,0.65242803,0.7491532,0.39728746,0.42219839,1
1.0,0.96455765,0.9353019,0.61722994,0.76560664,0.93100536,0.29237378,0.8555814,0.99867594,0.6490212,0.7980487,0.38323188,0.5085661,1
0.7425221,0.8764346,0.74292564,0.81553006,0.058892846,0.9367776,0.2373892,0.46242547,0.99076873,0.23425557,0.7135544,0.30837944,0.17316946,1
0.99976456,0.9163277,0.86067104,0.9031416,0.58892816,0.97622,0.3527583,0.75762945,1.0,0.40380028,0.6272665,0.2579695,0.4386805,1
1.0,0.9510418,0.9343289,0.709368,0.64782095,0.90713537,0.3410914,0.8789258,0.9628531,0.30174276,0.7893771,0.2952687,0.13692892,1
0.9238235,0.87019295,0.8171794,0.9847966,0.058892846,0.9830302,0.24496472,0.6186827,0.99162334,0.49500012,0.70175856,0.2802613,0.33369288,1
1.0,0.92537624,0.86124563,0.8980632,0.64782095,0.90452754,0.3539045,0.75412184,0.99231005,0.40179175,0.7798657,0.27077663,0.25004137,1
0.996504,0.82519746,0.9130412,0.752393,0.76560664,0.9265081,0.20900345,0.8704797,1.0,0.2443974,0.7712582,0.4176654,0.47734496,1
0.99999183,0.89736646,0.8426448,0.8685789,0.76560664,0.9355016,0.36460054,0.7425873,1.0,0.77836686,0.8024272,0.41109306,0.51636785,1
1.0,0.98705006,0.9858399,0.8000738,0.58892816,0.6553166,0.36613756,0.96067977,0.9979145,0.45770347,0.7620605,0.33398414,0.29731986,1
0.8222617,0.92360014,0.8484297,0.96079296,0.76560664,0.9536527,0.17489976,0.7395539,0.9975244,0.44553077,0.64852315,0.21493946,0.3168765,1
0.9963393,0.92200327,0.8455179,0.86254233,0.76560664,0.9366745,0.3721292,0.74170816,1.0,0.78064907,0.8036742,0.36257732,0.5373067,1
1.0,0.86451185,0.9975881,0.52892554,0.64782095,0.53352785,0.4242698,0.98141265,0.98523027,0.8780886,0.5840904,0.076249965,0.05715772,1
1.0,0.9994409,0.9892243,0.94657004,0.76560664,0.906229,0.20641112,0.9678159,0.9938804,0.4226738,0.7171307,0.36395252,0.12873964,1
0.99960816,0.9839884,0.9212449,0.6382191,0.64782095,0.94419307,0.28179002,0.8435359,0.9918031,0.6119053,0.90583575,0.2667061,0.4462112,1
0.968097,0.9213939,0.8752617,0.9590055,0.64782095,0.936394,0.34319878,0.7682763,0.9602913,0.44168133,0.7099913,0.23815954,0.07760011,1
1.0,0.89677805,0.93096584,0.73195744,0.8244994,0.8050357,0.37052417,0.84024525,0.9356973,0.29282895,0.8294429,0.288439,0.13008304,1
1.0,0.8874625,0.8896752,0.969031,0.76560664,0.6325117,0.1278311,0.8574492,0.9993256,0.48481014,0.79375935,0.36349267,0.43107498,1
1.0,0.7867023,0.9792809,0.75930464,0.76560664,0.78890914,0.44029534,0.96943635,1.0,0.29627404,0.712858,0.4218323,0.45909142,1
1.0,0.53269935,0.97323173,0.69351083,0.64782095,0.54195225,0.38631546,0.94437814,0.99046427,0.82718873,0.74131674,0.20501229,0.19964558,1
0.91378635,0.93815416,0.7319465,0.93734324,0.76560664,0.9259944,0.21850336,0.3868764,1.0,0.15384385,0.7514674,0.3883132,0.21913998,1
1.0,0.96465296,0.64022565,0.95303154,0.058892846,0.98535746,0.32373476,0.7246896,0.96146834,0.29959556,0.56411004,0.058335334,0.08253342,1
1.0,0.8459429,0.9139747,0.7539378,0.76560664,0.9274096,0.20636135,0.88717914,1.0,0.24197498,0.83678293,0.32693794,0.5275753,1
1.0,0.8622104,0.9098728,0.74904966,0.58892816,0.9585791,0.21623546,0.8236919,0.9894446,0.25800654,0.6365957,0.31894597,0.040267102,1
0.82226133,0.8951392,0.89463675,0.9316244,0.058892846,0.9509364,0.18996519,0.8514522,0.98361266,0.55319273,0.63503337,0.19828027,0.16673061,1
1.0,0.9619978,0.996112,0.9090884,0.64782095,0.7570523,0.20418036,0.9855266,0.96494436,0.5303467,0.67226857,0.3756673,0.078608565,1
1.0,0.89764065,0.97487444,0.9201707,0.64782095,0.91334087,0.3490001,0.9313625,0.9903803,0.48028967,0.8201455,0.2786982,0.13716464,1
1.0,0.8459429,0.9139747,0.7539378,0.76560664,0.9274096,0.20636135,0.88717914,1.0,0.24197498,0.83678293,0.32693794,0.5275753,1
1.0,0.97036767,0.9523393,0.9702407,0.64782095,0.83235085,0.75872505,0.97885746,0.9762817,0.57387453,0.82457775,0.2606762,0.17867593,1
0.99523103,0.95914537,0.77678746,0.79938567,0.64782095,0.94382197,0.21097475,0.56072664,0.9899934,0.21823105,0.8305971,0.31833294,0.18336044,1
1.0,0.93733126,0.94783497,0.8801778,0.64782095,0.9764206,0.1694302,0.88449955,0.99576235,0.5201378,0.8081659,0.3303635,0.16006392,1
0.9848373,0.9860572,0.8775209,0.99272054,0.058892846,0.9713063,0.26403278,0.62483037,0.97935057,0.57079536,0.6862481,0.19714011,0.16026483,1
1.0,0.9709696,0.6184237,0.94323564,0.64782095,0.89121926,0.2403298,0.40349126,0.95175344,0.06534759,0.80129206,0.3275126,0.13404733,1
1.0,0.98392713,0.8622184,0.945416,0.64782095,0.9928489,0.16576463,0.79811573,0.933059,0.44521376,0.78473294,0.33754608,0.2907057,1
0.999984,0.91605526,0.8608525,0.9022219,0.58892816,0.9710332,0.3529219,0.75712603,0.9974038,0.40356442,0.7066081,0.27683535,0.41141972,1
1.0,0.98392713,0.8622184,0.945416,0.64782095,0.9928489,0.16576463,0.79811573,0.933059,0.44521376,0.78473294,0.33754608,0.2907057,1
0.9909682,0.903007,0.8528271,0.9238125,0.64782095,0.9483041,0.34579003,0.75752485,0.991445,0.40314776,0.8711783,0.34121773,0.10390493,1
1.0,0.9867866,0.984368,0.7368438,0.76560664,0.92593336,0.2921906,0.9637611,1.0,0.1550595,0.7403246,0.2918271,0.21553749,1
1.0,0.77065676,0.9478198,0.7518561,0.58892816,0.94038415,0.21768123,0.9138595,1.0,0.1746086,0.79714406,0.35400966,0.46377593,1
0.83252203,0.96029055,0.7896322,0.9624507,0.058892846,0.964804,0.3170222,0.7012081,0.98396987,0.46976236,0.7028477,0.2036018,0.15146366,1
1.0,0.96493,0.97750837,0.68685615,0.64782095,0.86781245,0.2453183,0.95602655,0.9550102,0.8185101,0.86248136,0.210451,0.10406644,0
1.0,0.8098737,0.9857903,0.5403305,0.64782095,0.9114032,0.31462276,0.96194243,0.9477405,0.28364715,0.6478609,0.41049987,0.21950175,0
0.99951273,0.8289707,0.9598453,0.18963659,0.58892816,0.8527646,0.24065006,0.9238114,1.0,0.59373456,0.8059352,0.36264855,0.3707554,0
1.0,0.84146327,0.9784291,0.8841919,0.64782095,0.9519909,0.3607337,0.9482863,0.97401655,0.56493044,0.844214,0.32618132,0.14885655,0
0.99553597,0.94871193,0.9449689,0.98147494,0.76560664,0.9439508,0.2850598,0.9372336,0.9953103,0.43148288,0.8048005,0.2601172,0.18499787,0
1.0,0.9040958,0.9216409,0.8631535,0.64782095,0.98347807,0.30952758,0.89759034,0.97759277,0.6811469,0.7267162,0.28701732,0.14129043,0
1.0,0.53442234,0.972187,0.11788952,0.64782095,0.8071213,0.36809778,0.97271836,0.95558345,0.37820908,0.7953624,0.27898592,0.16062266,0
0.79448634,0.9717239,0.7312466,0.9064543,0.058892846,0.9874862,0.37248766,0.7351438,0.97738,0.324633,0.61782837,0.13823427,0.15754078,0
1.0,0.8190075,0.9765067,0.9903533,0.5300354,0.85884833,0.32524627,0.9694368,0.8870131,0.5353484,0.7639301,0.268164,0.10406644,0
1.0,0.93888944,0.89401865,0.7149818,0.8244994,0.9795476,0.4590373,0.7949364,0.99345934,0.38116607,0.7871798,0.36953315,0.2814982,0
0.8963093,0.8295498,0.86896104,0.9866446,0.058892846,0.97260135,0.3444733,0.7222365,0.9777418,0.5416337,0.5536731,0.111406624,0.0,0
1.0,0.9800163,0.92220557,0.9936626,0.76560664,0.6259328,0.22271335,0.9222008,1.0,0.2000826,0.8112301,0.3567758,0.2746523,0
1.0,0.9038162,0.9451041,0.9718159,0.76560664,0.6118266,0.0,0.93417853,1.0,0.617245,0.94053817,0.3579252,0.26304767,0
1.0,0.7333506,0.96831524,0.9863197,0.5300354,0.95555836,0.25922555,0.9588276,0.80365133,0.54840773,0.7644638,0.21704431,0.10406644,0
1.0,0.7850046,0.9652676,0.97993237,0.64782095,0.96706164,0.28603494,0.96111417,0.9868854,0.75579506,0.7698422,0.28454736,0.11147105,0
0.99994165,0.98636836,0.86048424,0.9974018,0.64782095,0.714059,0.5115446,0.9591895,0.98183495,0.5593977,0.8383065,0.24719022,0.10406644,0
1.0,0.9767586,0.9811966,0.99752027,0.8244994,0.9061033,0.38595277,0.947998,0.9450915,0.51140255,0.77436125,0.24562785,0.17471164,0
1.0,0.7048987,0.98229605,0.9665693,0.76560664,0.8068506,0.25214154,0.9719593,0.9962519,0.8409729,0.79765815,0.36849838,0.26560628,0
1.0,0.97059894,0.80916464,0.92433804,0.64782095,0.9817797,0.36128747,0.5232045,0.99020225,0.4194894,0.84272075,0.28251907,0.20508976,0
1.0,0.8153752,0.9860966,0.5396687,0.8244994,0.53222203,0.30839342,0.9579455,0.9862635,0.34398696,0.6933835,0.3002519,0.13584626,0
1.0,0.87268615,0.98048043,0.96051943,0.64782095,0.8352132,0.82334155,0.9560424,0.9795647,0.5475855,0.85996324,0.29426605,0.122839935,0
1.0,0.9086931,0.9030287,0.73514295,0.76560664,0.95760894,0.23334056,0.7208911,1.0,0.33891174,0.7966611,0.3702933,0.41526127,0
0.9112754,0.96968377,0.8086216,0.8673706,0.058892846,0.9944311,0.35800833,0.7285446,0.97168124,0.3548855,0.72970605,0.18715788,0.19064295,0
0.9954046,0.9364559,0.93739146,0.9945308,0.64782095,0.95317537,0.12122917,0.8938739,0.9716164,0.4713586,0.78926927,0.29667848,0.16350427,0
1.0,0.82085717,0.9690142,0.9709821,0.64782095,0.76458097,0.22029716,0.954121,0.97129524,0.19205941,0.65989107,0.18611746,0.0028816047,0
1.0,0.91280323,0.9911159,0.93577063,0.8244994,0.45310247,0.15341228,0.9573294,0.94362074,0.4002641,0.7269259,0.24888554,0.2907057,0
1.0,0.8135163,0.99331737,0.9688038,0.8244994,0.76322514,0.13673049,0.9620915,0.9869559,0.06246471,0.74152255,0.33351454,0.2674092,0
1.0,0.8340724,0.943082,0.57053566,0.64782095,0.87522715,0.31356543,0.9434518,0.98389757,0.26440656,0.8600901,0.34986904,0.11147105,0
0.9999946,0.8589169,0.98568404,0.89565337,0.64782095,0.8429738,0.20195848,0.9439562,0.9822991,0.40405354,0.75326353,0.33471745,0.14473076,0
1.0,0.7486568,0.96252495,0.9074828,0.64782095,0.8034684,0.2705089,0.94849825,0.8641517,0.81903994,0.7230709,0.2609738,0.13008304,0
1.0,0.8022361,0.9838861,0.6828617,0.76560664,0.9107256,0.2454207,0.9698794,0.9984946,0.44219702,0.9255637,0.34185743,0.31944242,0
0.8857359,0.6009939,0.9118064,0.99736816,0.058892846,0.9897053,0.38661665,0.9113767,0.99100995,0.788679,0.66718936,0.20062903,0.3394561,0
0.9934906002249686,0.8610292,0.9964544,1.0,0.76560664,0.829142,0.324593883307744,0.9908473,0.9480749017865046,0.5118639897836549,0.75684047,0.3692393,0.11167198,0
1.0,0.9898152,0.7986467,0.97686595,0.64782095,0.9603508,0.41169202,0.57933426,0.96732545,0.4921482,0.8426901,0.26747334,0.17074738,0
0.927135,0.90059036,0.71684015,0.9495224,0.058892846,0.96765417,0.33041662,0.4349482,0.9890992,0.25065583,0.5913705,0.13830978,0.0,0
1.0,0.69496787,0.9712758,0.48763168,0.76560664,0.7955576,0.2914428,0.94536346,0.9979255,0.79303116,0.8799581,0.31026128,0.2793368,0
1.0,0.852062,0.9861081,0.6550509,0.76560664,0.7380093,0.26339024,0.96362174,1.0,0.4050814,0.8116644,0.2924983,0.12720144,0
0.9859433,0.73788583,0.92093265,0.9997173,0.64782095,0.946586,0.2991683,0.89965665,0.9779746,0.84762394,0.82941306,0.2341689,0.18608055,0
1.0,0.9774439,0.986201,0.91987634,0.58892816,0.31209403,0.20641112,0.9625555,1.0,0.40175343,0.77191377,0.4264934,0.6874777,0
1.0,0.81439435,0.99372596,0.96150684,0.64782095,0.41966385,0.17675316,0.9738173,0.84883076,0.19047502,0.7441434,0.30286703,0.18952087,0
1.0,0.86615664,0.9539069,0.9547706,0.64782095,0.92005754,0.49819857,0.93409973,0.97162634,0.75059646,0.87357175,0.20062985,0.10406644,0
0.9996401,0.7903316,0.9428538,0.99566585,0.64782095,0.91916895,0.27704126,0.8980488,0.97659236,0.54334754,0.8886163,0.31128064,0.10406644,0
1.0,0.9427619,0.93495625,0.8403373,0.58892816,0.8970879,0.44593436,0.89135003,0.95544124,0.22925009,0.6534619,0.35681462,0.11419115,0
0.9877966,0.81788284,0.89182127,0.89704764,0.58892816,0.9834926,0.20424193,0.78315794,0.9744322,0.029759843,0.64684266,0.46940345,0.05763492,0
1.0,0.93678695,0.9522219,0.62490815,0.5300354,0.88663137,0.31702423,0.95021427,0.7991862,0.54847944,0.78140926,0.23131758,0.15173817,0
1.0,0.9676183,0.9706912,0.98865986,0.8244994,0.87140566,0.38476044,0.9902604,0.7528857,0.50450194,0.67862093,0.3563456,0.23375225,0
1.0,0.95392674,0.968601,0.98217475,0.64782095,0.98443526,0.21770048,0.92454,0.98800844,0.2849553,0.7988468,0.24641603,0.36042973,0
0.8659095,0.9722086,0.79446864,0.88962615,0.76560664,0.9859784,0.20918703,0.6550212,0.95292324,0.31704256,0.7106427,0.2551482,0.102319986,0
1.0,0.64146984,0.9827776,0.9663678,0.64782095,0.9384154,0.2858376,0.9599163,0.9446575,0.7924059,0.81352955,0.26999637,0.11147105,0
1.0,0.9570694,0.8421937,0.9952611,0.64782095,0.9394977,0.43568122,0.73463625,0.99484605,0.60282,0.8812047,0.33463293,0.16366577,0
1.0,0.7563605,0.96448284,0.8932087,0.64782095,0.95615846,0.086295545,0.9265448,0.99123347,0.53610796,0.78906244,0.23559234,0.12448134,0
1.0,0.8652494,0.8534595,0.90521455,0.58892816,0.9851633,0.6644385,0.782896,0.96755093,0.3053459,0.62118995,0.37651336,0.119958326,0
1.0,0.591713,0.9251426,0.99443346,0.76560664,0.73133093,0.34414315,0.9067392,1.0,0.7148299,0.9710295,0.37229112,0.3613549,0
1.0,0.80793107,0.96524084,0.72383964,0.64782095,0.9014329,0.19771624,0.9560452,0.83010036,0.44911987,0.73943406,0.22051801,0.16786577,0
1.0,0.8203592,0.9748112,0.87609076,0.76560664,0.8003436,0.50574213,0.964501,0.99498117,0.6573748,0.72844946,0.37623096,0.24155408,0
0.7546143,0.8953493,0.8833548,0.9638524,0.058892846,0.9387058,0.88892627,0.8768521,0.99449813,0.60067964,0.72971964,0.26048636,0.17475104,0
0.97826195,0.96626437,0.63966006,0.9025304,0.76560664,0.9884395,0.2516533,0.3319751,0.99634075,0.180045,0.85067683,0.3728808,0.41626576,0
1.0,0.9716538,0.9477808,0.99853516,0.64782095,0.97358036,0.41489714,0.93681705,0.87934685,0.717665,0.7950869,0.31605795,0.13008304,0
1.0,0.5603606,0.9884633,0.8431933,0.64782095,0.6903171,0.12821937,0.9799915,0.68472207,0.62081414,0.72461814,0.29361054,0.17923465,0
1.0,0.6333992,0.9696834,0.50082564,0.64782095,0.87037617,0.33817005,0.9734111,0.9523893,0.66283303,0.76009905,0.28767848,0.13008304,0
1.0,0.92077965,0.68961644,0.9352764,0.58892816,0.98132664,0.24150985,0.55910873,0.9920228,0.21777906,0.8007503,0.29047686,0.28837886,0
1.0,0.9746232,0.96072674,0.7811229,0.76560664,0.7949163,0.21038145,0.947117,0.9558532,0.40296483,0.8048821,0.28362918,0.14004625,0
1.0,0.953828,0.9934948,0.92264867,0.76560664,0.62160355,0.15277737,0.9578093,1.0,0.31334573,0.8118283,0.39142728,0.48690698,0
1.0,0.87870777,0.9681202,0.8979597,0.64782095,0.5961779,0.2883966,0.93184847,0.9713068,0.71152276,0.8119422,0.29512712,0.10406644,0
1.0,0.8474901,0.93087214,0.94065666,0.058892846,0.8662822,0.4803247,0.92411214,0.9685507,0.3308994,0.6932819,0.29979193,0.18211626,0
1.0,0.636014,0.9768079,0.99188614,0.64782095,0.7682973,0.28091115,0.9498484,0.9843686,0.8367329,0.91163653,0.37789732,0.16498019,0
0.99984384,0.6679659,0.9669825,0.75573635,0.76560664,0.877939,0.3790818,0.9438949,0.9978448,0.8365766,0.92280793,0.2605865,0.40614104,0
1.0,0.72593296,0.9734889,0.3115971,0.64782095,0.9172567,0.37737054,0.87709594,0.8881867,0.5230002,0.8633248,0.30041552,0.10694805,0
1.0,0.394549,0.9752274,0.4044158,0.8244994,0.8545501,0.33722717,0.9789162,0.8928325,0.6457805,0.768537,0.3087085,0.19948408,0
0.9973749,0.99639606,0.82226616,0.9956413,0.058892846,0.9614049,0.13018423,0.64773667,0.9981783,0.41798896,0.67795515,0.18141787,0.22892334,0
1.0,0.82395387,0.98302686,0.5185065,0.64782095,0.9602562,0.3456062,0.95794344,0.99548465,0.22957213,0.7112716,0.25338858,0.18896213,0
0.9994992,0.9556201,0.94063133,0.98675853,0.64782095,0.9089477,0.44322765,0.9239164,0.99391,0.78855646,0.8289463,0.29100215,0.18071058,0
1.0,0.84514,0.9528064,0.9881461,0.64782095,0.8347717,0.292751,0.89379436,0.9786901,0.70398784,0.81729364,0.34517333,0.10406644,0
0.99512315,0.96497166,0.82354677,0.9992096,0.64782095,0.898698,0.42238778,0.86256444,0.96178484,0.21168533,0.8436081,0.25510532,0.24715976,0
0.9993097,0.74442977,0.9601703,0.19380534,0.58892816,0.9486791,0.20560092,0.9508042,0.98578775,0.59169126,0.87232584,0.3982897,0.29138717,0
1.0,0.8216313,0.9677136,0.9257511,0.76560664,0.9634467,0.7656199,0.9457937,0.99761033,0.6745779,0.8041212,0.33545563,0.36351228,0
1.0,0.8245181,0.98559165,0.52409685,0.76560664,0.8999746,0.24863154,0.9488731,1.0,0.26613364,0.89808434,0.33977392,0.48582828,0
1.0,0.8386991,0.9908311,0.8639484,0.76560664,0.5971586,0.15690958,0.94665,1.0,0.30493423,0.77403605,0.34761465,0.4173484,0
1.0,0.80176514,0.9437895,0.66279745,0.64782095,0.94534755,0.2309857,0.94336987,0.9590802,0.4119223,0.8529584,0.3337694,0.10406644,0
1.0,0.8884704,0.9811389,0.9614544,0.64782095,0.9453561,0.10495335,0.9384363,0.98100847,0.38462377,0.8301227,0.32398954,0.13748765,0
1.0,0.43433392,0.9699945,0.08944142,0.64782095,0.65509176,0.2923318,0.98665756,0.9776006,0.38833314,0.82887685,0.24264833,0.1472191,0
1.0,0.9234674,0.95996505,0.97411704,0.8244994,0.93350995,0.12561578,0.94318014,0.8809113,0.4856918,0.7391069,0.35544735,0.24155408,0
1.0,0.8566804,0.98506474,0.9005792,0.64782095,0.8323809,0.36384392,0.952032,0.9904196,0.35294402,0.73472947,0.33838904,0.16046116,0
1.0,0.9811725,0.9653461,0.9991954,0.8244994,0.70933276,0.90007293,0.895456458681224,0.97342765,0.46068224,0.78875977,0.3073256,0.11419115,0
1.0,0.94850385,0.9930896,0.9467401,0.76560664,0.8071079,0.13684338,0.94711405,1.0,0.041758616,0.7722753,0.4026692,0.48419085,0
1.0,0.89790803,0.9562627,0.99990445,0.64782095,0.8074698,0.343854,0.9303002,0.9774663,0.62165034,0.68215287,0.13480496,0.07087298,0
1.0,0.8661089,0.96719706,0.9521029,0.58892816,0.8857549,0.32163382,0.9480355,0.9985713,0.707326,0.8359733,0.379046,0.39693746,0
1.0,0.86002177,0.9750786,0.98570526,0.64782095,0.91989666,0.31857812,0.9693568,0.87414527,0.5569595,0.71873355,0.29175732,0.10406644,0
0.9986767,0.97137797,0.97677815,0.9989751,0.64782095,0.93371904,0.3066154,0.9440307,0.9948014,0.66364616,0.76287884,0.3429992,0.16746853,0
1.0,0.7189492,0.97457206,0.7272193,0.64782095,0.98290485,0.37856978,0.93829614,0.9567248,0.7840436,0.8837971,0.19894037,0.12267843,0
1.0,0.6261679,0.9932346,0.9964044,0.64782095,0.6607733,0.18210983,0.9839926,0.616765,0.3669023,0.74594736,0.25069436,0.17199154,0
1.0,1.0,0.9964232,0.94016486,1.0,0.9936978,0.20458871,0.97507393,0.9518154,0.5774459,0.48335725,0.49973455,0.0,0
1.0,1.0,0.87717015,0.98457974,1.0,1.0,0.17514992,0.8765771,0.86060876,0.3669134,0.45261467,0.265292,0.0,0
1.0,0.86063087,0.9365853,0.94324565,0.58892816,0.92900085,0.20404202,0.8751581,0.98383874,0.27695537,0.6355964,0.4548058,0.19624402,0
1.0,0.9003425,0.93237495,0.9846664,0.64782095,0.9380469,0.277853,0.91932726,0.71398693,0.8431988,0.7366072,0.27045155,0.10406644,0
1.0,0.94194,0.9832101,0.5787814,0.76560664,0.794522,0.39399368,0.9376463,0.9925558,0.652795,0.8246799,0.2801157,0.30098796,0
0.9979756,0.98959875,0.61944234,0.9974924,0.64782095,0.97751504,0.1430853,0.45237678,0.9768599,0.22284259,0.8345734,0.22171383,0.25292298,0
1.0,0.98627067,0.96228635,0.9573533,0.76560664,0.9445934,0.51587474,0.9441225,1.0,0.474478,0.7824365,0.33334562,0.32520562,0
1.0,0.84336996,0.93261456,0.57053685,0.64782095,0.87975967,0.31356543,0.9363552,0.9796576,0.33724174,0.87502235,0.29566017,0.10406644,0
1.0,0.9332685,0.9619148,0.95955634,0.64782095,0.9626864,0.70994556,0.9279514,0.9635335,0.48824674,0.86917025,0.2583838,0.09682333,0
1.0,0.85759354,0.96926767,0.6058702,0.64782095,0.91446257,0.17467928,0.9581886,0.82402116,0.47391105,0.7726686,0.2955537,0.16062266,0
1.0,0.6870903,0.94595087,0.95868164,0.64782095,0.96278167,0.40334696,0.90404457,0.9616125,0.7927603,0.89295846,0.3146237,0.13008304,0
1.0,0.84877944,0.87579733,0.95984215,0.58892816,0.92151344,0.37654084,0.925767,1.0,0.40006217,0.75032336,0.28387222,0.27432135,0
1.0,0.9189998,0.8937972,0.9704458,0.64782095,0.94771624,0.19878292,0.8018565,0.9839337,0.41777098,0.8442565,0.29010037,0.119958326,0
1.0,0.90882677,0.96487147,0.5737891,0.64782095,0.96611726,0.26841623,0.9520442,0.93867445,0.65314937,0.73487204,0.2949186,0.10858945,0
1.0,0.7872684,0.99493754,0.94176924,0.58892816,0.7320194,0.1469279,0.96904033,1.0,0.09445928,0.73956937,0.30470797,0.30083042,0
1.0,0.89106953,0.9828234,0.6478868,0.64782095,0.90021104,0.25057977,0.953727,0.98973954,0.4909826,0.7807843,0.2289738,0.10406644,0
1.0,0.9263097,0.96581656,0.65355694,0.64782095,0.9421843,0.11656916,0.96241957,0.98857105,0.67353696,0.8683515,0.295725,0.12448134,0
1.0,0.9456938,0.9768515,0.9875506,0.64782095,0.9126968,0.28846753,0.9661361,0.84116095,0.6383033,0.71827704,0.28786898,0.10694805,0
1.0,0.7946482,0.9263814,0.8592156,0.64782095,0.91014045,0.62648565,0.92166847,0.9662344,0.75041443,0.8689509,0.2692371,0.122839935,0
1.0,0.9233673,0.9797475,0.8468557,0.64782095,0.96000445,0.3288992,0.945985,0.97190297,0.39012223,0.8303068,0.33472404,0.17923465,0
1.0,0.96290034,0.7774999,0.87241447,0.58892816,0.9544192,0.5944598,0.593987,0.9895038,0.30671698,0.59390277,0.39720327,0.12431586,0
1.0,0.77281916,0.98937726,0.9157044,0.64782095,0.49773479,0.11579591,0.93169993,0.9108693,0.50848746,0.7455972,0.32699403,0.17018864,0
1.0,0.7714665,0.95716065,0.9930482,0.64782095,0.95234793,0.328106,0.9366836,0.9713135,0.7281299,0.8745554,0.35361323,0.13008304,0
1.0,0.91130817,0.94308555,0.9996648,0.5300354,0.9676306,0.19341087,0.88998735,0.9719956,0.56776136,0.7309851,0.2688285,0.09954342,0
0.9263387,0.92443126,0.7690355,0.98142236,0.058892846,0.95120823,0.39496624,0.76882005,0.9958999,0.20237851,0.7259205,0.3231562,0.29038268,0
1.0,0.90199745,0.9821621,0.7662147,0.64782095,0.8712418,0.25516886,0.95620745,0.9961782,0.7734952,0.817365,0.2961941,0.3470302,0
1.0,0.9930491,0.9853809,0.5887988,1.0,0.9873046,0.26221764,0.9626124,0.98335886,0.21955855,0.66895616,0.34029353,0.13732615,0
1.0,0.76892984,0.98098075,0.92888856,0.64782095,0.9743947,0.79298735,0.9540917,0.9642526,0.48652667,0.8785114,0.34154433,0.04727449,0
1.0,0.95978206,0.96740633,0.33447933,0.64782095,0.91463214,0.26229322,0.92030734,0.994551,0.6588705,0.7998807,0.28518108,0.38088012,0
0.9952907,0.823142,0.8797385,0.9979152,0.76560664,0.9119375,0.41464406,0.85276604,1.0,0.4577299,0.83931047,0.45798093,0.27533776,0
0.9999516,0.99454683,0.8797678,0.99768734,0.058892846,0.9480819,0.8333596,0.898726,0.98356116,0.67760724,0.66701233,0.31042805,0.1829632,0
1.0,0.6814053,0.98445904,0.9982186,0.64782095,0.8469783,0.2680689,0.9501504,0.8638068,0.7263213,0.7824697,0.23408718,0.10118483,0
0.9986227,0.9220767,0.93354106,0.89778817,0.64782095,0.90419006,0.64737654,0.9201894,0.98470557,0.8201217,0.869976,0.27785942,0.115435325,0
1.0,0.5756524,0.9928379,0.96248317,0.8244994,0.8686488,0.19060183,0.99191004,0.4845059,0.449192,0.736572,0.38437566,0.21989898,0
1.0,0.8420053,0.98467964,0.6283817,0.58892816,0.89517176,0.3156044,0.97068655,1.0,0.27364373,0.8975286,0.37245214,0.23867248,0
1.0,0.8387041,0.96512264,0.93697834,0.64782095,0.87028694,0.5549469,0.9176072,0.96925074,0.7240068,0.7692063,0.2738526,0.118714154,0
1.0,0.9624833,0.9201219,0.9868149,0.8244994,0.71670985,0.22157264,0.9584773,0.989085,0.53326374,0.73175246,0.37833646,0.17775476,0
1.0,0.85547006,0.986318,0.60387474,0.64782095,0.8848786,0.28338206,0.9761791,0.90664524,0.43314743,0.64068043,0.418035,0.0,0
1.0,0.676156,0.99268633,0.6331129,0.64782095,0.8124666,0.3842309,0.96116674,0.9946747,0.5138301,0.8268724,0.2894576,0.38028595,0
1.0,0.9464788,0.9700214,0.7035593,0.58892816,0.9726512,0.2799148,0.91068494,0.9514843,0.4504167,0.58571196,0.44663638,0.0,0
1.0,0.71131617,0.99311006,0.99297553,0.5300354,0.72669315,0.17697537,0.9737795,0.74807215,0.3503052,0.73624325,0.360426,0.32848844,0
1.0,0.64700156,0.95526385,0.93752974,0.64782095,0.88955927,0.38946497,0.9185683,0.99253416,0.58720434,0.81053114,0.2259431,0.37632564,0
1.0,0.9843385,0.9670213,0.99979436,0.64782095,0.8497151,0.3864212,0.93985885,0.9902908,0.66442233,0.69174796,0.22784951,0.11419115,0
1.0,0.98007286,0.8051381,0.9280287,0.058892846,0.9949731,0.174927,0.72763973,0.9683201,0.19821537,0.60809237,0.18794101,0.0,0
1.0,1.0,0.97798043,0.40732044,1.0,1.0,0.24274904,0.895456458681224,0.9723282,0.010305288,0.4796928,0.51694775,0.0,0
1.0,0.82066065,0.8433721,0.99052364,0.76560664,0.9378511,0.409191,0.77757835,1.0,0.42910966,0.8047824,0.4973162,0.5779711,0
1.0,0.88154846,0.9659407,0.92692304,0.64782095,0.94776815,0.71182525,0.9456511,0.9898174,0.7621352,0.82869184,0.29109478,0.14761238,0
0.9961068,0.9324918,0.8881019,0.7922605,0.58892816,0.9243498,0.23309726,0.83748376,0.9960042,0.44266295,0.70038635,0.3337651,0.33385837,0
1.0,0.6960536,0.9819148,0.68269587,0.5300354,0.8495485,0.34012067,0.9680146,0.88339186,0.21564914,0.78505355,0.24772745,0.13008304,0
1.0,0.81497616,0.9827435,0.96906525,0.64782095,0.9471374,0.12573272,0.9454426,0.9663963,0.7052249,0.7401001,0.28811854,0.12267843,0
0.90103555,0.88334656,0.6483953,0.9574598,0.058892846,0.9634648,0.19093621,0.21636426,0.98471135,0.083578154,0.72003704,0.2509496,0.15613906,0
1.0,0.87048477,0.9849807,0.7579907,0.76560664,0.78336793,0.31045794,0.9662712,1.0,0.27354524,0.78539276,0.38696548,0.68079334,0
1.0,0.6144967,0.996464,0.53845537,0.5300354,0.8076469,0.3870685,0.9918318,0.6918576,0.5381686,0.7936608,0.37297878,0.18211626,0
1.0,0.91978323,0.9836854,0.95174026,0.64782095,0.56098264,0.2134096,0.9428008,0.9942569,0.3277408,0.7611535,0.26155162,0.25004137,0
1.0,0.84749806,0.9631131,0.51771736,0.64782095,0.94681877,0.34419292,0.9302287,0.9915365,0.7215982,0.82202256,0.29078603,0.32848445,0
1.0,0.7018368,0.9679542,0.9368964,0.8244994,0.8580027,0.10856438,0.90692526,0.95890886,0.627287,0.76901364,0.26757514,0.16350427,0
1.0,0.9051802,0.7734573,0.8549052,0.76560664,0.94671375,0.45434988,0.7951032,1.0,0.3024852,0.7682003,0.34654382,0.31711558,0
0.99967176,0.8744294,0.89618504,0.9169435,0.64782095,0.91056883,0.59159994,0.8677015,0.96661514,0.59564257,0.8450571,0.29526174,0.14869505,0
1.0,0.9572227,0.99575615,0.98686856,0.64782095,0.499821,0.17319518,0.98768336,0.6339847,0.24270283,0.7573024,0.33798996,0.13008304,0
1.0,0.9236337,0.92303574,0.9744148,0.058892846,0.84108615,0.14204937,0.8881964,0.98988444,0.36492476,0.6110525,0.16428171,0.077364385,0
1.0,0.7437353,0.9674458,0.9624413,0.64782095,0.943365,0.28116214,0.95881456,0.94871145,0.7644766,0.75692374,0.36922956,0.13008304,0
1.0,0.9960686,0.9670526,0.9829851,0.64782095,0.86896026,0.28858364,0.9370406,0.95877475,0.783627,0.70754194,0.31623775,0.19184375,0
1.0,0.9561696,0.9618151,0.6835973,0.58892816,0.96212536,0.2449317,0.9319942,0.968361,0.22712682,0.7183984,0.44074106,0.14885655,0
1.0,0.9042168,0.9125488,0.97042966,0.76560664,0.38234073,0.19739598,0.8049141,1.0,0.596035,0.7803945,0.44583204,0.37147564,0
1.0,0.9528824,0.922486,0.9716595,0.64782095,0.8662969,0.2228365,0.90724856,0.9939195,0.23198843,0.7618748,0.3666627,0.17471164,0
0.972988,0.84809685,0.8714935,0.9799666,0.058892846,0.9400133,0.33298093,0.7968886,0.9719573,0.50877964,0.652137,0.19697657,0.05934656,0
1.0,0.8491956,0.9851251,0.969911,0.64782095,0.9070263,0.30894917,0.9643544,0.8602066,0.5996534,0.73083615,0.29114264,0.10406644,0
0.8097242,0.9633528,0.8230706,0.8314492,0.058892846,0.90587556,0.44467473,0.6436303,0.9885936,0.25531048,0.676682,0.17901868,0.20778818,0
1.0,0.8354099,0.9769823,0.6705415,0.76560664,0.7390815,0.24441862,0.94940937,1.0,0.84889233,0.8788812,0.33250877,0.51636785,0
1.0,0.9475858,0.9359776,0.91054237,0.58892816,0.9969573,0.25932384,0.90100807,0.9218897,0.09379981,0.7184502,0.3241946,0.0,0
0.9771061,0.9477317,0.88633144,0.92459244,0.76560664,0.883603,0.39683664,0.8740133,0.9954817,0.39638355,0.7531924,0.30845213,0.35879233,0
1.0,0.8801405,0.9699423,0.9897925,0.64782095,0.9451598,0.2949658,0.95374167,0.9785707,0.77255017,0.89031327,0.23935555,0.23539366,0
0.9961893,0.86661935,0.9291665,0.905267,0.58892816,0.96596533,0.5010407,0.89903486,0.9640058,0.2607218,0.6439534,0.27678907,0.15734382,0
1.0,0.99567056,0.81139314,0.93696344,0.64782095,0.96498615,0.23617482,0.75258195,0.9598655,0.43768987,0.8462341,0.29975247,0.19280368,0
0.9946404,0.9766968,0.92986107,0.9998879,0.58892816,0.9623876,0.25932384,0.9278191,1.0,0.14492884,0.7520398,0.20472288,0.40201128,0
0.9629826,0.88644314,0.926917,0.7175237,0.058892846,0.9319817,0.2211864,0.9121819,0.9900152,0.32625335,0.7517035,0.2891867,0.30259854,0
0.8956789,0.9859384,0.9048456,0.9953951,0.058892846,0.9891191,0.6195198,0.88150275,0.90277475,0.456329,0.67276627,0.25950885,0.104520135,0
1.0,0.8886126,0.9371784,0.9559684,0.76560664,0.95593166,0.5142665,0.95672494,1.0,0.53277504,0.74495804,0.3852923,0.4059795,0
1.0,0.8899556,0.84143496,0.9620769,0.76560664,0.9923033,0.12758923,0.68805563,0.9936096,0.39415157,0.8201254,0.31726688,0.2543989,0
1.0,0.97679704,0.9815947,0.8208417,0.64782095,0.9076852,0.3208456,0.9507065,0.9985627,0.35990652,0.8354464,0.37409946,0.33222094,0
1.0,0.8433404,0.97915375,0.9620076,0.5300354,0.86518687,0.3793925,0.95978343,0.68842125,0.47677073,0.78808016,0.30890954,0.15609966,0
1.0,0.81234366,0.9640042,0.91846967,0.64782095,0.968495,0.10493255,0.92668426,0.96148115,0.52279246,0.7641626,0.29799452,0.14869505,0
1.0,0.81751895,0.9826095,0.97049946,0.64782095,0.94089466,0.12570995,0.9455614,0.9663963,0.7060078,0.7373435,0.2672331,0.11419115,0
1.0,0.86326224,0.9676251,0.5819006,0.8244994,0.7630894,0.25085944,0.95261335,0.9582573,0.38997433,0.7874146,0.34426168,0.15898126,0
1.0,0.6754104,0.9843034,0.9863949,0.64782095,0.7889648,0.27492332,0.9704206,0.7798068,0.77215713,0.7377832,0.26985168,0.118714154,0
1.0,0.95391047,0.82251996,0.8977595,0.8244994,0.94499314,0.13490349,0.73591936,0.95859575,0.2830141,0.8706262,0.29979688,0.18352194,0
1.0,0.7839688,0.93371755,0.9079553,0.76560664,0.922557,0.15824366,0.8293003,1.0,0.51627654,0.8146762,0.32661498,0.345459,0
1.0,0.85309213,0.9867277,0.8283191,0.64782095,0.68391407,0.36909622,0.967491,0.75858796,0.5788392,0.81457055,0.25230235,0.118714154,0
1.0,0.7904852,0.93515444,0.99107784,0.64782095,0.5660665,0.2594363,0.87989354,0.9883893,0.61928225,0.80453867,0.2873398,0.11599406,0
1.0,0.99154454,0.8879218,0.99534655,0.76560664,0.92802185,0.17640728,0.8721415,1.0,0.32990512,0.7933199,0.3892711,0.3512262,0
1.0,0.91300577,0.9149973,0.7091161,0.64782095,0.9355316,0.3866169,0.9007676,0.9728431,0.37278205,0.82033455,0.21192959,0.10118483,0
1.0,0.63927674,0.9841332,0.8307244,0.76560664,0.63533175,0.2696122,0.96997046,0.9975563,0.64033246,0.85089654,0.29915676,0.19076505,0
1.0,0.745816,0.97163284,0.9471447,0.8244994,0.8848183,0.5307714,0.97426295,0.7632346,0.5286233,0.7008544,0.29749843,0.21825759,0
1.0,0.7259363,0.9797096,0.9958329,0.64782095,0.8412078,0.44652468,0.9623762,0.9315513,0.39024523,0.7765383,0.27416605,0.115435325,0
0.94573605,0.95708025,0.8478769,0.9928686,0.058892846,0.98098046,0.12592858,0.82288295,0.9911205,0.40341517,0.6483311,0.2558077,0.17933388,0
1.0,0.66618824,0.9781596,0.98518133,0.76560664,0.93757063,0.28646034,0.95366347,1.0,0.8272297,0.77421814,0.39617077,0.40886113,0
0.8276489,0.958782,0.89797825,0.99127436,0.058892846,0.9562075,0.20038873,0.8853234,0.9933322,0.15223758,0.63695604,0.14817199,0.18369325,0
1.0,0.6373417,0.99094105,0.66504776,0.64782095,0.92062145,0.3824641,0.9511013,0.98261595,0.52123,0.8273708,0.2581307,0.15609966,0
1.0,0.72905564,0.97458136,0.6825547,0.64782095,0.9051918,0.45583874,0.9662205,0.8857734,0.68829405,0.7323842,0.3295605,0.16062266,0
0.9998419,0.9105259,0.9243802,0.98785764,0.76560664,0.8826785,0.34028202,0.884017,0.99624056,0.7009653,0.83388686,0.39117897,0.27769542,0
1.0,0.63699126,0.99058104,0.9252187,0.64782095,0.80991423,0.12147981,0.98298943,0.9469501,0.6343137,0.65058976,0.3891844,0.07857376,0
1.0,0.9304147,0.93809557,0.9922308,0.8244994,0.99143654,0.50184965,0.92952466,0.9857291,0.48502716,0.7669614,0.32007286,0.16334276,0
1.0,0.9676359,0.6946189,0.98830205,0.64782095,0.9904936,0.23749328,0.60050935,0.9727227,0.22565106,0.8249635,0.3126278,0.118714154,0
0.9751951,0.96899635,0.745741,0.9762204,0.058892846,0.94230455,0.22962135,0.8548757,0.98893,0.3327003,0.52309716,0.08653478,0.0,0
1.0,0.9768457,0.9600417,0.84445167,0.64782095,0.83335125,0.49627185,0.9877544,0.99025905,0.6192754,0.7362244,0.24410252,0.21390004,0
1.0,0.9905338,0.8826685,0.998729,0.5300354,0.98805517,0.35021192,0.79472196,0.97964185,0.4005392,0.71679634,0.29256672,0.22690636,0
0.9979413,0.96579945,0.9404835,0.84341997,0.58892816,0.99081135,0.5193533,0.93200123,0.96556807,0.5620824,0.65974194,0.44699526,0.06356759,0
1.0,0.95544016,0.97056305,0.82260805,0.64782095,0.87470984,0.5715564,0.942598,0.9010667,0.60425144,0.84192514,0.26324806,0.10118483,0
0.9934132,0.98395824,0.45516902,0.9893683,0.058892846,0.9973539,0.24633276,0.52343595,0.9642332,0.10015746,0.49561343,0.039390523,0.0,0
1.0,0.8733216,0.9614558,0.96248,0.64782095,0.94599134,0.6020727,0.9481576,0.9737298,0.7482986,0.8854503,0.2620737,0.10406644,0
1.0,0.8686886,0.99011743,0.94899344,0.76560664,0.6556486,0.15483212,0.9499123,1.0,0.40976554,0.7922087,0.55280197,0.63632625,0
0.9945259,0.7835467,0.86520666,0.9117989,0.76560664,0.98184294,0.410343,0.7960623,0.9684751,0.7972151,0.82025325,0.3037698,0.15593815,0
0.9990751,0.91177636,0.9259046,0.8645021,0.58892816,0.88370734,0.54972064,0.89090157,0.95079243,0.17443714,0.6123456,0.38209647,0.13008304,0
1.0,0.9285575,0.9958424,0.96969736,0.76560664,0.43420845,0.16027015,0.96659297,1.0,0.17008793,0.7902762,0.35812855,0.20416859,0
0.9755051,0.8382481,0.93411297,0.6779438,0.76560664,0.9894295,0.38741833,0.91724885,0.9673364,0.28635743,0.81330293,0.25961676,0.18227777,0
1.0,0.56560075,0.9799559,0.9821655,0.8244994,0.5550989,0.3071413,0.9368895,0.7152606,0.8305327,0.8369951,0.2850161,0.21553749,0
1.0,0.6855022,0.99493057,0.95067173,0.64782095,0.6309311,0.12731516,0.95978063,0.96266305,0.06589954,0.72766536,0.30273232,0.20813288,0
1.0,0.9119103,0.98531044,0.8504967,0.8244994,0.7760877,0.36355376,0.96473753,0.78536576,0.6013539,0.8165756,0.2873047,0.27730215,0
1.0,0.9773593,0.9653965,0.97940874,0.76560664,0.88040453,0.5505724,0.9317995,1.0,0.74807,0.81664187,0.3595396,0.39513057,0
1.0,0.98060524,0.9683005,0.93142325,0.64782095,0.6371789,0.28668815,0.95069134,0.9540838,0.7480116,0.7545437,0.30434105,0.10694805,0
1.0,0.63388103,0.94049394,0.98592013,0.64782095,0.9943527,0.34736872,0.8881064,0.94883114,0.7562028,0.8640689,0.29788247,0.11707275,0
1.0,0.78181934,0.93463296,0.94017977,0.64782095,0.90647614,0.29307914,0.9019016,0.9945157,0.6422781,0.8020478,0.2960324,0.14993921,0
1.0,0.95525354,0.9718476,0.99178314,0.64782095,0.66142213,0.5505724,0.9524399,0.9735099,0.7993344,0.82403475,0.23748648,0.12159576,0
1.0,0.8138727,0.975651,0.9793699,0.64782095,0.90856427,0.1517663,0.95264876,0.8614964,0.56296897,0.72678214,0.28873873,0.13748765,0
1.0,0.90351486,0.96374595,0.55670357,0.64782095,0.9789665,0.266863,0.9424366,0.9898425,0.6616996,0.7631284,0.29745644,0.19800816,0
1.0,0.8524323,0.97867113,0.6866476,0.64782095,0.8760097,0.24579835,0.94802696,0.9179294,0.8458042,0.78390074,0.2994772,0.15321805,0
1.0,0.94800675,0.94421434,0.9955384,0.64782095,0.9596584,0.36147463,0.896651,0.95458186,0.695113,0.7852386,0.31478536,0.105149105,0
1.0,0.8822608,0.9683141,0.96043086,0.8244994,0.8872929,0.13345164,0.94942,0.72178435,0.52958757,0.74763626,0.27853075,0.29755157,0
1.0,0.66552854,0.9692378,0.9452865,0.8244994,0.8220937,0.37096012,0.91896164,0.9963112,0.67152196,0.8125599,0.2630009,0.13732615,0
1.0,0.9836229,0.9884307,0.9257481,0.64782095,0.9077346,0.12156063,0.92806166,0.9746681,0.3194359,0.7468037,0.31239614,0.16334276,0
1.0,0.7042909,0.98622644,0.72447884,0.64782095,0.805392,0.21729237,0.9611054,0.9078724,0.48380214,0.71859854,0.33022487,0.13008304,0
1.0,0.8674464,0.88700736,0.9989398,0.64782095,0.93005383,0.42643893,0.8661635,0.98674786,0.44556192,0.8568467,0.25664446,0.12556003,0
1.0,0.91817766,0.9526571,0.61599267,0.64782095,0.902295,0.24358094,0.9353259,0.9868485,0.48964855,0.8307256,0.31315368,0.308239,0
1.0,0.49124336,0.9715107,0.45586485,0.64782095,0.60158443,0.33624905,0.9760443,0.9782127,0.6842171,0.8290352,0.2844474,0.21390004,0
1.0,0.56154,0.9849429,0.9729782,0.5300354,0.9031172,0.28096598,0.9735675,0.6579664,0.7633605,0.7405444,0.26540697,0.10406644,0
1.0,0.8531775,0.9238299,0.99044466,0.76560664,0.9528171,0.2204755,0.88471496,0.9950901,0.74953467,0.8292889,0.32188907,0.22510743,0
1.0,0.650905,0.9559366,0.886263,0.64782095,0.9997218,0.13841134,0.93249696,0.99889654,0.52633506,0.82156813,0.29489803,0.41626576,0
0.9977995,0.9216928,0.8832735,0.9224258,0.058892846,0.9531176,0.46311015,0.8712039,0.9935406,0.42220828,0.7414858,0.31274462,0.27521107,0
1.0,0.44897342,0.97105515,0.19162905,0.64782095,0.89655256,0.28653038,0.895456458681224,0.8541023,0.79700774,0.8266153,0.291242,0.10406644,0
1.0,0.7508438,0.91421527,0.9079579,0.64782095,0.95851135,0.43123662,0.9005657,0.9389192,0.81815654,0.87782335,0.26095316,0.14885655,0
1.0,0.97916955,0.9518692,0.9920926,0.58892816,0.60629106,0.22595382,0.94093025,1.0,0.35335287,0.8203913,0.39003578,0.3642325,0
0.68199277,0.9476124,0.67464286,0.98264205,0.058892846,0.97565013,0.35977924,0.47186166,0.99168456,0.28698057,0.6056712,0.18213823,0.01809204,0
1.0,0.9396754,0.88930833,0.99456596,0.64782095,0.9658407,0.4320153,0.8775749,0.9632775,0.5146005,0.90398717,0.29519674,0.15609966,0
1.0,0.6768985,0.9676996,0.71521044,0.64782095,0.89564055,0.38287073,0.9426086,0.9803665,0.82123446,0.91670346,0.32105324,0.16422452,0
1.0,0.593092,0.9845956,0.99601305,0.64782095,0.67565465,0.31573725,0.96756774,0.7404541,0.60534453,0.77588063,0.3220985,0.13008304,0
1.0,0.7636249,0.94854414,0.8210187,0.76560664,0.9258176,0.25388396,0.87067115,1.0,0.16201578,0.79809934,0.389712,0.54923034,0
1.0,0.86146045,0.9842301,0.79694766,0.58892816,0.86880875,0.31305957,0.9607359,1.0,0.29399577,0.78989875,0.2642037,0.13008304,0
0.8593221,0.81698346,0.8966225,0.98886245,0.058892846,0.96701884,0.25673687,0.6547322,0.99599534,0.52630496,0.6689113,0.21118708,0.17028788,0
1.0,0.96236116,0.9821254,0.8141295,0.76560664,0.91147083,0.3563435,0.96101445,1.0,0.46242794,0.7479692,0.37265745,0.28742686,0
1.0,0.5988748,0.97168696,0.55626506,0.8244994,0.8240005,0.21218365,0.9664945,0.9725138,0.34245834,0.7700695,0.20919427,0.18952087,0
1.0,0.9624952,0.9674528,0.64898956,0.64782095,0.89094025,0.12744898,0.96240544,0.9949931,0.64395255,0.78998446,0.37693352,0.25452957,0
1.0,0.7449192,0.98289937,0.038147926,0.58892816,0.62601733,0.3780318,0.90642095,1.0,0.31188166,0.8344181,0.3780839,0.24443968,0
1.0,0.95116997,0.9537766,0.95733863,0.64782095,0.9266283,0.8625097,0.88522553,0.9376584,0.66787386,0.83845043,0.28080475,0.09682333,0
1.0,0.80436486,0.96819913,0.871416,0.64782095,0.9547483,0.38174152,0.9637899,0.9645646,0.6945984,0.76301724,0.2511382,0.13008304,0
1.0,0.86570525,0.9825003,0.8613141,0.76560664,0.9097694,0.31193578,0.9164839,1.0,0.31936288,0.8454207,0.30003956,0.2861827,0
0.9999746,0.9059236,0.8696208,0.9671021,0.58892816,0.9954068,0.12632519,0.7154615,0.90599644,0.37665406,0.5811051,0.42928958,0.10678653,0
1.0,0.8170601,0.98165596,0.92054445,0.64782095,0.9528939,0.2806831,0.91260076,0.94772816,0.5137013,0.71274716,0.38215324,0.092697546,0
1.0,0.83657014,0.7962137,0.9027615,0.64782095,0.9676155,0.42671508,0.76002795,0.98799723,0.7879572,0.8376481,0.31060103,0.18663529,0
1.0,0.6136472,0.9616889,0.8060653,0.64782095,0.8436736,0.16743183,0.9394734,0.86355877,0.5523048,0.7227564,0.34973845,0.12556003,0
1.0,0.6771872,0.9658187,0.9982114,0.76560664,0.8962895,0.29448986,0.9642925,0.99775577,0.6114458,0.8744325,0.27325702,0.34322345,0
0.9091182,0.9249929,0.79662657,0.92559505,0.058892846,0.98428327,0.35644603,0.56704605,0.9959917,0.4417599,0.72918105,0.30033728,0.3378187,0
1.0,0.653188,0.99005127,0.88404584,0.8244994,0.8575828,0.11795634,0.98431265,0.88150257,0.6580782,0.69489914,0.38941467,0.13857034,0
1.0,0.8685877,0.85559046,0.90984875,0.58892816,0.9497369,0.20094627,0.75107825,0.9467619,0.053100593,0.70342296,0.42005834,0.093706004,0
1.0,0.6807098,0.97591,0.8660959,0.64782095,0.8982179,0.525702,0.9609636,0.96834195,0.7614672,0.688199,0.36014426,0.13008304,0
0.991084,0.56728804,0.96195203,0.6611097,0.64782095,0.921578,0.06412673,0.96939355,0.98376936,0.68290424,0.845758,0.30198556,0.23486973,0
1.0,0.96336776,0.9243214,0.70459646,0.64782095,0.8867931,0.27614725,0.93237305,0.799642,0.47553858,0.86104345,0.24931209,0.11419115,0
1.0,0.96786624,0.9726413,0.9944635,0.64782095,0.95895183,0.27340442,0.94124764,0.92432487,0.74274844,0.73319626,0.31953028,0.092697546,0
1.0,0.82319474,0.9779614,0.9951127,0.64782095,0.89196455,0.25172454,0.9447031,0.97311795,0.7306999,0.7244184,0.38390353,0.20977427,0
1.0,0.9365919,0.9380367,0.98385894,0.5300354,0.97720003,0.32338607,0.8285713,0.89996046,0.5292205,0.76114595,0.25759953,0.10406644,0
1.0,0.92293376,0.944009,0.9851772,0.76560664,0.87636584,0.13058794,0.9282749,1.0,0.47909018,0.7395667,0.46748385,0.37163714,0
1.0,0.81025547,0.98513895,0.7675229,0.64782095,0.84050786,0.26207328,0.95245266,0.93352526,0.5124908,0.76078486,0.29213905,0.13008304,0
1.0,0.94843364,0.8792849,0.9452468,0.58892816,0.89558375,0.33495444,0.83879817,0.97178215,0.4967815,0.82687986,0.3334546,0.10406644,0
1.0,0.8120907,0.9690487,0.8633749,0.64782095,0.99413466,0.3818047,0.96498233,0.90514505,0.69190955,0.83109075,0.23728116,0.13008304,0
0.9962667,0.9935599,0.9429302,0.99924546,0.64782095,0.98814166,0.40697175,0.9415069,0.97245526,0.7298651,0.84842664,0.24346898,0.13460605,0
1.0,0.8691163,0.9298481,0.9132032,0.58892816,0.95662564,0.25932384,0.8743479,0.931679,0.086987816,0.67182475,0.4267682,0.0,0
0.9990441,0.9691983,0.75911784,0.82818925,0.058892846,0.9752008,0.45841897,0.79671794,0.9907168,0.36390325,0.58048517,0.28419012,0.17887683,0
0.9631934,0.90598816,0.7445372,0.90742344,0.058892846,0.9730171,0.23904014,0.49554062,0.9858649,0.24514236,0.6712057,0.20292266,0.072404735,0
0.9930472,0.91260684,0.9549221,0.9912729,0.76560664,0.9148158,0.2815131,0.9318593,0.99910057,0.8490197,0.83253694,0.29809567,0.532552,0
1.0,0.96387094,0.94778657,0.8957555,0.8244994,0.9896133,0.6729759,0.9184862,0.91201496,0.761864,0.82075334,0.38365668,0.12556003,0
0.9934906002249686,0.8429013691730038,0.93659694577813,0.8538557161638655,0.6361917406510488,0.8703781690513129,0.324593883307744,0.895456458681224,0.97452134,0.084254585,0.7753324836178984,0.3181842251291653,0.1938836460049103,0
1.0,0.89483345,0.99651086,0.58483845,0.76560664,0.5495161,0.38982016,0.98628294,0.76462585,0.7200337,0.78739995,0.21998872,0.10406644,0
0.99979305,0.5516512,0.9772762,0.2024616,0.8244994,0.7156476,0.36200857,0.9513222,0.99359334,0.40158415,0.81233764,0.2750944,0.30610913,0
1.0,0.69734776,0.9700614,0.40502238,0.76560664,0.935279,0.22003484,0.9610731,1.0,0.57860065,0.900284,0.39560452,0.5302954,0
1.0,0.9968704,0.90831584,0.9992159,0.8244994,0.86894965,0.22709548,0.87020916,0.91324276,0.3120107,0.73207694,0.2836018,0.20088977,0
1.0,0.975268,0.9945351,0.9488905,0.8244994,0.61972237,0.18294972,0.9829904,0.7836891,0.23377718,0.7639745,0.27897704,0.31944242,0
0.99834836,0.70328796,0.96980727,0.87255925,0.64782095,0.9883909,0.1492365,0.9331181,0.9777601,0.5964499,0.8036908,0.28467393,0.15593815,0
1.0,0.52074826,0.95101625,0.8489562,0.76560664,0.9539295,0.41678774,0.9668117,1.0,0.399812,0.7608933,0.393478,0.43323636,0
1.0,0.8705102,0.98014605,0.8319579,0.58892816,0.92381895,0.2627377,0.9111918,0.9480635,0.73885137,0.8487602,0.44457614,0.11419115,0
1.0,0.76501656,0.9354067,0.90387625,0.64782095,0.9715964,0.2505169,0.89321804,0.994864,0.12628603,0.76783234,0.44252408,0.23375623,0
1.0,0.90536654,0.9844031,0.7822581,0.76560664,0.94472265,0.3137772,0.95951796,0.99889827,0.3028211,0.70945686,0.29132602,0.29358733,0
1.0,0.9168783,0.9254758,0.76882106,0.76560664,0.9524979,0.3621086,0.8881673,0.99945295,0.21448207,0.8473418,0.29698956,0.5923831,0
1.0,0.9110637,0.9417809,0.95028,0.64782095,0.9280001,0.6183455,0.9298431,0.9647363,0.85784805,0.8231897,0.28763378,0.12556003,0
1.0,0.79153883,0.9048473,0.9404638,0.64782095,0.9422231,0.27324933,0.91058594,0.97457325,0.67822725,0.79554605,0.2800325,0.119958326,0
1.0,0.73554385,0.9582805,0.90878564,0.64782095,0.9270173,0.3029288,0.9453829,0.95551354,0.5721473,0.87094593,0.31571698,0.10406644,0
1.0,0.8006296,0.87507814,0.78356683,0.58892816,0.94508237,0.21007085,0.775543,0.97146076,0.19704476,0.58885795,0.4511586,0.093941726,0
1.0,0.8714056,0.9850182,0.9065304,0.64782095,0.8248856,0.37271798,0.95220715,0.9198065,0.33771774,0.7740323,0.32635063,0.12267843,0
1.0,0.9814026,0.99274623,0.931697,0.8244994,0.48056334,0.15544295,0.95704764,0.9914605,0.368865,0.7030698,0.4443534,0.24551837,0
0.9949421,0.94797885,0.7595781,0.8216761,0.76560664,0.9467895,0.27817988,0.4578095,0.999298,0.3569977,0.7800721,0.3686889,0.42530778,0
0.99405104,0.88634765,0.92350584,0.9981055,0.058892846,0.972073,0.26637822,0.9206683,0.9878341,0.70364153,0.74092704,0.21752274,0.15602544,0
0.73044884,0.88275623,0.8155755,0.9275167,0.058892846,0.9747078,0.19724685,0.770267,0.98312104,0.047992915,0.6452902,0.22294931,0.0,0
1.0,0.5531151,0.9774458,0.99819905,0.76560664,0.86726844,0.29380846,0.94166994,1.0,0.77059245,0.78668433,0.29080802,0.28437978,0
1.0,0.81062734,0.98494124,0.9739107,0.76560664,0.93404585,0.36199993,0.96951413,1.0,0.780839,0.9708649,0.34757024,0.10694805,0
1.0,0.90276396,0.99536353,0.94739896,0.5300354,0.897233,0.17400825,0.96942836,0.88794154,0.24033552,0.7385266,0.30186924,0.23867248,0
1.0,0.8583025,0.98436713,0.85916054,0.64782095,0.8374006,0.3786518,0.9600943,0.86461866,0.5611908,0.8378663,0.23500623,0.15157665,0
1.0,0.9958842,0.9167414,0.9821555,0.76560664,0.92227364,0.16626513,0.81890243,1.0,0.29828766,0.7661204,0.40251017,0.45184833,0
1.0,0.8258344,0.96682775,0.68369734,0.64782095,0.8593262,0.1258809,0.9573518,0.9836876,0.6264854,0.85864705,0.28992882,0.13608196,0
1.0,0.7318509,0.8655223,0.8285177,0.58892816,0.9906967,0.20731425,0.76786184,0.9789261,0.13559449,0.7068355,0.41007265,0.07680565,0
0.9962802,0.8889865,0.89188915,0.91627175,0.76560664,0.94948804,0.31490088,0.88981915,0.99815065,0.34583834,0.7404947,0.25147283,0.31976542,0
1.0,0.89671713,0.9107621,0.9810001,0.76560664,0.50579524,0.16059643,0.8538219,1.0,0.57693356,0.7662955,0.44055182,0.22402476,0
1.0,0.9093849,0.99512625,0.6430774,0.64782095,0.67628694,0.40361238,0.9811087,0.9797839,0.7698361,0.8188015,0.39615643,0.15609966,0
1.0,0.9364428,0.9468701,0.99955213,0.5300354,0.9653908,0.29574978,0.8616398,0.8696947,0.5536835,0.74627864,0.3172771,0.15609966,0
1.0,0.897467,0.9748412,0.99709076,0.64782095,0.90052605,0.7190584,0.9570036,0.9467462,0.6935337,0.6789242,0.3571954,0.04479011,0
1.0,0.9435197,0.96909314,0.9988992,0.64782095,0.9711002,0.34826827,0.95683646,0.95414,0.47696918,0.80481505,0.2944147,0.14597495,0
0.9306121,0.9249702,0.97794896,0.83696675,0.76560664,0.99227935,0.17821813,0.89647454,0.9962875,0.42696333,0.8580948,0.2579795,0.40037385,0
1.0,0.6973526,0.9857295,0.74893576,0.64782095,0.7588699,0.29243523,0.95294905,0.8755313,0.44854426,0.6660292,0.41128045,0.03614132,0
1.0,0.8501309,0.89802843,0.9971473,0.64782095,0.91644776,0.37905043,0.82261604,0.9626146,0.42544445,0.84854335,0.39197508,0.16186683,0
1.0,0.88876295,0.9834369,0.5640007,0.64782095,0.9558673,0.3444994,0.95652944,0.99056345,0.23765145,0.76680547,0.26698783,0.118714154,0
1.0,0.80390155,0.9661164,0.7161866,0.58892816,0.86265373,0.12102294,0.9562607,0.96877635,0.65050125,0.85138774,0.41987437,0.12720144,0
1.0,0.693506,0.98058826,0.9989797,0.64782095,0.92334044,0.26377416,0.94364595,0.81604344,0.87966436,0.7586673,0.257761,0.13008304,0
1.0,0.72267544,0.98628646,0.87684476,0.64782095,0.9293933,0.15015477,0.936116,0.9807337,0.37084532,0.8282371,0.2413833,0.12267843,0
1.0,0.5763141,0.9700164,0.43838197,0.64782095,0.9559564,0.29349732,0.9441242,0.9857079,0.7741793,0.7614802,0.34783286,0.14581344,0
1.0,0.9505873,0.99154305,0.8942685,0.64782095,0.41130883,0.16759115,0.9664722,0.93528223,0.30226305,0.7507474,0.3033826,0.11130954,0
1.0,0.5239388,0.9845837,0.9462304,0.64782095,0.7477785,0.27398854,0.9529398,0.85270226,0.8555983,0.8324467,0.3099083,0.13008304,0
1.0,0.7562758,0.99375916,0.99858534,0.64782095,0.71787095,0.19582117,0.98385614,0.8364435,0.5143664,0.7618531,0.28344527,0.18788345,0
1.0,0.89491594,0.98594904,0.9550535,0.76560664,0.88427454,0.12099153,0.918159,1.0,0.42492014,0.90431017,0.36281306,0.3123608,0
1.0,0.9466236,0.9702747,0.88071316,0.76560664,0.93661976,0.28642225,0.9166719,0.9951734,0.5718284,0.863848,0.32363728,0.122839935,0
0.9970084,0.9095886,0.9125173,0.9670182,0.58892816,0.9083209,0.49167114,0.80052316,0.9778431,0.778881,0.67321163,0.42062607,0.10406644,0
1.0,0.88321257,0.86277103,0.9378381,0.58892816,0.95347756,0.15597582,0.798153,0.97820765,0.45228413,0.63761383,0.40233743,0.13732615,0
1.0,0.78373474,0.9568668,0.9894699,0.76560664,0.9640676,0.23140258,0.8877809,1.0,0.417987,0.83025265,0.41446868,0.36046916,0
1.0,0.7032802,0.9777848,0.9881969,0.64782095,0.8940236,0.37750202,0.91449165,0.8942454,0.67254514,0.75476485,0.24191414,0.118714154,0
1.0,0.7339269,0.9713181,0.5652977,0.8244994,0.9410621,0.22581303,0.96134394,0.62992376,0.32545346,0.75582093,0.25294366,0.20813288,0
0.99708116,0.993012,0.6014637,0.98440915,0.058892846,0.98173785,0.14349192,0.36857247,0.9715257,0.16374765,0.51522017,0.027698105,0.0,0
1.0,0.90142107,0.9655304,0.923315,0.64782095,0.92847955,0.7193209,0.9442697,0.96051,0.7436476,0.77643585,0.2585872,0.11147105,0
1.0,0.68936896,0.9906435,0.9550658,0.8244994,0.664132,0.14229298,0.95056045,0.9829619,0.50456315,0.79056275,0.2968277,0.27877808,0
0.99000216,0.9476138,0.9442018,0.97613215,0.058892846,0.9647179,0.5134962,0.90675384,0.9267942,0.8248213,0.69736236,0.3580553,0.14456926,0
1.0,0.5989945,0.9858684,0.82330966,0.58892816,0.90307343,0.2536844,0.96668285,1.0,0.53243554,0.8637291,0.35636085,0.340936,0
1.0,0.5323354,0.9716586,0.425597,0.64782095,0.839579,0.29923755,0.949054,0.96232915,0.81436056,0.82775486,0.32571548,0.10406644,0
0.92190266,0.8932699,0.7849088,0.9650934,0.76560664,0.92225736,0.32524574,0.7044927,0.99505085,0.3977318,0.8372891,0.3261784,0.32972863,0
1.0,0.94409484,0.9909657,0.9706582,0.8244994,0.4476723,0.14846295,0.95872486,0.9118134,0.4235213,0.76967573,0.24131443,0.21390004,0
1.0,1.0,0.9857094,0.95097846,1.0,0.9596418,0.15938908,0.9589646,0.9512015,0.17092526,0.47520638,0.32294148,0.0,0
1.0,0.39859945,0.95481485,0.8045533,0.64782095,0.91148186,0.0,0.9500076,0.95971906,0.58661777,0.8226218,0.39581272,0.115435325,0
1.0,0.62587786,0.98606956,0.82470113,0.76560664,0.87929857,0.25607628,0.9663659,1.0,0.5273688,0.9048708,0.35434812,0.2963074,0
0.9950446,1.0,0.95505345,0.9986272,1.0,0.92191654,0.22013736,0.9032116,0.9704043,0.24928303,0.46573532,0.4515014,0.0,0
1.0,0.7329569,0.9831732,0.3696223,0.5300354,0.446104,0.38927442,0.8937012,0.97203565,0.48262468,0.6366419,0.18831624,0.0,0
1.0,0.9620428,0.98549014,0.9799507,0.64782095,0.99231875,0.09437066,0.91545343,0.95719826,0.38751453,0.823606,0.31705552,0.09666182,0
1.0,0.9015263,0.9249832,0.6653435,0.58892816,0.96356636,0.19306958,0.9221082,0.96423256,0.19441777,0.69945943,0.40431055,0.15881975,0
