True_Label,Predicted_Probability
0,0.0532861351966858
0,0.11020889878273
0,0.59210604429245
0,0.0900313779711723
0,0.0800098180770874
0,0.337100923061371
0,0.22474405169487
0,0.399796366691589
0,0.0504253283143044
0,0.121710866689682
0,0.118467085063457
0,0.637316703796387
0,0.219683215022087
1,0.257027208805084
0,0.11533597111702
0,0.0720713213086128
0,0.339334756135941
0,0.030175942927599
1,0.859697341918945
1,0.175885319709778
0,0.135740652680397
0,0.0250945948064327
0,0.209928601980209
0,0.11715941131115
1,0.998066782951355
0,0.15935492515564
0,0.0924295708537102
0,0.551068842411041
0,0.916069090366364
0,0.429641336202621
0,0.370456039905548
0,0.558939516544342
0,0.277757912874222
0,0.0401502065360546
0,0.54036408662796
1,0.176059022545815
0,0.0312128998339176
0,0.306736022233963
0,0.286483496427536
0,0.693119049072266
0,0.309284955263138
0,0.03218974173069
0,0.131071865558624
0,0.130534321069717
0,0.151715084910393
0,0.734164357185364
0,0.192754134535789
0,0.161076709628105
0,0.0461133047938347
0,0.157419890165329
0,0.0101808235049248
0,0.0243786871433258
0,0.161197915673256
0,0.0672115460038185
1,0.998333275318146
0,0.0389406308531761
0,0.134463995695114
0,0.276726335287094
0,0.0714259445667267
0,0.070569172501564
0,0.913577556610107
0,0.0108503475785255
0,0.260372638702393
1,0.822410225868225
0,0.962011992931366
0,0.317470222711563
1,0.414393335580826
0,0.377582222223282
0,0.126777142286301
0,0.155572414398193
0,0.119856894016266
0,0.0632519572973251
0,0.0412261262536049
0,0.12113731354475
0,0.232273370027542
0,0.0681430473923683
0,0.131582006812096
0,0.0278605557978153
0,0.114406354725361
0,0.103453747928143
0,0.365850895643234
0,0.0193793978542089
0,0.278183996677399
0,0.283193498849869
0,0.08815798163414
0,0.0160415153950453
0,0.243800774216652
0,0.0635787546634674
0,0.136748909950256
0,0.0874029248952866
0,0.195188194513321
1,0.998424053192139
0,0.521409273147583
0,0.0255111921578646
1,0.937088310718536
0,0.138116240501404
0,0.431392878293991
0,0.0764054507017136
1,0.891964793205261
0,0.466053515672684
0,0.430937230587006
0,0.149030923843384
0,0.116464927792549
1,0.534402251243591
0,0.236727505922318
0,0.0456028059124947
0,0.672259032726288
1,0.800400257110596
0,0.0822456404566765
0,0.37893608212471
0,0.518184900283813
0,0.0212543625384569
0,0.60481595993042
0,0.275489300489426
1,0.997149646282196
0,0.311282396316528
0,0.151338800787926
0,0.066578209400177
0,0.303731590509415
0,0.399776369333267
0,0.175083592534065
0,0.0830188691616058
0,0.286053210496902
0,0.0688997134566307
0,0.0666992589831352
1,0.388873517513275
1,0.995688378810883
0,0.22445772588253
0,0.313380241394043
1,0.29186874628067
1,0.669408023357391
0,0.101368740200996
0,0.0610305294394493
0,0.717132270336151
0,0.0116505064070225
0,0.223744302988052
0,0.0873970538377762
0,0.0953758955001831
0,0.448780685663223
1,0.388873517513275
0,0.133207306265831
0,0.0234329253435135
0,0.266436964273453
0,0.154659643769264
0,0.0962088108062744
0,0.0656960383057594
0,0.0103199454024434
0,0.256819307804108
0,0.255725532770157
0,0.543129742145538
1,0.445244580507278
0,0.0523920767009258
0,0.0771895945072174
0,0.0768147706985474
0,0.032352726906538
0,0.158903956413269
0,0.316435635089874
0,0.217803940176964
0,0.237987592816353
0,0.0743105188012123
0,0.0287139881402254
0,0.0410970821976662
0,0.258902579545975
0,0.0586081743240356
0,0.0518350675702095
0,0.101100526750088
0,0.968007802963257
0,0.0564621016383171
0,0.0685499384999275
0,0.409197598695755
0,0.224009454250336
1,0.459654927253723
0,0.056225623935461
0,0.048459354788065
0,0.203137084841728
1,0.785017609596252
0,0.307632863521576
1,0.990385055541992
0,0.526261389255524
0,0.245296791195869
0,0.0431129671633244
0,0.0536372065544128
0,0.216447815299034
0,0.55743020772934
0,0.164073824882507
0,0.352960497140884
0,0.396036356687546
1,0.99799644947052
0,0.818750441074371
0,0.160735890269279
0,0.697198212146759
1,0.593619167804718
0,0.303764879703522
0,0.216938480734825
0,0.0444616042077541
0,0.0303437225520611
0,0.21734507381916
0,0.111005403101444
0,0.0259085521101952
0,0.186915501952171
0,0.129748269915581
0,0.335755556821823
0,0.0633079186081886
0,0.0425778739154339
0,0.286640793085098
0,0.128344893455505
0,0.145824879407883
0,0.236995667219162
1,0.348054558038712
0,0.18850702047348
0,0.130289316177368
0,0.323372095823288
0,0.171624660491943
0,0.120285145938396
0,0.0702970772981644
1,0.514940440654755
0,0.194038465619087
0,0.0556646808981895
0,0.447201013565063
0,0.214605733752251
1,0.489273220300674
0,0.0484373159706593
0,0.224318504333496
0,0.0235585942864418
1,0.509894490242004
0,0.24643537402153
0,0.178287863731384
0,0.601684033870697
0,0.178265869617462
1,0.12202188372612
0,0.39096999168396
0,0.0387315936386585
0,0.0949722155928612
0,0.917462766170502
0,0.0739397332072258
0,0.0331230275332928
0,0.16355000436306
0,0.167444601655006
0,0.3890600502491
0,0.338032156229019
0,0.327261716127396
0,0.4712233543396
0,0.050634853541851
1,0.999893665313721
0,0.124996557831764
0,0.0865776762366295
0,0.92827320098877
0,0.0126395979896188
0,0.386563897132874
1,0.918708622455597
0,0.316082507371902
0,0.136569127440453
0,0.0765491649508476
0,0.385475158691406
0,0.607480406761169
0,0.268819510936737
0,0.156949236989021
0,0.127556443214417
0,0.21411706507206
0,0.252219498157501
0,0.0804621353745461
0,0.241290554404259
0,0.343480467796326
1,0.388873517513275
0,0.0930492877960205
0,0.179589360952377
0,0.227420464158058
0,0.10132397711277
0,0.0781281068921089
0,0.0491226203739643
0,0.321453183889389
0,0.325925469398499
0,0.0634609460830688
0,0.640738725662231
0,0.519171953201294
0,0.0627787038683891
0,0.0499246791005135
0,0.779141783714294
1,0.961842715740204
0,0.199639901518822
0,0.0416217297315598
0,0.248722404241562
0,0.0698539838194847
1,0.571261346340179
0,0.715773344039917
0,0.0458688586950302
0,0.144717365503311
1,0.336611360311508
0,0.664160370826721
0,0.108672469854355
0,0.680259704589844
1,0.955856442451477
0,0.172465488314629
0,0.0514377541840076
0,0.161217451095581
0,0.303109765052795
0,0.569480836391449
0,0.149324029684067
1,0.188288122415543
0,0.310598641633987
0,0.16805425286293
0,0.244402796030045
0,0.890035092830658
0,0.0545134991407394
0,0.0866945013403893
0,0.074383057653904
0,0.0705943778157234
0,0.193172559142113
0,0.513115763664246
0,0.324276596307755
0,0.0480814166367054
0,0.0273151323199272
0,0.0252050701528788
0,0.205857202410698
0,0.116552993655205
0,0.177276656031609
0,0.0655085444450378
0,0.276428550481796
0,0.162951961159706
0,0.073813833296299
0,0.462878257036209
0,0.17444309592247
0,0.098557285964489
0,0.589094698429108
0,0.284538716077805
0,0.210953116416931
0,0.109312988817692
0,0.237725228071213
0,0.0650177225470543
0,0.619774043560028
0,0.0756062045693398
1,0.51512598991394
0,0.326528489589691
0,0.11904289573431
0,0.102981247007847
0,0.224739775061607
0,0.319719552993774
0,0.423865735530853
0,0.147087380290031
0,0.0757651105523109
0,0.39119616150856
0,0.0760226622223854
0,0.0665116161108017
0,0.0734502449631691
0,0.25198632478714
0,0.274590522050858
1,0.327548831701279
1,0.94073760509491
0,0.527682542800903
0,0.250753909349442
0,0.0543070062994957
0,0.339424610137939
0,0.117643110454082
1,0.823477685451508
0,0.279909402132034
0,0.0532717630267143
0,0.0786922350525856
0,0.0491012521088123
0,0.785479545593262
0,0.251694798469543
0,0.0455100014805794
0,0.186929538846016
0,0.145325228571892
0,0.401887029409409
0,0.0983905121684074
0,0.254020184278488
0,0.267737448215485
0,0.521711468696594
0,0.219473510980606
0,0.0952640473842621
0,0.551844954490662
0,0.0944229438900948
0,0.184969887137413
0,0.165912568569183
0,0.250088512897491
0,0.0400637947022915
0,0.230592474341393
0,0.485506623983383
0,0.0905401408672333
0,0.04096470028162
1,0.511314988136292
0,0.0612076558172703
1,0.166725844144821
0,0.280286401510239
0,0.338007152080536
0,0.0580701269209385
0,0.207801178097725
0,0.0825339928269386
0,0.0915543287992477
0,0.161798998713493
1,0.69384902715683
0,0.234387576580048
0,0.622517824172974
0,0.181302890181541
0,0.0345466807484627
0,0.11978505551815
0,0.077524796128273
0,0.485423058271408
0,0.133327841758728
0,0.613648593425751
0,0.0559343434870243
0,0.190507128834724
0,0.145294338464737
0,0.202729105949402
0,0.271756619215012
0,0.215887904167175
0,0.555318593978882
0,0.0439672134816647
0,0.151991963386536
0,0.037349671125412
0,0.20998615026474
0,0.487770467996597
0,0.733704745769501
0,0.289271473884583
0,0.409041941165924
0,0.608183562755585
0,0.141636505723
1,0.619512319564819
0,0.179778203368187
0,0.108178466558456
0,0.048551544547081
0,0.0286273118108511
0,0.0603105127811432
0,0.147984027862549
1,0.575797379016876
0,0.125936731696129
0,0.0858853161334991
0,0.0281929355114698
1,0.855235576629639
0,0.0559356473386288
0,0.297292917966843
0,0.682091176509857
0,0.212468937039375
0,0.055266585201025
0,0.532768130302429
0,0.33517798781395
0,0.279122471809387
0,0.0437553450465202
0,0.041663184762001
0,0.305216521024704
0,0.174524158239365
0,0.0617852918803692
0,0.150414004921913
0,0.0382249355316162
0,0.0416901484131813
0,0.244026750326157
1,0.637983679771423
0,0.318266063928604
0,0.0573942437767982
0,0.454541087150574
0,0.0763153955340385
0,0.0168711040169001
0,0.0340627357363701
0,0.174553364515305
0,0.263931334018707
0,0.420442968606949
0,0.132348582148552
0,0.0050707524642348
0,0.206145912408829
0,0.26127752661705
0,0.0535228699445724
0,0.29559263586998
0,0.161689236760139
0,0.0305529609322548
0,0.141694009304047
0,0.908995091915131
0,0.16135410964489
1,0.109822332859039
0,0.197476923465729
0,0.342723220586777
0,0.26835510134697
0,0.484284043312073
0,0.0460372790694237
0,0.208315432071686
0,0.349319636821747
0,0.111368596553802
0,0.323355048894882
0,0.02926872856915
0,0.12661275267601
0,0.190559893846512
0,0.109598837792873
0,0.31581711769104
0,0.747705042362213
0,0.209976106882095
0,0.361123919487
0,0.805743336677551
0,0.126209750771523
0,0.613389849662781
0,0.0586549937725067
0,0.0624630078673363
0,0.221928820014
1,0.516942501068115
0,0.112852580845356
0,0.153275802731514
1,0.401259154081345
0,0.205810457468033
0,0.0766978189349174
1,0.737988889217377
0,0.0455333404242992
0,0.184458687901497
0,0.228052377700806
0,0.300260156393051
0,0.453103959560394
0,0.335810393095016
1,0.625804722309113
1,0.679228782653809
0,0.526184380054474
0,0.0994795858860016
1,0.34889554977417
0,0.0421033725142479
0,0.0028148419223725
1,0.209060952067375
0,0.34276157617569
0,0.0869182944297791
0,0.166639909148216
0,0.0247487127780914
1,0.973929107189178
0,0.47726309299469
0,0.403577536344528
0,0.0633243694901466
0,0.120548158884048
0,0.129627585411072
0,0.262658149003983
1,0.932956695556641
0,0.0626356154680252
0,0.0749732479453087
0,0.22210356593132
0,0.0743276700377464
0,0.229538217186928
0,0.228968039155006
0,0.0339889787137508
0,0.121461763978004
0,0.105647854506969
0,0.68932431936264
0,0.157074078917503
0,0.279762923717499
0,0.152660608291626
0,0.265293955802917
0,0.0587289072573185
0,0.0922384709119797
1,0.732730567455292
0,0.0497944056987762
0,0.196900725364685
0,0.62682181596756
0,0.07523363083601
0,0.0477411523461342
0,0.0998395755887032
0,0.652771949768066
0,0.227551981806755
0,0.712129056453705
0,0.170819759368896
0,0.0999077931046486
1,0.990586698055267
0,0.417787253856659
0,0.0792811661958694
0,0.139584720134735
0,0.278437256813049
1,0.64946573972702
0,0.738033652305603
0,0.925437569618225
0,0.03828464448452
0,0.410114824771881
0,0.645666420459747
0,0.213723689317703
1,0.867148160934448
0,0.212657675147057
0,0.378276258707047
0,0.126730695366859
0,0.0720408707857132
0,0.501689851284027
0,0.33241018652916
1,0.313842833042145
0,0.0362719595432281
0,0.365689754486084
0,0.047887958586216
0,0.119176872074604
0,0.0141354603692889
0,0.422618955373764
0,0.244869694113731
0,0.736896336078644
0,0.993688642978668
0,0.169939711689949
0,0.0365198887884617
0,0.15537965297699
0,0.0204542223364115
1,0.336611360311508
0,0.121618807315826
0,0.972826480865479
0,0.0300154164433479
0,0.105255089700222
0,0.0376588962972164
0,0.0400182716548443
0,0.0104426573961973
0,0.0559132993221283
0,0.0602448545396328
0,0.570225059986115
0,0.106727331876755
1,0.274723470211029
0,0.143168479204178
0,0.0877635255455971
0,0.152299612760544
0,0.104680731892586
0,0.346857398748398
0,0.518118619918823
0,0.188333779573441
0,0.0370515920221806
0,0.0430662073194981
0,0.417577773332596
1,0.998069286346436
0,0.0721068382263184
0,0.205485984683037
0,0.28317055106163
0,0.138740733265877
0,0.221572712063789
0,0.610908627510071
0,0.318460464477539
0,0.226636111736298
0,0.157527878880501
0,0.695564329624176
0,0.443312972784042
0,0.0586282685399055
0,0.0205938536673784
0,0.483664959669113
0,0.0791974291205406
0,0.0869536548852921
0,0.286586344242096
0,0.195174977183342
0,0.0977829918265343
0,0.0910281762480736
0,0.296480655670166
0,0.0195270646363497
0,0.896878838539124
0,0.440802872180939
0,0.435366541147232
0,0.085078164935112
0,0.380165845155716
0,0.120742939412594
0,0.303464084863663
0,0.0906231477856636
0,0.11132987588644
0,0.328154712915421
0,0.0751213952898979
0,0.0319694355130196
0,0.0956198945641518
0,0.27156013250351
0,0.533815264701843
0,0.0638011917471886
0,0.613180577754974
0,0.333389848470688
0,0.306562781333923
0,0.148602828383446
0,0.285082817077637
0,0.218312293291092
0,0.246688351035118
0,0.0253334790468216
0,0.113945834338665
0,0.268475651741028
0,0.714564502239227
0,0.36667600274086
0,0.205885946750641
0,0.145733371376991
0,0.405758202075958
0,0.0524495765566826
0,0.419460862874985
0,0.107799179852009
0,0.0762921124696732
0,0.12681533396244
0,0.171234339475632
0,0.105763755738735
0,0.151149928569794
0,0.259220749139786
0,0.0472574606537819
0,0.257208734750748
0,0.130218282341957
0,0.174526989459991
0,0.212471053004265
0,0.0496225953102112
0,0.232909634709358
0,0.621210753917694
0,0.324140340089798
0,0.0863652005791664
0,0.118125438690186
0,0.138891443610191
0,0.382828772068024
1,0.992016673088074
0,0.363468289375305
0,0.250034302473068
0,0.419102072715759
0,0.0119038121774793
0,0.0760204419493675
0,0.143491119146347
0,0.179858922958374
0,0.0121037811040878
0,0.0832579880952835
0,0.144592851400375
0,0.242475315928459
0,0.0207670517265797
0,0.339254260063171
0,0.112400211393833
0,0.0586803369224072
0,0.0664916411042213
0,0.292986929416656
0,0.177766531705856
0,0.712864696979523
0,0.187617793679237
0,0.0886272639036179
0,0.0692477151751518
0,0.136891841888428
0,0.116099052131176
0,0.159831523895264
0,0.266285568475723
0,0.395536184310913
0,0.253933191299438
0,0.116010561585426
0,0.258647710084915
0,0.123110257089138
0,0.0642866194248199
0,0.0978218987584114
0,0.0489548034965992
0,0.0749125853180885
0,0.030495960265398
0,0.108802683651447
0,0.297848135232925
0,0.35617607831955
0,0.0670407935976982
0,0.16289433836937
0,0.284718930721283
0,0.0378449819982052
0,0.389834344387054
0,0.021551975980401
0,0.0158773455768824
0,0.345891237258911
0,0.0567328035831451
1,0.328791111707687
0,0.039054598659277
0,0.889897108078003
0,0.114706166088581
0,0.0229647234082222
0,0.256846457719803
0,0.533880770206451
0,0.0641968175768852
0,0.117481611669064
1,0.995059430599213
0,0.278118371963501
0,0.434554815292358
0,0.167018860578537
0,0.0372664779424667
0,0.0360815078020096
0,0.0565629117190838
0,0.298900872468948
0,0.0669127628207207
0,0.0789497867226601
0,0.325979024171829
1,0.725122094154358
0,0.138242706656456
0,0.0463783219456673
0,0.820911884307861
1,0.0888345837593079
0,0.393978238105774
0,0.0299180150032043
0,0.435308694839478
0,0.169602409005165
0,0.0145539343357086
1,0.0767742618918419
0,0.127026736736298
0,0.157355353236198
0,0.0380734838545322
0,0.0814435184001923
0,0.101771749556065
0,0.0475625209510326
0,0.119315005838871
0,0.397058814764023
0,0.423315584659576
1,0.121625706553459
0,0.0624831542372704
0,0.275603502988815
0,0.0796156153082848
0,0.385484665632248
0,0.263206511735916
0,0.161049485206604
1,0.237028211355209
0,0.0387519560754299
0,0.293303430080414
0,0.101880691945553
0,0.112344935536385
0,0.828986585140228
0,0.737897753715515
0,0.0175502169877291
0,0.324217021465302
0,0.0209543015807867
0,0.270547956228256
0,0.0420771390199661
0,0.0428995192050934
0,0.168397724628448
0,0.940488874912262
0,0.0988116636872292
0,0.01951071806252
0,0.210917085409164
0,0.124466076493263
0,0.0910945534706116
0,0.327891051769257
0,0.419131249189377
0,0.155926540493965
0,0.42049315571785
0,0.104477301239967
0,0.0368861667811871
0,0.0109276585280895
0,0.220407903194427
0,0.112404339015484
0,0.251680165529251
0,0.259700298309326
0,0.344526141881943
0,0.115265935659409
0,0.019542446359992
0,0.708436012268066
0,0.303375720977783
0,0.579639434814453
0,0.540590405464172
0,0.239561498165131
0,0.588962972164154
0,0.172448486089706
0,0.131516292691231
0,0.356732040643692
0,0.104640766978264
0,0.126985624432564
0,0.147455364465714
0,0.0118216816335917
0,0.114178694784641
0,0.197476893663406
0,0.119974702596664
0,0.243632942438126
0,0.0570099204778671
0,0.153117135167122
0,0.644824504852295
0,0.220126286149025
0,0.039857279509306
0,0.193599581718445
0,0.0928108170628548
0,0.927716076374054
0,0.0534629411995411
0,0.324863731861115
0,0.0591414906084538
0,0.0707574561238289
1,0.185688063502312
0,0.0960306823253632
0,0.0137188415974379
0,0.0888864025473595
0,0.144020512700081
0,0.112333670258522
0,0.431304603815079
0,0.429692834615707
0,0.346504747867584
1,0.993142545223236
0,0.084529772400856
0,0.231521189212799
0,0.0580558739602566
0,0.329572886228561
0,0.29713162779808
0,0.0659940615296364
0,0.215508610010147
0,0.987695693969727
1,0.826276421546936
0,0.0624499805271626
0,0.353961259126663
0,0.160102620720863
1,0.926420509815216
0,0.220373973250389
0,0.273609310388565
0,0.359856933355331
0,0.36952668428421
0,0.170662358403206
0,0.0830614492297173
0,0.0456384159624577
0,0.0385810993611813
0,0.0177146140486002
0,0.270256727933884
0,0.392414957284927
0,0.2517951130867
0,0.34549555182457
0,0.51949018239975
0,0.169772684574127
0,0.0476248115301132
0,0.200807332992554
0,0.0252181570976973
0,0.0782201811671257
0,0.0028548310510814
0,0.0866379961371422
1,0.928935170173645
0,0.0856325328350067
0,0.178896933794022
0,0.0309524275362492
0,0.204893603920937
0,0.260912299156189
1,0.792431771755219
0,0.0829636976122856
1,0.970443248748779
0,0.170663952827454
1,0.33840212225914
0,0.101955533027649
0,0.289536565542221
1,0.448706597089767
0,0.283400028944016
1,0.998393416404724
0,0.95078057050705
0,0.284987479448318
0,0.137224182486534
0,0.485688656568527
0,0.0492532178759575
0,0.168392345309258
0,0.222049981355667
0,0.171393230557442
0,0.289051204919815
0,0.213661432266235
0,0.150947585701942
1,0.249769657850266
0,0.357193946838379
0,0.290875673294067
0,0.638921320438385
0,0.110845528542995
0,0.318658113479614
0,0.179973348975182
0,0.129358112812042
0,0.163589462637901
0,0.289705753326416
0,0.0914008393883705
0,0.137316673994064
0,0.0260158162564039
0,0.0831642225384712
0,0.149479061365128
0,0.26373827457428
0,0.360858231782913
0,0.118067972362041
0,0.0732676908373833
0,0.242291688919067
0,0.0433155931532383
0,0.571178436279297
0,0.0741481706500053
0,0.0484456159174442
0,0.0310952868312597
0,0.284123510122299
0,0.678821444511414
0,0.0956868231296539
0,0.0932039096951485
0,0.886371850967407
0,0.211762651801109
0,0.427511841058731
0,0.0919183492660522
0,0.0682695135474205
0,0.24461005628109
0,0.325335919857025
0,0.392796188592911
0,0.604863822460175
0,0.0544352829456329
0,0.0210661254823208
1,0.267338037490845
0,0.0530656240880489
0,0.28718501329422
0,0.0320410802960396
0,0.0254137590527534
0,0.319297432899475
0,0.0547019354999065
0,0.0578835792839527
1,0.904391169548035
0,0.410336434841156
0,0.065887488424778
0,0.243988871574402
0,0.167678460478783
0,0.462081789970398
0,0.487582236528397
0,0.0206419937312603
0,0.441923409700394
0,0.233315512537956
0,0.0400068387389183
0,0.149218171834946
0,0.145581662654877
0,0.0452198572456837
0,0.152847170829773
0,0.639407753944397
0,0.0690028220415115
0,0.160959839820862
0,0.0425382480025291
1,0.84765213727951
0,0.191070258617401
0,0.0471835322678089
0,0.529092490673065
0,0.106159947812557
0,0.386490672826767
0,0.463152199983597
0,0.0078421281650662
0,0.124410815536976
0,0.531986057758331
0,0.094067670404911
0,0.0903225168585777
0,0.160873308777809
1,0.990100681781769
0,0.0917786434292793
0,0.120409175753593
0,0.0931194722652435
0,0.700974702835083
0,0.428889393806458
0,0.0709614530205727
0,0.13989782333374
0,0.181228563189507
0,0.0909581184387207
0,0.0370085909962654
0,0.130215585231781
0,0.197049051523209
0,0.450299203395844
1,0.97089159488678
0,0.0458968766033649
0,0.393548190593719
0,0.162799343466759
0,0.267644435167313
0,0.184341326355934
0,0.13677191734314
0,0.153416380286217
0,0.433171957731247
0,0.667936563491821
0,0.322325557470322
0,0.0825564488768578
0,0.129045054316521
0,0.293275982141495
0,0.600391983985901
0,0.270103961229324
0,0.292717218399048
1,0.496089100837708
0,0.182563349604607
0,0.0342205055058002
0,0.10054811835289
1,0.0934925377368927
0,0.0691445991396904
1,0.102203637361526
0,0.11092834174633
0,0.0364949591457844
0,0.676588296890259
0,0.330155909061432
0,0.035587165504694
0,0.955486118793488
0,0.185490265488625
0,0.45376580953598
0,0.267431616783142
0,0.0711103081703186
0,0.152545750141144
0,0.020983999595046
0,0.0334454961121082
0,0.146855503320694
0,0.0616168826818466
0,0.420712411403656
0,0.0578863844275475
0,0.385507762432098
0,0.0688621774315834
0,0.230585604906082
1,0.129081472754478
0,0.129568293690681
0,0.158490240573883
0,0.0265709590166807
0,0.538199365139008
0,0.206696644425392
0,0.0250512529164553
0,0.107014589011669
0,0.139223828911781
0,0.118688315153122
1,0.237028211355209
0,0.515843749046326
0,0.0087416619062423
0,0.149901360273361
1,0.34889554977417
0,0.461651474237442
0,0.0336909368634224
0,0.0503493100404739
0,0.156716197729111
1,0.650491118431091
0,0.036357793956995
0,0.346439957618713
0,0.0635041296482086
0,0.110349200665951
0,0.0800963118672371
0,0.0692856535315514
0,0.0187031328678131
0,0.181138828396797
1,0.460626900196075
0,0.573295474052429
0,0.408309280872345
0,0.130306556820869
0,0.0387985371053219
0,0.226337313652039
0,0.239551022648811
0,0.0389210991561413
0,0.35232737660408
0,0.0617137812077999
0,0.0878188386559486
0,0.148817345499992
0,0.0363211706280708
1,0.999865710735321
1,0.369649231433868
0,0.175276890397072
0,0.0515376552939415
0,0.0954877510666847
0,0.354632407426834
0,0.599396526813507
0,0.773807227611542
1,0.769356548786163
0,0.0094829844310879
0,0.167057901620865
1,0.638102233409882
0,0.355456203222275
0,0.0712282434105873
0,0.231931313872337
0,0.160558342933655
0,0.168847844004631
1,0.966836094856262
0,0.499279737472534
0,0.590304315090179
0,0.0173076614737511
0,0.0810515061020851
0,0.102191939949989
0,0.0643533021211624
0,0.0923699885606766
0,0.519119083881378
0,0.0403958857059479
0,0.181591108441353
0,0.0892654955387115
0,0.141009777784348
0,0.160220071673393
0,0.281416565179825
0,0.0240427572280169
1,0.513679027557373
0,0.0366693958640099
0,0.342111945152283
0,0.628663122653961
0,0.124730117619038
0,0.162800833582878
0,0.197595790028572
0,0.204650446772575
0,0.202638268470764
0,0.590761423110962
0,0.161861330270767
0,0.559833228588104
0,0.510946869850159
0,0.0190369747579098
0,0.498272269964218
0,0.248829364776611
0,0.270566791296005
0,0.110263183712959
0,0.0456380024552345
0,0.234124794602394
0,0.0177709497511387
0,0.192471742630005
0,0.0357929281890392
0,0.0541358627378941
0,0.0401007458567619
0,0.363265961408615
0,0.0732855722308159
0,0.102367602288723
0,0.289287030696869
0,0.0170269776135683
1,0.526906311511993
0,0.211706534028053
0,0.129847794771194
0,0.0972383171319962
0,0.0639758110046387
0,0.110315077006817
0,0.083519883453846
0,0.1493009775877
0,0.176584377884865
0,0.0789963081479073
0,0.0962988138198853
0,0.153989896178246
1,0.664745330810547
1,0.0265054740011692
1,0.813740611076355
0,0.738399803638458
0,0.0187337584793568
0,0.232548907399178
0,0.126469954848289
0,0.29902172088623
0,0.207373172044754
0,0.202576786279678
0,0.373293459415436
0,0.058981578797102
0,0.0468506962060928
0,0.399505287408829
0,0.426872491836548
0,0.106631867587566
0,0.0559841729700565
0,0.239678129553795
0,0.0433367975056171
0,0.171653062105179
0,0.467451840639114
0,0.316995888948441
0,0.229793161153793
1,0.20068371295929
0,0.209110870957375
0,0.0326706245541573
0,0.0526781901717186
0,0.481561213731766
0,0.680433809757233
0,0.223292589187622
0,0.303185224533081
0,0.0332177430391312
0,0.10089834779501
0,0.900212109088898
1,0.83854740858078
1,0.348075568675995
0,0.0350169688463211
0,0.148291677236557
0,0.221620440483093
0,0.216760367155075
0,0.338289171457291
0,0.347208380699158
0,0.372197210788727
0,0.0967954844236374
0,0.0501535311341286
1,0.577275931835175
0,0.42191755771637
0,0.146558150649071
0,0.592551410198212
0,0.0621455051004887
0,0.439871221780777
0,0.0300949495285749
0,0.117292106151581
0,0.0786826685070992
0,0.331018954515457
0,0.206411629915237
0,0.169519677758217
0,0.0342667959630489
0,0.73128879070282
0,0.179236635565758
0,0.0941658020019531
0,0.113364964723587
0,0.913208186626434
0,0.485592901706696
0,0.0234435591846704
0,0.0740751102566719
1,0.114596500992775
0,0.06517593562603
0,0.313729077577591
0,0.37650653719902
0,0.259167790412903
0,0.0245183147490025
0,0.851165950298309
0,0.0745933577418327
0,0.471842467784882
0,0.0195512920618057
0,0.106594361364841
0,0.789294898509979
0,0.135395690798759
0,0.191617175936699
0,0.266615241765976
1,0.387503147125244
0,0.149964645504951
0,0.528736114501953
0,0.021484375
1,0.657784461975098
0,0.363863557577133
0,0.0318712703883648
0,0.0087786316871643
0,0.0430331006646156
0,0.195421621203423
1,0.534402251243591
0,0.177552863955498
0,0.312049806118011
0,0.257936656475067
0,0.719414174556732
1,0.633007526397705
0,0.0812813863158226
0,0.0891813784837723
0,0.254524290561676
0,0.116542674601078
0,0.669111847877502
0,0.0283115487545729
0,0.669804334640503
0,0.0493330471217632
0,0.508006453514099
0,0.780951678752899
0,0.207436949014664
0,0.403181910514832
0,0.218553468585014
1,0.638102233409882
0,0.380060613155365
0,0.172403857111931
0,0.268559455871582
0,0.149182796478271
0,0.348902374505997
0,0.0142257800325751
0,0.0266738031059504
0,0.105590797960758
0,0.349679410457611
0,0.0744637474417686
0,0.273598670959473
0,0.508418142795563
1,0.976617574691772
0,0.173152104020119
0,0.06907057762146
0,0.252688616514206
0,0.0091550694778561
0,0.132514864206314
0,0.204094871878624
0,0.120261140167713
0,0.537026226520538
0,0.175786361098289
0,0.0617040321230888
0,0.432897567749023
0,0.171510353684425
1,0.209265395998955
0,0.178026407957077
0,0.0910598188638687
0,0.731805980205536
0,0.481822639703751
0,0.183453768491745
0,0.0648388117551804
0,0.0372139476239681
0,0.309744894504547
0,0.176776111125946
0,0.193560421466827
0,0.139703035354614
0,0.0901607051491737
0,0.336898922920227
0,0.131419599056244
0,0.0342413783073425
0,0.372259825468063
0,0.0181323662400246
1,0.735535860061646
0,0.0307531449943781
0,0.34167692065239
0,0.489585906267166
0,0.133681505918503
0,0.688904166221619
1,0.717348456382751
1,0.155817121267319
0,0.224579557776451
0,0.144566237926483
0,0.177887171506882
0,0.212915256619453
0,0.317187875509262
0,0.268484055995941
0,0.0333175472915173
1,0.436350971460342
0,0.249309659004211
0,0.29430228471756
1,0.836791217327118
0,0.026972034946084
0,0.0913545787334442
0,0.12975387275219
0,0.3297139108181
0,0.072635181248188
0,0.194006353616714
0,0.213358521461487
0,0.126036316156387
0,0.600423216819763
0,0.172701090574265
0,0.0676741898059845
0,0.0526615008711815
0,0.0497314669191837
0,0.0496016703546047
0,0.0457351468503475
0,0.267706960439682
0,0.42438143491745
0,0.0863073989748955
0,0.0535137914121151
0,0.118333414196968
0,0.0543527863919735
1,0.460256099700928
0,0.0420873239636421
0,0.0926676988601685
0,0.215408131480217
0,0.429691016674042
0,0.839374601840973
0,0.0368326753377914
0,0.401613503694534
0,0.147588074207306
0,0.0073278448544442
0,0.192256942391396
0,0.0829768404364586
0,0.0722595602273941
0,0.39257737994194
0,0.0498599037528038
0,0.0984214171767235
0,0.0629730150103569
0,0.394613713026047
0,0.0212348271161318
0,0.0568176582455635
0,0.0916206762194633
0,0.269566476345062
0,0.175050497055054
0,0.362403392791748
0,0.541491091251373
0,0.298811227083206
0,0.660536885261536
0,0.300228595733643
0,0.436323314905167
0,0.0942759811878204
1,0.995399415493011
0,0.0173498522490263
0,0.0160513613373041
0,0.0367854163050652
1,0.731201410293579
1,0.323990017175674
0,0.05078125
0,0.0208485927432775
0,0.447051227092743
0,0.463760554790497
0,0.0338673777878284
0,0.044118233025074
0,0.154969558119774
0,0.762878119945526
0,0.0353223383426666
0,0.217561572790146
0,0.108586579561234
0,0.0647845938801765
0,0.0359907858073711
0,0.0368957109749317
1,0.276083469390869
0,0.109934896230698
0,0.675519645214081
0,0.407922685146332
1,0.552344977855682
0,0.142901435494423
1,0.451836735010147
0,0.0773050040006638
0,0.0111857103183866
0,0.0137073211371899
0,0.0892410725355148
0,0.121600732207298
0,0.298597991466522
0,0.728950202465057
0,0.0482561774551868
0,0.260818541049957
1,0.996734499931335
0,0.264836937189102
0,0.184591487050056
0,0.20523376762867
0,0.125901609659195
0,0.512566149234772
0,0.0773054510354996
0,0.208573028445244
1,0.536735534667969
1,0.98797619342804
1,0.292267501354218
0,0.11641014367342
0,0.363096565008163
0,0.356007069349289
0,0.0414269454777241
1,0.919467985630035
0,0.0309723000973463
1,0.608270406723022
0,0.0308195520192385
0,0.0250048730522394
0,0.556101679801941
0,0.0347650088369846
0,0.274626076221466
1,0.638102233409882
0,0.0327292159199715
0,0.0018657757900655
0,0.220021471381187
0,0.0917504206299782
0,0.24458409845829
0,0.555023550987244
1,0.998333275318146
0,0.137721747159958
0,0.0360762998461723
1,0.973308622837067
0,0.0588882751762867
0,0.248449459671974
0,0.197710677981377
0,0.540148556232452
0,0.190736994147301
0,0.0225553046911955
0,0.0883354246616364
0,0.447138518095016
0,0.204670384526253
0,0.318316847085953
0,0.38574343919754
0,0.324000716209412
0,0.291515290737152
0,0.210348129272461
0,0.0874186530709267
1,0.990534365177155
0,0.0467176362872124
0,0.114582248032093
0,0.0871733576059341
0,0.0840735211968422
0,0.0405273996293545
0,0.0543705597519875
0,0.0108289616182446
0,0.825585722923279
0,0.479627370834351
0,0.965778410434723
0,0.256318330764771
0,0.0547003000974655
0,0.511606335639954
0,0.207441538572311
0,0.995476305484772
0,0.04872702434659
0,0.133630082011223
0,0.205187410116196
0,0.277447581291199
0,0.20829913020134
0,0.0261756591498852
0,0.111255928874016
0,0.793414533138275
0,0.120591968297958
0,0.065308578312397
0,0.116685070097446
0,0.179433405399323
0,0.44274365901947
0,0.170216411352158
0,0.346227079629898
0,0.289105117321014
0,0.04179572686553
0,0.0995128154754639
0,0.0425010472536087
0,0.70599240064621
0,0.189203813672066
0,0.109057858586311
0,0.100070483982563
0,0.0705906078219414
0,0.130132809281349
0,0.11304073035717
0,0.993937194347382
0,0.167508617043495
0,0.037951048463583
0,0.309583425521851
0,0.0182238295674324
0,0.300046503543854
0,0.192072421312332
1,0.84709906578064
0,0.764358460903168
0,0.377804160118103
1,0.905703008174896
0,0.109244175255299
0,0.0061894920654594
0,0.0546751730144024
0,0.0391367003321648
0,0.056303434073925
0,0.0570061393082142
0,0.119408212602139
0,0.0184076726436615
0,0.0519499517977238
0,0.0213751494884491
0,0.106021344661713
0,0.46024751663208
0,0.157966420054436
0,0.284389793872833
0,0.0791585817933083
0,0.152342796325684
0,0.658938705921173
0,0.191000416874886
1,0.445909529924393
0,0.258421868085861
0,0.0386104695498943
0,0.116556726396084
1,0.993406891822815
0,0.0506091602146626
0,0.35130187869072
1,0.555873095989227
0,0.433016777038574
0,0.465625613927841
1,0.496089100837708
0,0.678780078887939
0,0.232956781983376
0,0.149491846561432
0,0.109722346067429
0,0.050261914730072
0,0.172862455248833
0,0.324673473834991
0,0.291245251893997
0,0.217335298657417
0,0.0719868391752243
0,0.0505051501095295
0,0.466140657663345
0,0.185987412929535
0,0.12142239511013
1,0.164291277527809
0,0.97359424829483
1,0.39698314666748
0,0.364459991455078
0,0.181383058428764
0,0.450058132410049
0,0.772118151187897
0,0.0787965729832649
0,0.155191019177437
0,0.673525810241699
0,0.0441405922174454
0,0.2040044516325
0,0.336449563503265
0,0.159245148301125
0,0.138691961765289
0,0.179596036672592
0,0.161401867866516
0,0.0405000001192093
0,0.215984612703323
0,0.0464770346879959
0,0.139760449528694
0,0.224214121699333
0,0.182045593857765
0,0.0844704583287239
0,0.0247640572488308
0,0.439592033624649
0,0.15044866502285
0,0.0747196823358536
0,0.338104754686356
0,0.0300355013459921
0,0.0901728048920631
0,0.37588232755661
0,0.16902095079422
0,0.0207974128425121
0,0.215850844979286
0,0.0625177249312401
0,0.177679985761642
0,0.05199034512043
0,0.0639992281794548
0,0.630390644073486
0,0.667397022247314
0,0.951793074607849
0,0.0262356325984001
0,0.155203193426132
0,0.132694572210312
0,0.134868994355202
0,0.224714159965515
1,0.278884291648865
0,0.184956684708595
0,0.880280673503876
0,0.105983525514603
0,0.0828133299946785
0,0.162205383181572
0,0.176613599061966
0,0.0425970107316971
0,0.0162404198199511
0,0.40218847990036
0,0.162548094987869
0,0.260690420866013
0,0.2543865442276
0,0.0844137221574783
0,0.103076480329037
0,0.0647966042160988
0,0.0448290668427944
0,0.0289177764207125
0,0.0676449984312057
0,0.416308641433716
0,0.65141224861145
0,0.0492667369544506
0,0.123683735728264
0,0.0542161948978901
0,0.388617694377899
0,0.241684749722481
0,0.0954219102859497
0,0.0407003909349442
0,0.0122243817895651
0,0.0249853022396564
0,0.0957779884338379
0,0.203799739480019
0,0.304383367300034
0,0.598897397518158
0,0.0555590502917767
0,0.204051226377487
0,0.0303866919130087
1,0.185341075062752
0,0.407267570495605
0,0.183936044573784
0,0.060703169554472
1,0.993120491504669
0,0.0824841111898422
0,0.0986651480197906
0,0.008705279789865
0,0.295488238334656
0,0.0730529874563217
0,0.621577978134155
1,0.998333275318146
0,0.511039853096008
0,0.0717313289642334
0,0.0901103168725967
0,0.440273582935333
0,0.351222485303879
0,0.215090453624725
0,0.344924598932266
0,0.0674877464771271
0,0.0574111044406891
1,0.621720135211945
0,0.0326429978013039
0,0.15258863568306
0,0.709584593772888
0,0.246265023946762
0,0.071844220161438
0,0.0084003955125808
0,0.704075515270233
0,0.0431560501456261
0,0.68396407365799
0,0.111726850271225
0,0.0552933253347874
0,0.180288806557655
1,0.288258850574493
0,0.282927572727203
0,0.106901429593563
0,0.0600194074213505
0,0.234525710344315
0,0.0593523010611534
1,0.316125124692917
0,0.219588279724121
0,0.413996964693069
0,0.030389241874218
0,0.206640779972076
0,0.0657375231385231
0,0.0554078109562397
0,0.131272077560425
0,0.278528362512589
0,0.241558790206909
0,0.383321642875671
0,0.0560181923210621
0,0.0899146869778633
0,0.163896575570107
0,0.114040240645409
0,0.0503196716308594
0,0.173381686210632
0,0.0973213091492653
0,0.0919036865234375
0,0.179330095648766
1,0.583507657051086
0,0.0697467252612114
0,0.719533503055573
0,0.545930027961731
0,0.309221029281616
0,0.492883116006851
0,0.237231478095055
0,0.101855352520943
0,0.64491993188858
0,0.0722948834300041
0,0.025676479563117
0,0.131025269627571
0,0.163011744618416
1,0.619512319564819
0,0.528878927230835
0,0.052383080124855
0,0.144322529435158
0,0.145804852247238
0,0.515467882156372
0,0.0417311191558838
0,0.0935199037194252
0,0.202192023396492
0,0.123292908072472
0,0.593929171562195
0,0.0689517632126808
0,0.176515713334084
0,0.032120119780302
0,0.0632261857390404
0,0.155284032225609
0,0.0298499576747417
0,0.75537782907486
1,0.981319487094879
0,0.774886786937714
0,0.116360396146774
0,0.0425055921077728
1,0.969241917133331
0,0.164469853043556
0,0.0027010007761418
0,0.273165047168732
0,0.133337050676346
0,0.036226075142622
0,0.270853638648987
0,0.724588930606842
0,0.384475529193878
0,0.185302928090096
0,0.339933216571808
0,0.158392995595932
1,0.34889554977417
0,0.393535584211349
0,0.695742070674896
0,0.0246917773038149
0,0.203585475683212
0,0.0496373102068901
0,0.266710191965103
0,0.0323054082691669
0,0.2015520632267
0,0.568792879581451
0,0.0616317242383957
0,0.110011830925941
0,0.0464518964290619
0,0.0520168356597424
0,0.363995224237442
0,0.36194583773613
0,0.0542909428477287
0,0.299200862646103
0,0.064811497926712
0,0.10201869904995
1,0.1871377825737
0,0.0541946031153202
0,0.441973745822906
0,0.0569601655006409
0,0.104974962770939
0,0.0143119320273399
0,0.344485074281693
0,0.14784400165081
0,0.287604659795761
0,0.0597756616771221
0,0.0720386281609535
0,0.229396119713783
0,0.1560228317976
0,0.0362796746194363
0,0.13924552500248
0,0.0519568026065826
1,0.97106546163559
0,0.132782325148582
0,0.0908269807696342
0,0.291316419839859
0,0.489886522293091
0,0.0547301582992077
0,0.985266089439392
0,0.0978983640670776
0,0.0576725192368031
1,0.989425480365753
0,0.294604808092117
0,0.866797924041748
0,0.0423135720193386
0,0.0130312917754054
0,0.0616568773984909
0,0.379658818244934
0,0.0677498057484627
1,0.0514075979590416
0,0.253766179084778
1,0.60894387960434
0,0.24357034265995
0,0.0731257870793343
0,0.0903085991740227
0,0.101580552756786
0,0.108422286808491
0,0.0472164563834667
1,0.409717470407486
0,0.0399679243564606
0,0.127030253410339
0,0.889562427997589
0,0.238980710506439
0,0.567675650119781
0,0.226881518959999
0,0.153411045670509
1,0.11279121786356
0,0.0422337241470814
0,0.899787366390228
0,0.112937428057194
0,0.294563442468643
0,0.0239276401698589
0,0.200844004750252
1,0.628695607185364
0,0.317385852336884
0,0.0926822051405907
0,0.420671671628952
0,0.790820479393005
0,0.0271744355559349
0,0.330982893705368
0,0.309596508741379
0,0.168014615774155
0,0.234958693385124
0,0.0408322997391224
0,0.23691563308239
0,0.0517648607492447
0,0.0933418944478035
0,0.312273889780045
0,0.0450074709951878
0,0.825195491313934
0,0.258559554815292
0,0.252505093812943
0,0.301262497901917
0,0.0899431779980659
0,0.211983725428581
0,0.0411601886153221
0,0.351143598556519
0,0.154575332999229
0,0.156244426965714
0,0.357095241546631
0,0.188385635614395
1,0.84709906578064
0,0.212373644113541
0,0.0488824397325516
0,0.0023013257887214
0,0.642044246196747
0,0.0494710132479668
0,0.0490674860775471
0,0.291094243526459
0,0.0371121019124985
0,0.119311168789864
1,0.790318429470062
0,0.0615707337856293
0,0.0290594510734081
0,0.024508697912097
0,0.320154458284378
1,0.453921735286713
0,0.28561669588089
0,0.334756553173065
0,0.0466995090246201
0,0.0462717078626156
0,0.0474380999803543
0,0.756472587585449
0,0.23099559545517
0,0.140701726078987
0,0.650768160820007
0,0.378294676542282
1,0.587172627449036
0,0.119669318199158
0,0.032452430576086
0,0.0390113778412342
0,0.134359017014503
0,0.436635345220566
0,0.428685396909714
0,0.0987310186028481
0,0.697029948234558
0,0.823639690876007
0,0.030717758461833
0,0.141269370913506
0,0.12312663346529
0,0.282602310180664
0,0.0981336534023285
0,0.109060786664486
0,0.0451324209570885
0,0.162477195262909
1,0.287887096405029
0,0.157505139708519
0,0.403668731451035
1,0.9898561835289
0,0.0578858256340027
0,0.0732868537306786
0,0.19907808303833
0,0.0334349945187569
0,0.211395859718323
1,0.998333275318146
0,0.0036687145475298
0,0.255296468734741
0,0.17578986287117
0,0.075969435274601
0,0.0882121324539185
0,0.112489975988865
0,0.385195642709732
1,0.910191118717194
0,0.0909876450896263
0,0.42284169793129
0,0.0249645635485649
0,0.292942136526108
0,0.157877489924431
0,0.285751760005951
0,0.0857495963573456
0,0.06576769053936
0,0.0243443604558706
0,0.921728670597076
0,0.192160680890083
0,0.242533773183823
0,0.0376701205968857
0,0.0880597159266472
0,0.258228480815887
0,0.339477449655533
1,0.965557813644409
0,0.165165916085243
0,0.248939871788025
0,0.12183428555727
1,0.34889554977417
0,0.501115262508392
0,0.062033124268055
0,0.0884062498807907
0,0.0262032710015774
0,0.380279093980789
0,0.148930847644806
0,0.173647865653038
0,0.177630797028542
0,0.240917429327965
0,0.0508352629840374
0,0.306472599506378
0,0.231486037373543
0,0.262962847948074
0,0.0210458859801292
0,0.25713238120079
1,0.937496066093445
0,0.173656329512596
0,0.447117954492569
0,0.293985605239868
0,0.0820296853780746
0,0.870724439620972
0,0.0758309960365295
0,0.162311226129532
0,0.012457462027669
0,0.127941459417343
0,0.20220935344696
0,0.0907108932733536
0,0.497735589742661
0,0.41951197385788
0,0.11918681114912
0,0.0544103123247623
0,0.0636885613203049
0,0.180503115057945
0,0.182925865054131
0,0.0444057509303093
0,0.102621182799339
0,0.0295563694089651
0,0.220950156450272
0,0.133723691105843
0,0.649926602840424
0,0.93729442358017
0,0.431061238050461
0,0.141525521874428
0,0.516838014125824
0,0.298339784145355
0,0.0733204931020737
0,0.139386087656021
0,0.0243731029331684
0,0.111180260777473
0,0.0418805629014969
0,0.0990564301609993
0,0.2948377430439
0,0.276708513498306
0,0.0952815189957619
0,0.530520856380463
0,0.086163803935051
0,0.0291257761418819
0,0.018142931163311
0,0.263358235359192
1,0.614346861839294
0,0.286094635725021
1,0.919247269630432
0,0.210237354040146
0,0.635871410369873
0,0.136458516120911
0,0.0484065748751163
0,0.106768690049648
0,0.197011575102806
0,0.0893336161971092
0,0.0519699491560459
0,0.0377834104001522
0,0.0948383063077927
0,0.0550372079014778
0,0.176508381962776
0,0.0728949010372162
0,0.3872010409832
0,0.148096323013306
0,0.162282958626747
0,0.017496021464467
0,0.168442472815514
0,0.139604479074478
0,0.373191446065903
0,0.618918001651764
0,0.277976751327515
0,0.0780104249715805
1,0.927966117858887
0,0.0547627918422222
0,0.152331307530403
0,0.0613848343491554
0,0.102118909358978
0,0.376520097255707
0,0.400781989097595
0,0.113310791552067
0,0.411367535591125
0,0.114717088639736
0,0.609690189361572
0,0.256185710430145
0,0.2495246976614
0,0.0169418025761843
0,0.388086646795273
0,0.269542247056961
0,0.783740341663361
0,0.0182576142251492
0,0.131509229540825
0,0.445807605981827
0,0.471318960189819
0,0.0599293410778046
0,0.0627284795045853
0,0.186333000659943
0,0.0376151762902737
0,0.0739046782255173
0,0.109370678663254
0,0.0218316130340099
0,0.185188636183739
0,0.243721142411232
0,0.0233994424343109
0,0.231519997119904
0,0.188023820519447
0,0.429398149251938
0,0.118609815835953
0,0.0455707907676697
0,0.203134536743164
0,0.0363958515226841
0,0.0998106449842453
1,0.737122714519501
0,0.321046322584152
1,0.180955842137337
0,0.008910241536796
0,0.0660415589809418
0,0.389307677745819
0,0.183221384882927
0,0.0195037443190813
0,0.372942000627518
0,0.816777586936951
0,0.317970961332321
0,0.166556805372238
1,0.38054421544075
0,0.280786573886871
0,0.156778454780579
0,0.119453333318233
0,0.0829711481928825
0,0.0451706573367119
0,0.117306888103485
0,0.143418654799461
0,0.881957173347473
1,0.879210412502289
0,0.0396553948521614
1,0.984819769859314
0,0.0301218423992395
0,0.416648626327515
0,0.189022570848465
0,0.0308135692030191
0,0.131201401352882
0,0.0772257819771767
0,0.088944599032402
0,0.177050709724426
0,0.209853067994118
0,0.147577613592148
0,0.339236438274384
0,0.7425936460495
0,0.0164294596761465
0,0.159536466002464
0,0.664683878421783
0,0.0545583628118038
0,0.0354570373892784
0,0.0881899818778038
0,0.226268842816353
0,0.122594125568867
0,0.015270072966814
0,0.4902383685112
0,0.129221647977829
0,0.0402061641216278
0,0.374743014574051
0,0.0705475136637688
0,0.0449087917804718
0,0.792020618915558
0,0.079341396689415
0,0.467618703842163
0,0.240729510784149
0,0.503689467906952
0,0.0156409852206707
0,0.832581400871277
0,0.0900369212031364
0,0.201043680310249
0,0.169646754860878
1,0.999349653720856
0,0.118291512131691
0,0.795915067195892
0,0.0671615079045296
0,0.342503756284714
0,0.18677943944931
0,0.154208168387413
0,0.0184502825140953
0,0.0312546119093895
0,0.19052965939045
0,0.37105667591095
0,0.179875373840332
0,0.0151484031230211
0,0.126362830400467
0,0.113216921687126
0,0.191115692257881
0,0.106586210429668
0,0.571283280849457
0,0.0744547247886658
0,0.0497864559292793
0,0.541214466094971
1,0.983603060245514
0,0.232175022363663
0,0.0700588747859001
1,0.822148263454437
0,0.119755901396275
1,0.9999960064888
0,0.230563193559647
0,0.246548146009445
0,0.576575875282288
0,0.555667102336884
0,0.201667055487633
0,0.208809927105904
0,0.312544852495193
0,0.0238182730972767
0,0.168431714177132
0,0.099148616194725
0,0.416505634784698
0,0.0503562241792679
0,0.11528505384922
0,0.055652067065239
0,0.653718590736389
0,0.284050822257996
0,0.466269314289093
0,0.145595863461494
0,0.199644967913628
0,0.152465268969536
0,0.43702507019043
0,0.219425424933434
0,0.215062364935875
0,0.185841396450996
1,0.881906092166901
0,0.21863280236721
0,0.232643589377403
0,0.108387738466263
0,0.251703202724457
0,0.480021417140961
0,0.0342883542180061
0,0.511609613895416
0,0.375585973262787
0,0.257477670907974
0,0.201810821890831
0,0.179923713207245
0,0.0879754349589348
0,0.0255798120051622
0,0.0813700333237648
0,0.331061899662018
0,0.264829069375992
0,0.207991138100624
0,0.288018614053726
0,0.373169094324112
0,0.620356023311615
0,0.0456971488893032
0,0.285138040781021
0,0.038559976965189
0,0.0311444588005543
0,0.822324216365814
0,0.0553548000752926
0,0.305554956197739
1,0.569297432899475
0,0.243097811937332
0,0.026814341545105
0,0.0781441628932953
0,0.32317054271698
1,0.522591114044189
0,0.358943074941635
1,0.998066782951355
1,0.995433688163757
0,0.289828330278397
0,0.281750440597534
0,0.0732773840427399
0,0.16658116877079
0,0.248124405741692
0,0.52089923620224
0,0.427651256322861
0,0.0904578492045403
0,0.0302575081586838
0,0.0190134830772877
0,0.320543467998505
0,0.0392195992171764
0,0.0416458770632744
0,0.0839054062962532
0,0.870192885398865
1,0.970834016799927
0,0.0691543892025948
0,0.741253674030304
0,0.0382447093725204
0,0.213806450366974
1,0.978503167629242
0,0.0617389380931854
0,0.0664379149675369
0,0.0278114583343267
0,0.200239226222038
0,0.17147333920002
0,0.099677637219429
0,0.0385269708931446
0,0.253092497587204
0,0.0084307081997394
0,0.459353774785995
0,0.169871166348457
1,0.98320335149765
0,0.0470248684287071
0,0.106115289032459
0,0.0684026554226875
0,0.0628586262464523
0,0.173057317733765
1,0.469196885824203
0,0.0778564140200615
1,0.735535860061646
0,0.0772505551576614
0,0.375736236572266
0,0.969407379627228
0,0.0138423377647996
0,0.0920762270689011
0,0.0681920349597931
0,0.226381450891495
0,0.564745962619781
0,0.534359872341156
0,0.0308863408863544
0,0.248388454318047
0,0.264555096626282
0,0.201133728027344
0,0.254719406366348
0,0.303495138883591
0,0.0793730169534683
0,0.0110906343907118
0,0.216440111398697
1,0.400290578603745
0,0.111735515296459
0,0.188013732433319
0,0.193023949861526
0,0.183938413858414
0,0.160070538520813
0,0.0715474933385849
0,0.699831128120422
1,0.46540167927742
0,0.126831009984016
0,0.222657635807991
0,0.146265953779221
1,0.81716114282608
0,0.109724298119545
0,0.167547345161438
0,0.105203092098236
0,0.16705234348774
0,0.190577477216721
0,0.148593619465828
0,0.0181726086884737
0,0.166266724467278
0,0.0140590677037835
0,0.360070139169693
0,0.346642404794693
0,0.0671795755624771
0,0.0150388674810529
0,0.163461402058601
0,0.343452274799347
0,0.059171237051487
0,0.104458212852478
0,0.0176114849746227
0,0.111070580780506
0,0.559858560562134
0,0.0587809048593044
0,0.0476997643709183
0,0.0538265369832516
0,0.162748977541924
0,0.20403453707695
0,0.0587520338594913
0,0.0131926406174898
0,0.193294778466225
0,0.273511946201324
0,0.290731936693192
0,0.0833695456385612
0,0.0474519729614258
0,0.103396557271481
0,0.204686403274536
0,0.0708106011152267
0,0.0473835356533527
0,0.256009429693222
0,0.731636464595795
0,0.223228797316551
0,0.248140692710876
0,0.224399700760841
0,0.049749344587326
0,0.0696092844009399
0,0.329108148813248
0,0.151386082172394
0,0.16866834461689
0,0.0058578057214617
0,0.3975969851017
0,0.200886413455009
0,0.213471338152885
0,0.0584805607795715
0,0.036448311060667
0,0.105038337409496
0,0.0828329250216484
0,0.257545471191406
0,0.0682625249028206
0,0.0999082624912262
0,0.103518828749657
0,0.0790135562419891
0,0.216691300272942
0,0.030873741954565
0,0.143861085176468
0,0.281948417425156
0,0.0211393069475889
0,0.287269502878189
0,0.114943459630013
0,0.223020523786545
0,0.0145943714305758
0,0.0601435750722885
0,0.0676479488611221
0,0.0119877466931939
0,0.108794398605824
0,0.156844884157181
0,0.248663425445557
0,0.411522328853607
0,0.119299672544003
0,0.278261661529541
0,0.0690049454569817
0,0.172584637999535
0,0.273886352777481
0,0.0230901930481195
1,0.949359834194183
0,0.230616837739944
0,0.0304339192807674
0,0.20865672826767
0,0.20996966958046
0,0.129825174808502
1,0.952704191207886
0,0.500710368156433
0,0.077313706278801
0,0.055629551410675
0,0.0603133216500282
1,0.775764226913452
1,0.281027853488922
0,0.0417960323393345
0,0.158236637711525
0,0.124107733368874
0,0.0649279430508614
0,0.0700687021017075
1,0.196909561753273
0,0.148443609476089
0,0.291488587856293
0,0.160340934991837
0,0.12019170075655
0,0.112198799848557
0,0.754047334194183
0,0.19736447930336
0,0.274744212627411
0,0.0605900995433331
0,0.306121349334717
0,0.178719729185104
0,0.105026811361313
0,0.199676319956779
0,0.380659133195877
1,0.402034997940063
0,0.0761606395244598
0,0.0320711098611355
0,0.286017239093781
0,0.21660690009594
0,0.106257848441601
0,0.430548280477524
0,0.0521134585142136
0,0.0310086868703365
0,0.0508334897458553
1,0.645394742488861
0,0.043131411075592
0,0.0527529157698154
0,0.885744035243988
0,0.0269835963845253
0,0.221671134233475
0,0.395605087280273
0,0.13838329911232
0,0.0197131372988224
0,0.222776606678963
0,0.0187382213771343
0,0.0128700537607074
0,0.694793164730072
0,0.0542571246623993
0,0.187406226992607
0,0.0309304744005203
0,0.0420471467077732
0,0.272964775562286
0,0.149869441986084
0,0.0928895473480225
0,0.179195865988731
0,0.0567611791193485
0,0.0236245151609182
0,0.909051358699799
0,0.365522354841232
0,0.190384536981583
0,0.629472613334656
0,0.325401902198792
0,0.0759513676166534
0,0.310222506523132
0,0.0744371563196182
0,0.0465320274233818
0,0.383091986179352
0,0.362951457500458
0,0.941895484924316
0,0.289274007081985
0,0.154515653848648
0,0.199549928307533
0,0.029498465359211
1,0.258980304002762
0,0.322652190923691
0,0.0298306290060282
0,0.356532037258148
0,0.200580090284348
0,0.33097967505455
0,0.134686797857285
0,0.0820078998804092
0,0.063035324215889
0,0.135064244270325
0,0.184830605983734
0,0.50982803106308
0,0.25201290845871
0,0.391546934843063
0,0.0218876078724861
0,0.459320485591888
0,0.289562463760376
0,0.430002719163895
0,0.18073470890522
1,0.99799644947052
0,0.123035490512848
0,0.0669625177979469
0,0.29306560754776
0,0.103684097528458
1,0.372676879167557
0,0.0335595943033695
0,0.277723342180252
0,0.1521205753088
0,0.740622818470001
0,0.0399655289947987
1,0.131358295679092
0,0.193678840994835
0,0.0612989589571953
0,0.173034697771072
0,0.0910008028149605
0,0.513800859451294
0,0.0500625744462013
1,0.590619444847107
0,0.793808341026306
0,0.0396570712327957
0,0.297020763158798
0,0.236542791128159
0,0.0515925399959087
0,0.130820572376251
0,0.0279983058571815
0,0.0368996597826481
0,0.650741279125214
0,0.570299506187439
0,0.037337850779295
1,0.999065637588501
0,0.614233791828156
0,0.374165832996368
0,0.445754706859589
0,0.0413614027202129
0,0.802267789840698
0,0.0615149922668934
0,0.0822504237294197
0,0.0251481905579567
1,0.961191654205322
0,0.113478057086468
0,0.107132352888584
0,0.11037141084671
0,0.0540041476488113
0,0.192359060049057
0,0.219110742211342
0,0.157703369855881
1,0.992277204990387
0,0.440428018569946
0,0.101040527224541
0,0.22965095937252
0,0.106625698506832
1,0.966270685195923
0,0.141717448830605
0,0.0862221345305443
0,0.722857534885406
0,0.241913169622421
0,0.302649050951004
0,0.0721120983362198
0,0.201121583580971
0,0.229590699076653
0,0.223386391997337
0,0.0568400211632252
0,0.211019307374954
0,0.0865938737988472
0,0.12379551678896
1,0.34889554977417
0,0.11713071167469
0,0.111197508871555
0,0.051896121352911
0,0.192735567688942
1,0.267188638448715
0,0.114111520349979
0,0.0579908154904842
1,0.773050487041473
0,0.280241101980209
0,0.508341908454895
0,0.0809776484966278
0,0.180933564901352
0,0.388241618871689
0,0.0946041792631149
0,0.222692459821701
0,0.0391313694417477
0,0.246466279029846
0,0.0861697569489479
0,0.139712035655975
0,0.0702264010906219
0,0.440861254930496
0,0.169648930430412
0,0.0385464690625668
0,0.163390770554543
0,0.0666175782680511
0,0.264814257621765
0,0.0977580323815346
0,0.0506285950541496
0,0.595428049564362
0,0.289983004331589
0,0.278964936733246
0,0.21544486284256
0,0.104165390133858
0,0.306372761726379
0,0.237391263246536
1,0.102806933224201
0,0.196024611592293
0,0.144002228975296
0,0.189313665032387
0,0.160111650824547
0,0.0702637806534767
1,0.934121966362
0,0.181487813591957
0,0.203767880797386
0,0.0883689001202583
0,0.303923904895782
1,0.480570793151855
0,0.0262373238801956
0,0.678424715995789
0,0.0336108766496181
0,0.37800121307373
0,0.122145898640156
0,0.102635763585567
1,0.97890704870224
0,0.225562825798988
0,0.155336856842041
0,0.0916959419846535
0,0.0222933478653431
0,0.0890425220131874
0,0.0832229033112526
0,0.270430088043213
0,0.0896918028593063
1,0.257163256406784
0,0.0740251988172531
0,0.165185377001762
0,0.0493029318749905
0,0.163131549954414
0,0.0194504428654909
0,0.287920325994492
0,0.0925979986786842
0,0.728790700435638
0,0.781168639659882
0,0.246418237686157
0,0.213893070816994
1,0.872502088546753
0,0.227062866091728
0,0.366604536771774
0,0.211514547467232
0,0.0274200420826674
0,0.331871926784515
0,0.31024706363678
0,0.0538984499871731
0,0.655355989933014
0,0.271418124437332
0,0.43685182929039
0,0.490064233541489
0,0.349455088376999
0,0.386119723320007
0,0.223673969507217
0,0.116323485970497
0,0.396196752786636
0,0.0151230273768306
0,0.180619135499001
0,0.764125347137451
0,0.317660450935364
0,0.205544710159302
0,0.115454219281673
0,0.0148887168616056
0,0.268459022045135
0,0.0656617134809494
0,0.0283527057617903
0,0.203770935535431
0,0.334612041711807
0,0.0227791368961334
1,0.572033047676086
0,0.846256732940674
0,0.455734372138977
0,0.147291615605354
0,0.339246481657028
0,0.0616071149706841
0,0.193056628108025
0,0.179588451981544
0,0.0833947360515594
0,0.29054793715477
0,0.177123457193375
0,0.510980844497681
1,0.656104505062103
0,0.181194141507149
0,0.0327655263245106
0,0.157700076699257
0,0.134712859988213
0,0.126399591565132
0,0.069256566464901
0,0.0760827958583832
0,0.141535401344299
0,0.250445336103439
0,0.0654465928673744
1,0.300930380821228
0,0.124577812850475
0,0.612528085708618
0,0.816119968891144
0,0.0763558745384216
0,0.148674622178078
0,0.287369698286057
0,0.0569552704691887
0,0.712783873081207
0,0.219607546925545
1,0.826302766799927
0,0.102911792695522
0,0.0827793031930923
0,0.314109325408936
0,0.305556118488312
0,0.208413138985634
0,0.15424482524395
0,0.164338827133179
0,0.529711008071899
0,0.265629768371582
1,0.597628831863403
0,0.163953930139542
0,0.246827661991119
0,0.512515783309937
0,0.284953117370605
0,0.266187429428101
0,0.126066744327545
0,0.0030853881035
0,0.0456122606992722
0,0.186995357275009
0,0.614543855190277
0,0.0685010477900505
0,0.214983329176903
0,0.030771067366004
0,0.0764731466770172
0,0.192754521965981
0,0.133831769227982
0,0.0090780286118388
0,0.261117160320282
0,0.0755037888884544
0,0.0729649662971497
0,0.0223698299378157
0,0.0878053903579712
1,0.47253742814064
0,0.670777440071106
0,0.0489719845354557
0,0.26057168841362
0,0.153558790683746
0,0.406804949045181
0,0.325769305229187
0,0.127958178520203
0,0.163910940289497
0,0.304280668497086
0,0.289026260375977
0,0.179621055722237
0,0.226324945688248
1,0.919391691684723
0,0.600605130195618
0,0.246633023023605
0,0.16822025179863
0,0.0601351745426655
1,0.734372615814209
0,0.334641516208649
0,0.134680420160294
0,0.10851725935936
0,0.149086087942123
0,0.200204506516457
0,0.0561083890497684
0,0.222045704722404
0,0.0158363748341799
0,0.151696085929871
0,0.0512851178646088
0,0.106033906340599
0,0.185632064938545
0,0.201689198613167
0,0.20081627368927
0,0.130843952298164
1,0.998333275318146
0,0.447331219911575
0,0.146715492010117
0,0.371636867523193
0,0.248926043510437
0,0.0365154929459095
0,0.0346892513334751
0,0.341220498085022
0,0.200397282838821
0,0.131053283810616
0,0.0765917003154755
0,0.0343119762837887
0,0.181892827153206
0,0.2092095464468
0,0.119496904313564
0,0.0836960598826408
0,0.197836294770241
0,0.0825757011771202
0,0.175904482603073
0,0.511447608470917
0,0.0275449026376009
0,0.149370387196541
0,0.255866944789886
0,0.0531287528574467
0,0.887614250183105
0,0.34829369187355
0,0.285843938589096
0,0.223398312926292
0,0.0409506782889366
0,0.130250751972198
0,0.225122168660164
1,0.108924679458141
0,0.389459490776062
0,0.148998215794563
1,0.441352635622025
0,0.223046869039536
0,0.0660373270511627
0,0.0192794166505337
0,0.174551546573639
0,0.0728801488876343
0,0.0396333336830139
1,0.991855621337891
0,0.0349893122911453
0,0.135936439037323
0,0.679369568824768
0,0.0027939795982092
0,0.20514602959156
0,0.231152445077896
0,0.0662783682346344
0,0.010412915609777
0,0.268712788820267
1,0.445926696062088
1,0.859712660312653
0,0.303009867668152
0,0.311605364084244
0,0.445217341184616
0,0.095287449657917
0,0.385868966579437
0,0.279263645410538
0,0.946402907371521
0,0.35662430524826
0,0.0301168188452721
0,0.378231257200241
0,0.0495352633297443
0,0.102797113358974
0,0.0643599927425385
0,0.271008968353271
0,0.153907835483551
0,0.618726968765259
0,0.0189679004251957
0,0.0151622481644154
0,0.038815438747406
0,0.0663232356309891
0,0.206563994288445
0,0.0711680576205254
0,0.16050286591053
0,0.302332431077957
0,0.334767401218414
0,0.409711331129074
0,0.500278055667877
0,0.108127519488335
0,0.182985216379166
0,0.266113370656967
0,0.326635241508484
0,0.252151399850845
0,0.119837820529938
0,0.0519232712686062
0,0.149606063961983
1,0.911241948604584
1,0.54682445526123
0,0.142826303839684
0,0.203133329749107
0,0.0627987757325172
0,0.424098193645477
0,0.492543399333954
0,0.46866849064827
0,0.0686784014105797
0,0.696686148643494
0,0.1938207000494
0,0.255551040172577
0,0.182236671447754
0,0.989447236061096
0,0.162605240941048
0,0.140894785523415
0,0.916183054447174
0,0.216991558670998
1,0.0901535004377365
0,0.206334039568901
0,0.0268753655254841
0,0.0938276201486588
0,0.498306900262833
0,0.198372393846512
0,0.084434986114502
0,0.0458931922912598
0,0.176887303590775
0,0.209215193986893
0,0.240506634116173
0,0.576284289360046
0,0.134230464696884
0,0.226271480321884
0,0.159599408507347
0,0.110401034355164
0,0.28654482960701
1,0.401806205511093
0,0.27601233124733
0,0.307694643735886
0,0.117373049259186
0,0.0485199466347694
0,0.146016865968704
0,0.338045299053192
1,0.847362577915192
0,0.157216086983681
1,0.991524338722229
0,0.0449185632169247
1,0.986611604690552
0,0.179222792387009
0,0.768516540527344
0,0.875578641891479
1,0.85569167137146
0,0.231946170330048
0,0.149025186896324
1,0.779769361019135
0,0.246915340423584
0,0.0507943034172058
0,0.108684532344341
0,0.167857557535172
0,0.0278257839381695
0,0.0583175756037235
0,0.121879532933235
0,0.614444017410278
0,0.0782039240002632
1,0.452868580818176
0,0.410874843597412
0,0.396261781454086
0,0.167972251772881
0,0.383869647979736
0,0.179557546973228
0,0.0345588624477386
0,0.254346460103989
0,0.211434528231621
0,0.0869384482502937
0,0.266934841871262
0,0.0977921932935715
0,0.0339545346796513
0,0.90808516740799
0,0.122400186955929
1,0.987250208854675
0,0.277731895446777
0,0.225776672363281
0,0.101889669895172
0,0.14271654188633
0,0.29234591126442
1,0.0768098756670952
1,0.926537215709686
0,0.205135747790337
0,0.575220823287964
0,0.23864771425724
0,0.0218711365014315
0,0.337608188390732
0,0.174431711435318
0,0.163849726319313
0,0.0347671397030354
0,0.0422172583639622
0,0.262637376785278
0,0.0965291112661362
0,0.209964737296104
0,0.0073675406165421
0,0.415230423212051
0,0.0376272201538086
0,0.104003988206387
0,0.032246433198452
0,0.53656792640686
0,0.360949546098709
0,0.0391971357166767
0,0.0688541606068611
0,0.74639880657196
0,0.249786779284477
0,0.644388854503632
0,0.451802223920822
0,0.619211673736572
0,0.0009162909118458
0,0.331721216440201
0,0.223746061325073
0,0.174592137336731
0,0.0564985983073711
1,0.962229251861572
0,0.139136418700218
0,0.461553245782852
0,0.119764596223831
0,0.0863528549671173
0,0.740765333175659
0,0.457047879695892
0,0.285312175750732
0,0.179460078477859
0,0.0722226426005363
0,0.174896687269211
1,0.770764112472534
0,0.0218044202774763
0,0.149732768535614
0,0.101758114993572
0,0.771993815898895
0,0.0405391566455364
0,0.094641275703907
0,0.565493047237396
0,0.240938693284988
0,0.153904438018799
0,0.0659761354327202
0,0.169528737664223
0,0.0442875176668167
0,0.142138719558716
1,0.359996199607849
1,0.73540586233139
0,0.017662525177002
0,0.0666893050074577
0,0.222282007336617
0,0.784822821617126
0,0.742691814899445
1,0.993911623954773
0,0.0496709942817688
0,0.202294856309891
0,0.0657724067568779
0,0.639031648635864
0,0.0123986732214689
0,0.187432020902634
0,0.189769297838211
0,0.19032384455204
0,0.194742724299431
0,0.105169638991356
0,0.245929077267647
0,0.114036738872528
0,0.128300085663795
0,0.0138506134971976
1,0.993485152721405
0,0.243564382195473
0,0.0859640762209892
0,0.132374256849289
0,0.118839398026466
0,0.172924801707268
0,0.144855469465256
0,0.065718911588192
0,0.237424030900002
0,0.129594758152962
0,0.190303951501846
0,0.275415509939194
0,0.0791656449437141
0,0.117894448339939
0,0.103847831487656
0,0.101802453398705
0,0.231755986809731
0,0.436244636774063
0,0.892250716686249
0,0.548345267772675
0,0.0905989184975624
0,0.339853852987289
0,0.0943389758467674
0,0.902782559394836
0,0.060420211404562
0,0.0609129145741463
0,0.136822804808617
0,0.138790220022202
0,0.136623412370682
0,0.519157290458679
0,0.105271577835083
0,0.0269323512911797
0,0.0397258438169956
0,0.328901082277298
0,0.794084250926971
0,0.443688094615936
0,0.513494729995728
0,0.213649421930313
0,0.2717544734478
0,0.101115189492702
0,0.0273611843585968
0,0.0076403184793889
0,0.133537843823433
0,0.160012781620026
0,0.118391841650009
0,0.013596810400486
0,0.611941158771515
0,0.739074110984802
0,0.210088416934013
0,0.0922102779150009
0,0.62524026632309
0,0.140759214758873
0,0.115393079817295
0,0.103608772158623
0,0.153584226965904
0,0.135811790823936
0,0.193567752838135
0,0.155235320329666
1,0.995399415493011
0,0.0296826045960188
0,0.536210656166077
0,0.370964348316193
0,0.0124613009393215
0,0.202329233288765
0,0.122859627008438
1,0.823169469833374
0,0.0291226990520954
0,0.160032212734222
0,0.169718235731125
0,0.363698482513428
0,0.166718766093254
0,0.0377215296030045
0,0.678239464759827
0,0.221232026815414
1,0.511410415172577
0,0.24291829764843
0,0.255774199962616
0,0.0377908200025558
0,0.252324432134628
0,0.203500136733055
0,0.0511237010359764
0,0.139441162347794
0,0.382081538438797
0,0.176747903227806
0,0.17496232688427
0,0.0855647400021553
0,0.159498929977417
0,0.0603334680199623
0,0.175112575292587
0,0.163441300392151
0,0.110499188303947
0,0.378041356801987
0,0.0653675273060799
0,0.0480811782181263
0,0.240727037191391
0,0.0404641106724739
0,0.845011234283447
0,0.0081542404368519
0,0.0422466956079006
0,0.145100980997086
0,0.239483267068863
0,0.315594553947449
0,0.326087564229965
0,0.0995033606886864
1,0.388873517513275
0,0.12190155684948
0,0.286332309246063
0,0.287720054388046
0,0.083023227751255
0,0.112778753042221
0,0.158807963132858
0,0.0955259576439857
1,0.960097670555115
0,0.332473933696747
0,0.059043612331152
0,0.301781207323074
0,0.56372457742691
0,0.541147589683533
0,0.253354400396347
0,0.0975809246301651
0,0.0524377599358559
0,0.100557059049606
0,0.368733108043671
1,0.541919827461243
1,0.277563601732254
0,0.31544017791748
0,0.131731405854225
0,0.139227494597435
0,0.459186971187592
0,0.0877807065844536
0,0.107524827122688
0,0.026475140824914
0,0.10338582098484
0,0.398629665374756
0,0.835755527019501
0,0.147118657827377
0,0.476839065551758
0,0.0511482581496239
0,0.181703746318817
0,0.0185250695794821
0,0.746677041053772
0,0.50050675868988
0,0.057210348546505
0,0.0275837779045105
0,0.166117548942566
0,0.048087939620018
0,0.0468749105930328
0,0.134309723973274
0,0.229014500975609
0,0.0171275325119495
0,0.524875402450562
0,0.242662832140923
0,0.775992035865784
0,0.238284677267075
0,0.632546067237854
1,0.948971629142761
0,0.480196982622147
0,0.0462541803717613
0,0.134907603263855
0,0.0584560334682465
0,0.079731248319149
0,0.862672030925751
0,0.204981133341789
0,0.408931910991669
0,0.356915712356567
0,0.227182969450951
0,0.363323450088501
0,0.0349406227469444
0,0.326240390539169
0,0.236941114068031
0,0.908266007900238
0,0.739560425281525
0,0.120239488780499
0,0.627100169658661
0,0.236340388655663
0,0.437297731637955
1,0.870362877845764
0,0.0204160027205944
0,0.340704619884491
0,0.143418848514557
0,0.0150557784363627
0,0.0621646456420422
0,0.0675696805119514
0,0.0702122151851654
1,0.323141247034073
0,0.0946853682398796
0,0.448319226503372
0,0.13681036233902
0,0.090583972632885
0,0.0376762114465237
0,0.794276416301727
1,0.846291959285736
0,0.111099228262901
0,0.2121362388134
1,0.464998960494995
0,0.153180345892906
0,0.0645261183381081
0,0.171238407492638
0,0.412436991930008
1,0.882073819637299
0,0.108962304890156
0,0.150184884667397
1,0.0389223210513592
0,0.621943056583405
0,0.0683984309434891
0,0.0242354683578014
0,0.188809975981712
0,0.152252987027168
0,0.11391319334507
0,0.200427278876305
0,0.321235060691833
0,0.0748937949538231
0,0.701451897621155
0,0.172025218605995
0,0.0560762286186218
0,0.0865276008844376
0,0.868546724319458
0,0.0904147326946259
0,0.0482608787715435
0,0.164905667304993
0,0.0591980032622814
0,0.0253672860562801
1,0.89514434337616
0,0.201689913868904
0,0.100627698004246
0,0.112413592636585
0,0.0320700220763683
0,0.0106837870553136
0,0.27593931555748
1,0.69279408454895
1,0.999784469604492
0,0.214816316962242
0,0.361336827278137
1,0.760760843753815
0,0.309174865484238
0,0.180569440126419
0,0.384030550718307
0,0.134679064154625
0,0.072820857167244
0,0.59942889213562
0,0.229799523949623
0,0.306221753358841
0,0.0217176955193281
0,0.0945394411683083
0,0.0287458710372448
1,0.34889554977417
0,0.586896121501923
0,0.628652572631836
1,0.988832592964172
0,0.0822459608316422
0,0.324268907308578
0,0.149146720767021
0,0.0400555692613125
0,0.0805189982056618
0,0.146344229578972
0,0.257404118776321
0,0.338806509971619
0,0.807819366455078
0,0.409736692905426
0,0.0216601081192493
0,0.190748006105423
0,0.155361816287041
0,0.125217616558075
0,0.250945121049881
0,0.308574914932251
1,0.917601943016052
0,0.156353488564491
0,0.305594354867935
0,0.094312995672226
1,0.998333275318146
0,0.0399107933044434
0,0.549088776111603
0,0.20404189825058
0,0.217496424913406
0,0.516585886478424
0,0.0558408796787262
0,0.366818994283676
0,0.0647227466106415
0,0.295188635587692
0,0.248888939619064
0,0.268002957105637
0,0.123115010559559
0,0.0408011190593243
0,0.0363720767199993
0,0.197466939687729
0,0.113091744482517
0,0.0465614385902882
0,0.382105529308319
0,0.112335242331028
0,0.758177876472473
0,0.393206417560577
0,0.0882889553904533
0,0.0462451577186584
0,0.663805782794952
0,0.137900307774544
0,0.182161182165146
0,0.0471763983368874
0,0.109129823744297
0,0.695529758930206
0,0.285318434238434
0,0.281654000282288
0,0.0959904789924622
0,0.0229245722293854
0,0.144201263785362
0,0.0643736347556114
0,0.0843488276004791
0,0.0502311289310455
1,0.0384885929524899
1,0.997275710105896
0,0.0294562671333551
0,0.248550578951836
0,0.368458986282349
0,0.316921323537827
0,0.424516379833221
0,0.447030454874039
0,0.26657909154892
0,0.216009914875031
0,0.184509053826332
0,0.528251171112061
0,0.430755496025085
0,0.161396607756615
0,0.0556694567203522
0,0.160902991890907
0,0.0739108175039291
0,0.0542877875268459
0,0.209198266267776
0,0.112361393868923
0,0.0508182123303413
0,0.0326262079179287
0,0.0315553024411201
0,0.0881903618574142
0,0.0420673117041588
0,0.0143267745152116
0,0.0917841643095016
0,0.129370853304863
0,0.393984377384186
0,0.423588275909424
0,0.0181799773126841
1,0.791816234588623
0,0.198635786771774
0,0.0278768334537745
0,0.0402284525334835
0,0.0832206085324287
0,0.531171560287476
0,0.604014456272125
0,0.107108302414417
0,0.52063000202179
0,0.797923445701599
0,0.331304848194122
0,0.037933737039566
0,0.298448324203491
1,0.642713010311127
0,0.0639037042856216
0,0.0391379036009312
0,0.0937155485153198
0,0.130757361650467
0,0.615820944309235
0,0.0591593086719513
1,0.891250729560852
0,0.445449829101562
0,0.041153147816658
0,0.433866113424301
0,0.120920486748219
1,0.187502861022949
0,0.462267398834229
0,0.420815676450729
0,0.421079248189926
0,0.526735484600067
0,0.0040147295221686
0,0.142249539494514
0,0.0495127849280834
0,0.633465468883514
0,0.30498731136322
0,0.281195014715195
0,0.0672532171010971
0,0.279066920280457
0,0.185086816549301
0,0.145125687122345
1,0.292956858873367
0,0.418963015079498
0,0.161733791232109
0,0.719704210758209
0,0.619476854801178
0,0.410415768623352
0,0.147751361131668
0,0.0705912038683891
0,0.0916737020015717
1,0.995752334594727
0,0.0564531721174717
0,0.0180802810937166
0,0.216858237981796
0,0.288913309574127
0,0.52568256855011
1,0.541857421398163
1,0.990798950195312
0,0.239934489130974
1,0.958319067955017
0,0.172260046005249
0,0.385006636381149
0,0.0983386039733887
0,0.343921095132828
0,0.0693336129188538
0,0.143102258443832
0,0.143978700041771
0,0.0301146823912859
0,0.0395826064050198
0,0.0794379115104675
0,0.067144401371479
0,0.145646452903748
0,0.0239150580018759
0,0.346730619668961
0,0.645282804965973
0,0.0369973815977573
0,0.323384553194046
0,0.717229664325714
0,0.0439142324030399
0,0.312998950481415
0,0.115921214222908
0,0.116243943572044
0,0.240079015493393
0,0.899907171726227
0,0.097624659538269
0,0.0595841854810715
0,0.135308101773262
0,0.367574751377106
0,0.104219503700733
0,0.343436777591705
0,0.228165492415428
0,0.354373753070831
0,0.0978864431381226
1,0.698746383190155
0,0.124016299843788
0,0.158288687467575
0,0.0808999687433243
0,0.172974765300751
0,0.426775902509689
0,0.1627436876297
0,0.0155627243220806
0,0.227495282888412
0,0.299974888563156
0,0.0571901090443134
0,0.11882483959198
0,0.124973386526108
0,0.138571679592133
1,0.879210412502289
0,0.0590388998389244
0,0.50350958108902
0,0.151924774050713
0,0.335151642560959
0,0.448534816503525
0,0.0959004759788513
1,0.8584965467453
0,0.160593822598457
1,0.101298868656158
0,0.486517697572708
0,0.0568051896989346
0,0.142728388309479
0,0.0772816762328148
0,0.002819369547069
0,0.743708074092865
0,0.120539464056492
0,0.141887828707695
0,0.147034332156181
0,0.0450270809233189
0,0.647981643676758
0,0.0352135896682739
0,0.022302471101284
0,0.0839205533266068
0,0.148661956191063
0,0.156162202358246
0,0.0401086248457432
0,0.0815656185150146
0,0.119656249880791
0,0.172865897417068
0,0.192422285676003
0,0.135885119438171
0,0.111888185143471
0,0.0424559786915779
0,0.260843425989151
1,0.698415875434875
0,0.162377789616585
0,0.496447205543518
0,0.0583486258983612
0,0.2251036465168
0,0.295520395040512
0,0.222725361585617
0,0.422745019197464
0,0.103625044226646
0,0.0294455848634243
0,0.234069958329201
0,0.262483984231949
0,0.163605913519859
0,0.135974779725075
1,0.148595988750458
0,0.955286145210266
0,0.166062578558922
0,0.236463129520416
0,0.355940997600555
0,0.0633130893111229
0,0.248497918248177
0,0.0859355181455612
1,0.994708299636841
0,0.401010006666183
0,0.171221598982811
0,0.358820974826813
0,0.576457858085632
0,0.0687725618481636
0,0.0745146125555038
0,0.148476988077164
0,0.135235086083412
0,0.0640413463115692
0,0.123629279434681
0,0.364947021007538
0,0.386457622051239
0,0.233722686767578
0,0.109328016638756
0,0.0485801920294762
0,0.452378481626511
0,0.240359112620354
0,0.824494481086731
0,0.78250777721405
0,0.069159522652626
0,0.542094528675079
0,0.220950528979301
0,0.118383899331093
0,0.442738175392151
0,0.580269336700439
0,0.12099602073431
0,0.225073620676994
0,0.194509670138359
0,0.155730530619621
0,0.0656457766890526
0,0.237985894083977
0,0.151505425572395
0,0.136216789484024
0,0.0471679754555225
0,0.185251414775848
0,0.0998811721801758
0,0.0960498228669167
0,0.135333746671677
1,0.998333275318146
0,0.0776056945323944
0,0.931977093219757
0,0.0479390397667885
0,0.420415580272675
0,0.222057223320007
0,0.055097583681345
0,0.0700737982988358
0,0.0373275652527809
0,0.0404810719192028
0,0.500313758850098
0,0.0419562682509422
0,0.0305505096912384
0,0.170973271131516
0,0.290429979562759
0,0.219174608588219
0,0.0574086681008339
0,0.566100418567657
0,0.277369290590286
1,0.823477685451508
0,0.272712200880051
0,0.350452870130539
0,0.178004562854767
0,0.16519670188427
0,0.0820382982492447
0,0.353512406349182
0,0.21892511844635
0,0.0344144403934479
0,0.0506507121026516
0,0.262996137142181
0,0.324539601802826
0,0.443152964115143
0,0.103210017085075
0,0.91614043712616
0,0.206411570310593
0,0.558716297149658
0,0.886399924755096
0,0.142776846885681
0,0.256205528974533
0,0.190517261624336
1,0.182916149497032
0,0.542681157588959
0,0.22464208304882
0,0.436014443635941
0,0.281502336263657
0,0.733200550079346
0,0.0895760878920555
0,0.329942107200623
0,0.101567968726158
0,0.260952860116959
0,0.190497666597366
0,0.352823406457901
0,0.163474559783936
0,0.0587994977831841
0,0.279389947652817
0,0.0270886961370707
0,0.0715965554118156
0,0.0445816665887833
0,0.0344008542597294
1,0.655180513858795
0,0.0758542418479919
0,0.113801196217537
0,0.319267749786377
0,0.286995232105255
0,0.377507746219635
0,0.0309598576277494
1,0.215530171990395
0,0.973978579044342
0,0.802084445953369
0,0.0903711915016174
0,0.184517502784729
0,0.0400401689112186
1,0.674291849136353
0,0.214230313897133
0,0.559994876384735
0,0.0657433271408081
0,0.127511516213417
1,0.961558401584625
0,0.126849815249443
0,0.190726757049561
0,0.149454042315483
0,0.0574345253407955
0,0.0806853547692299
0,0.135134801268578
0,0.0920763090252876
0,0.0606615170836449
0,0.196445971727371
0,0.437697499990463
0,0.241693541407585
0,0.473030894994736
0,0.049970980733633
0,0.209088087081909
0,0.373870551586151
0,0.1972416639328
0,0.408827781677246
0,0.108225859701633
0,0.181764751672745
1,0.987780332565308
0,0.0333218574523926
0,0.230103582143784
0,0.504787027835846
0,0.214444294571877
0,0.0698297172784805
0,0.0306563805788755
0,0.713199377059937
0,0.158745527267456
0,0.0860928520560265
0,0.031055448576808
0,0.356195479631424
0,0.0553977750241756
0,0.223287984728813
0,0.121013000607491
0,0.46871155500412
0,0.0967071428894997
0,0.143952801823616
0,0.195920348167419
0,0.516098201274872
0,0.0490282066166401
1,0.922496557235718
1,0.659059941768646
0,0.132818847894669
0,0.11065749078989
0,0.0698441043496132
0,0.157696306705475
0,0.331549048423767
0,0.392562329769135
0,0.0439816862344742
0,0.0275648552924395
0,0.563141405582428
0,0.0945101156830788
0,0.133029162883759
0,0.431952148675919
0,0.0375703014433384
0,0.12340322136879
0,0.117405451834202
0,0.130888611078262
0,0.200705274939537
0,0.132154166698456
0,0.0337028242647648
0,0.418264329433441
0,0.109583899378777
0,0.27538737654686
0,0.0546302534639835
0,0.0472901538014412
0,0.0454276911914349
0,0.156334489583969
0,0.497773110866547
0,0.468472063541412
0,0.0934360027313232
0,0.0192379709333181
0,0.271509885787964
0,0.0784188583493233
0,0.578380405902863
0,0.152526542544365
0,0.914091825485229
0,0.261120408773422
0,0.0432850047945976
0,0.531481027603149
0,0.957507193088531
0,0.12603747844696
0,0.075801856815815
0,0.438823163509369
0,0.0538082383573055
0,0.142667293548584
0,0.114178858697414
0,0.463743299245834
0,0.31630077958107
0,0.0875940695405006
0,0.188226968050003
0,0.0351519398391247
0,0.163654565811157
0,0.339404910802841
0,0.209079816937447
0,0.0569423846900463
0,0.379364818334579
0,0.389326632022858
1,0.997266113758087
0,0.207634806632996
0,0.366850763559341
0,0.207822427153587
0,0.299417674541473
0,0.135942786931992
0,0.20738597214222
0,0.0811025053262711
0,0.0617700628936291
0,0.0503828562796116
0,0.318097084760666
0,0.270884603261948
0,0.576289653778076
0,0.229780822992325
0,0.471620231866837
0,0.17373014986515
0,0.0487289763987064
0,0.428727924823761
1,0.79388165473938
0,0.0869818031787872
0,0.242187589406967
0,0.0985871553421021
0,0.480193674564362
0,0.0826756209135056
0,0.0656863674521446
0,0.250357180833817
0,0.592756688594818
1,0.988372325897217
0,0.216832786798477
0,0.353525459766388
0,0.184819996356964
0,0.127427697181702
0,0.47857603430748
0,0.35727795958519
0,0.0794521570205688
0,0.345338881015778
0,0.038751944899559
0,0.17355577647686
0,0.0163705591112375
0,0.0491362139582634
0,0.130277395248413
0,0.0573876574635506
0,0.560683846473694
0,0.0463300235569477
0,0.0201224330812693
0,0.13629162311554
0,0.285412937402725
0,0.110625028610229
0,0.151198729872704
0,0.192203804850578
0,0.0903718173503876
0,0.157443106174469
0,0.198131993412971
1,0.970443248748779
0,0.145860120654106
0,0.0602914728224277
0,0.102194093167782
0,0.0261272620409727
0,0.345344334840775
0,0.17591580748558
0,0.123183824121952
0,0.301854759454727
0,0.375880807638168
0,0.136365070939064
0,0.0476268790662289
0,0.0420128665864468
0,0.514562547206879
0,0.190484166145325
0,0.313269466161728
0,0.0584525540471077
0,0.373495906591415
0,0.0702618435025215
0,0.134725376963615
0,0.22691348195076
0,0.0400963760912418
0,0.235517933964729
0,0.158971235156059
0,0.17396704852581
0,0.0727994740009308
1,0.100572004914284
0,0.445448935031891
0,0.0553223229944706
0,0.275626718997955
0,0.0153721440583467
0,0.104924909770489
0,0.145382165908813
0,0.320053905248642
0,0.444794178009033
1,0.623134136199951
0,0.820262312889099
0,0.360393166542053
0,0.150082513689995
0,0.441244840621948
0,0.265549331903458
0,0.0171354413032532
0,0.13361930847168
0,0.0756888315081596
0,0.0285362359136343
0,0.478045582771301
0,0.0305336024612188
0,0.0198658388108015
0,0.0448831021785736
0,0.127198114991188
0,0.20872163772583
1,0.966406166553497
0,0.507764220237732
0,0.0512022338807583
0,0.269364446401596
0,0.313786804676056
0,0.10528988391161
0,0.036798570305109
0,0.0378967486321926
0,0.204117476940155
0,0.380672186613083
1,0.795978724956512
0,0.242417275905609
0,0.24239906668663
0,0.39575383067131
0,0.869956314563751
0,0.0292254853993654
1,0.623134136199951
0,0.537102997303009
0,0.0434399098157883
0,0.361486613750458
0,0.620978116989136
0,0.139268070459366
0,0.0201188735663891
0,0.155647829174995
0,0.120555691421032
0,0.0577611029148102
0,0.0101381689310074
0,0.12236562371254
0,0.0577174983918667
0,0.0634555071592331
0,0.049090851098299
0,0.493196189403534
0,0.158383712172508
0,0.307586491107941
1,0.252977639436722
0,0.187467128038406
0,0.347797989845276
0,0.162276029586792
0,0.505695879459381
0,0.242628559470177
0,0.636077225208282
0,0.101149462163448
0,0.21324348449707
0,0.167407542467117
0,0.341544717550278
0,0.253661513328552
0,0.0522487014532089
0,0.263824582099915
0,0.191684409976006
0,0.0867404639720917
0,0.0401105582714081
0,0.252021998167038
0,0.0498900450766087
0,0.121234387159348
0,0.223954081535339
0,0.630903840065002
0,0.122363291680813
0,0.0567325130105019
0,0.049345962703228
0,0.251336842775345
0,0.47876301407814
0,0.0571264252066612
0,0.1030118688941
0,0.0919992998242378
0,0.125691741704941
0,0.127278342843056
0,0.724551856517792
0,0.434593558311462
0,0.25286015868187
0,0.281753927469254
0,0.399544239044189
1,0.989612281322479
0,0.137702330946922
0,0.573828160762787
0,0.262620955705643
0,0.0342983938753605
0,0.0788969397544861
0,0.480912744998932
0,0.420819669961929
0,0.21046045422554
0,0.50056004524231
0,0.0445519350469112
