"label","prediction"
0,0.285095900297165
0,0.267521023750305
1,0.907588958740234
0,0.0456022620201111
0,0.32168060541153
1,0.542783558368683
0,0.120535634458065
0,0.156307145953178
0,0.082303911447525
0,0.0253903232514858
0,0.199976846575737
0,0.226477816700935
0,0.164376005530357
0,0.456052213907242
0,0.0730835497379303
0,0.679530143737793
0,0.01523391995579
0,0.0251159835606813
0,0.480347633361816
0,0.32960769534111
1,0.604800224304199
0,0.246411085128784
0,0.120360590517521
0,0.150235638022423
0,0.298773676156998
0,0.0470773130655289
0,0.364584892988205
0,0.472902864217758
0,0.011513838544488
0,0.460832685232162
0,0.147550240159035
0,0.151341527700424
0,0.352056503295898
0,0.0622220039367676
0,0.377716809511185
0,0.161552220582962
0,0.0564465038478374
1,0.921779751777649
0,0.166811600327492
0,0.0309348125010729
0,0.00892018061131239
1,0.142639458179474
0,0.0936036258935928
0,0.911492109298706
1,0.187794521450996
0,0.0572273023426533
0,0.0293864440172911
0,0.067616805434227
0,0.16428042948246
0,0.225685626268387
0,0.383744388818741
0,0.776953816413879
0,0.0503028929233551
0,0.00274247745983303
0,0.0154628939926624
0,0.0147854862734675
1,0.953990280628204
0,0.0683210343122482
0,0.0446255728602409
0,0.209639340639114
0,0.19255194067955
0,0.0502727068960667
0,0.0373076237738132
0,0.143151342868805
0,0.0682319104671478
0,0.0149632329121232
0,0.054767370223999
0,0.0256500318646431
0,0.0264761298894882
0,0.132108569145203
1,0.879446506500244
0,0.136425197124481
0,0.326868832111359
0,0.310622870922089
0,0.0421764254570007
0,0.225336879491806
0,0.409497916698456
0,0.033401045948267
0,0.177234560251236
0,0.181477949023247
0,0.0220347121357918
0,0.0256626680493355
0,0.21652315557003
0,0.876964807510376
0,0.136680349707603
0,0.0533282496035099
0,0.00674066413193941
0,0.176971077919006
1,0.524223029613495
1,0.922511518001556
0,0.193413063883781
0,0.0836120471358299
0,0.468011111021042
1,0.996587038040161
0,0.309349983930588
0,0.221768900752068
0,0.315227627754211
0,0.280066221952438
0,0.0803840309381485
0,0.199376061558723
0,0.20685663819313
0,0.0112955095246434
1,0.936051428318024
0,0.388591676950455
0,0.00831012893468142
0,0.0855715796351433
0,0.0797781869769096
0,0.221960321068764
0,0.132409915328026
0,0.443589508533478
1,0.639967501163483
1,0.530703902244568
0,0.736182034015656
0,0.00216844095848501
0,0.0266736261546612
0,0.394881308078766
0,0.295761615037918
0,0.106728754937649
0,0.520651876926422
0,0.571324527263641
0,0.00707244360819459
0,0.154115810990334
0,0.0162591598927975
0,0.155030697584152
0,0.0314392000436783
0,0.26204314827919
0,0.795172512531281
0,0.0815029665827751
0,0.726514995098114
0,0.941698908805847
0,0.0501118376851082
0,0.210796713829041
0,0.537942349910736
0,0.171851336956024
0,0.202579319477081
0,0.228289932012558
0,0.28093284368515
0,0.124183543026447
0,0.336673349142075
0,0.473613858222961
0,0.480579435825348
1,0.924665868282318
0,0.630431592464447
0,0.00105347752105445
0,0.00324146077036858
0,0.13167367875576
1,0.949576258659363
0,0.0933712795376778
0,0.0390654727816582
0,0.0659379735589027
0,0.224541172385216
0,0.373455762863159
1,0.241372749209404
1,0.540004193782806
1,0.997835338115692
1,0.67086523771286
0,0.00971024669706821
0,0.106408551335335
1,0.915399491786957
0,0.300870716571808
1,0.665402114391327
0,0.075349859893322
0,0.0303770508617163
0,0.219491869211197
0,0.251429527997971
0,0.156989619135857
0,0.65663093328476
0,0.00870014727115631
0,0.0247875079512596
0,0.10664090514183
0,0.133784085512161
0,0.00401311181485653
0,0.00514382030814886
0,0.0150463739410043
0,0.416300445795059
1,0.43568629026413
0,0.250521719455719
0,0.231820076704025
0,0.517639398574829
0,0.227883771061897
0,0.255348086357117
0,0.0850356072187424
0,0.00912893656641245
0,0.0145050156861544
0,0.0346186496317387
0,0.132540181279182
0,0.049895141273737
0,0.336811274290085
0,0.392942994832993
0,0.198427319526672
0,0.0149999493733048
0,0.211781173944473
1,0.722909986972809
1,0.921407997608185
0,0.241108357906342
0,0.00211801519617438
1,0.310909330844879
1,0.438585758209229
0,0.0850511938333511
0,0.439604312181473
0,0.188219234347343
0,0.427842974662781
0,0.444103449583054
0,0.500923097133636
0,0.396863698959351
0,0.0512667372822762
0,0.336806803941727
0,0.289412379264832
0,0.0505396984517574
0,0.0199470147490501
0,0.101140081882477
0,0.669037818908691
0,0.10213778167963
0,0.0303069464862347
0,0.438594102859497
0,0.168145686388016
0,0.113999351859093
0,0.380268096923828
0,0.821208477020264
1,0.776069581508636
0,0.172534108161926
0,0.158571228384972
0,0.375398099422455
0,0.0779729560017586
0,0.0704663842916489
0,0.0870391651988029
0,0.122366189956665
0,0.0133871752768755
0,0.186712339520454
0,0.141374856233597
0,0.00434760423377156
0,0.015604330226779
0,0.00841681659221649
0,0.692027449607849
0,0.111490480601788
0,0.394817978143692
0,0.272024542093277
0,0.657603740692139
0,0.283193737268448
0,0.182419016957283
0,0.835123658180237
0,0.00164945761207491
0,0.0828425884246826
0,0.0158345382660627
0,0.538004100322723
0,0.0110650509595871
1,0.933447003364563
0,0.0228594895452261
0,0.405923277139664
0,0.220194831490517
1,0.462711840867996
0,0.0729037895798683
0,0.0912537276744843
1,0.972609877586365
0,0.0957403555512428
1,0.886527895927429
1,0.510891377925873
1,0.557356834411621
0,0.141056388616562
0,0.0479088760912418
0,0.544546008110046
0,0.23468579351902
0,0.122293494641781
0,0.406759262084961
0,0.167107954621315
0,0.157482832670212
0,0.0429126657545567
0,0.968814969062805
0,0.0136166382580996
0,0.0291870050132275
0,0.278471022844315
0,0.230555176734924
1,0.421764492988586
1,0.856639206409454
0,0.0320290885865688
0,0.0502487346529961
0,0.175344854593277
0,0.0124677438288927
0,0.176599055528641
0,0.0354627147316933
0,0.207375526428223
0,0.0744818896055222
0,0.12857723236084
0,0.174453541636467
0,0.0684864521026611
0,0.0930028408765793
0,0.160776257514954
0,0.0786586552858353
0,0.0134243397042155
0,0.336799204349518
0,0.0275593511760235
0,0.0146348457783461
0,0.00681554805487394
0,0.115438207983971
1,0.684966504573822
0,0.333024948835373
0,0.0690340176224709
0,0.256980925798416
0,0.450657278299332
0,0.0661652684211731
0,0.486941546201706
0,0.0877754986286163
1,0.946859538555145
0,0.377751559019089
0,0.796246469020844
0,0.602668821811676
0,0.00904651265591383
1,0.456371665000916
0,0.0558928027749062
0,0.0227769240736961
0,0.332817882299423
0,0.151347979903221
0,0.368141353130341
0,0.385660111904144
0,0.0199738703668118
0,0.00192079227417707
0,0.0849670767784119
0,0.158781051635742
0,0.0412505976855755
0,0.131818905472755
0,0.176979660987854
0,0.00798746291548014
0,0.18823105096817
0,0.26733610033989
0,0.88374662399292
0,0.312291711568832
0,0.127882480621338
0,0.00740759447216988
0,0.0459168590605259
0,0.250260472297668
0,0.683945119380951
0,0.74518620967865
1,0.710942983627319
0,0.207648620009422
1,0.142639458179474
0,0.158913642168045
0,0.131131261587143
0,0.153199464082718
1,0.262141406536102
0,0.732580959796906
0,0.63866251707077
0,0.0530958436429501
0,0.610586285591125
1,0.787963628768921
0,0.169582113623619
0,0.04458162561059
1,0.908590376377106
0,0.0193239655345678
0,0.443112164735794
0,0.000628852401860058
0,0.763766705989838
0,0.531888723373413
0,0.36055788397789
0,0.238795176148415
0,0.0921787545084953
0,0.514516294002533
0,0.385751247406006
0,0.387969583272934
0,0.0500741228461266
1,0.233164757490158
0,0.265511989593506
1,0.794761419296265
0,0.619495987892151
0,0.0659660473465919
0,0.359906822443008
0,0.024290731176734
0,0.00709191057831049
0,0.282683163881302
1,0.63378381729126
0,0.51329118013382
1,0.658599376678467
0,0.1427191644907
0,0.0121180647984147
0,0.119064271450043
0,0.755893468856812
0,0.329867005348206
0,0.00183778279460967
0,0.0248866230249405
0,0.0615246966481209
0,0.306471019983292
0,0.00970223732292652
1,0.766529560089111
0,0.0775186717510223
0,0.710612595081329
0,0.0112645234912634
0,0.068434052169323
0,0.20388326048851
0,0.318052709102631
1,0.911082088947296
0,0.0256559383124113
0,0.00787265598773956
0,0.0239135660231113
0,0.0156107554212213
1,0.1345304697752
0,0.273416668176651
0,0.045899260789156
0,0.171474441885948
1,0.775161743164062
0,0.275272309780121
1,0.901388883590698
1,0.995364904403687
0,0.303546190261841
0,0.604651689529419
0,0.130139172077179
0,0.00811685062944889
0,0.015438468195498
0,0.0969438850879669
0,0.0819348841905594
0,0.141845405101776
0,0.0948614478111267
0,0.838337540626526
0,0.307933419942856
0,0.854333162307739
0,0.0848617181181908
0,0.271430134773254
0,0.507422089576721
0,0.491938173770905
0,0.261662721633911
0,0.308327347040176
1,0.307900071144104
0,0.0361204259097576
0,0.161860376596451
0,0.184403494000435
0,0.150967642664909
0,0.0629304051399231
1,0.765694558620453
0,0.0894358679652214
1,0.365314573049545
1,0.37040439248085
0,0.731641054153442
0,0.826079070568085
0,0.446348965167999
0,0.00150663976091892
1,0.973616003990173
0,0.10107708722353
0,0.060859851539135
1,0.873115658760071
0,0.0269269179552794
0,0.0717426240444183
0,0.107338979840279
0,0.173773646354675
0,0.52985954284668
0,0.0102970506995916
0,0.0209406521171331
0,0.0794133916497231
0,0.259005725383759
0,0.914217889308929
0,0.254157483577728
0,0.257268011569977
0,0.70998078584671
1,0.270028203725815
0,0.435313433408737
0,0.0730753093957901
1,0.709618031978607
0,0.382996469736099
1,0.515195071697235
0,0.0651217773556709
0,0.226624459028244
1,0.585017204284668
0,0.250887721776962
0,0.389430344104767
1,0.96856415271759
0,0.0288050789386034
0,0.0888500288128853
1,0.828758001327515
0,0.381594598293304
0,0.64015805721283
0,0.47808426618576
0,0.00895520020276308
0,0.0405827425420284
0,0.06629878282547
0,0.208286434412003
0,0.67673248052597
0,0.206223160028458
0,0.308269679546356
0,0.474500507116318
0,0.115249708294868
0,0.110409952700138
0,0.168685257434845
1,0.863947868347168
0,0.0743180811405182
1,0.315984606742859
1,0.627933144569397
1,0.268986701965332
0,0.0566010475158691
0,0.335497975349426
0,0.206154018640518
0,0.13804167509079
0,0.709052979946136
0,0.0262674316763878
0,0.0816717818379402
0,0.0393871031701565
0,0.234063863754272
1,0.900390386581421
0,0.126337960362434
0,0.247777208685875
0,0.180755004286766
1,0.266596078872681
0,0.0139188710600138
0,0.0104621555656195
0,0.664765000343323
0,0.249182283878326
1,0.740243315696716
1,0.228668287396431
0,0.20842544734478
0,0.374738931655884
0,0.0620432011783123
0,0.546473503112793
0,0.162732630968094
0,0.113238841295242
0,0.203658550977707
0,0.0511618666350842
0,0.423203200101852
0,0.395950049161911
0,0.134351804852486
0,0.00998558290302753
0,0.0181643217802048
0,0.0447118766605854
0,0.497047185897827
1,0.991887986660004
0,0.129623845219612
0,0.0638858824968338
0,0.0749902948737144
0,0.00769541366025805
0,0.424566984176636
1,0.763694763183594
0,0.166227549314499
0,0.554283678531647
0,0.688751816749573
0,0.0759227946400642
0,0.186445698142052
1,0.639808416366577
0,0.291175276041031
0,0.0690072998404503
0,0.150612354278564
0,0.960574150085449
0,0.617781639099121
0,0.219664737582207
0,0.224663302302361
0,0.0377931110560894
0,0.563513517379761
0,0.168073371052742
0,0.462255835533142
0,0.106312036514282
0,0.0288073215633631
0,0.704361021518707
0,0.00249084620736539
0,0.297500789165497
0,0.720781147480011
0,0.0368707664310932
0,0.137830257415771
0,0.181199461221695
1,0.254610151052475
0,0.225958660244942
0,0.234912976622581
0,0.205017700791359
0,0.258356124162674
0,0.884881913661957
0,0.116858266294003
0,0.0261073429137468
1,0.637805938720703
0,0.0386344753205776
0,0.0274182688444853
0,0.325943768024445
0,0.416951775550842
1,0.795190751552582
0,0.0946133881807327
0,0.93757039308548
1,0.855554640293121
0,0.214574560523033
0,0.220405533909798
0,0.00979316793382168
0,0.565772175788879
0,0.0660550892353058
0,0.274543732404709
0,0.0459521859884262
0,0.0121327331289649
0,0.257457554340363
1,0.757051289081573
0,0.00525827147066593
0,0.0169682241976261
0,0.0225730445235968
0,0.206490769982338
0,0.072382852435112
0,0.066786989569664
1,0.374454766511917
1,0.790509641170502
0,0.186931908130646
0,0.473511695861816
0,0.41440936923027
0,0.176460728049278
1,0.57025134563446
0,0.46421816945076
1,0.604380965232849
0,0.0283638350665569
0,0.0203780233860016
0,0.328769713640213
0,0.302673846483231
1,0.117986172437668
0,0.274355530738831
0,0.193355217576027
0,0.510796368122101
1,0.174930393695831
0,0.0300619229674339
0,0.00786127615720034
0,0.319267064332962
0,0.00254704873077571
0,0.315408945083618
1,0.828103005886078
0,0.0899486467242241
0,0.254258453845978
0,0.155200615525246
0,0.364754140377045
0,0.315226465463638
0,0.62744551897049
0,0.522255301475525
0,0.219124123454094
0,0.0838229060173035
0,0.0299078729003668
0,0.0441313609480858
0,0.707444965839386
0,0.137283906340599
0,0.00536882784217596
0,0.490314096212387
0,0.154878422617912
0,0.0513110309839249
0,0.558080315589905
0,0.755690038204193
0,0.133928135037422
0,0.032199289649725
0,0.033280897885561
0,0.184015408158302
0,0.04184740036726
1,0.999147891998291
0,0.167334452271461
0,0.184936001896858
0,0.564137995243073
0,0.143103212118149
0,0.182594582438469
0,0.631311058998108
0,0.0173627808690071
1,0.858152568340302
0,0.00630196137353778
1,0.922828733921051
0,0.107707798480988
0,0.176832586526871
0,0.0961968824267387
0,0.102325268089771
0,0.0303798913955688
0,0.217947587370872
0,0.163887545466423
0,0.0553131140768528
0,0.227525994181633
0,0.135601490736008
0,0.567716360092163
0,0.162747830152512
0,0.0239203330129385
0,0.304408609867096
1,0.374454766511917
0,0.869919121265411
0,0.13420943915844
0,0.0169401802122593
0,0.406127154827118
0,0.925174295902252
0,0.404545783996582
0,0.287356525659561
0,0.101137839257717
0,0.51318359375
0,0.204108774662018
0,0.104038916528225
0,0.149253532290459
0,0.156958594918251
0,0.614569067955017
0,0.090175561606884
0,0.306940764188766
0,0.200398474931717
0,0.170669689774513
0,0.0512529350817204
1,0.883593380451202
0,0.0268051140010357
0,0.286710381507874
0,0.0781749412417412
0,0.0998198986053467
0,0.0145847545936704
0,0.115666702389717
0,0.233869671821594
0,0.252919226884842
1,0.898233115673065
0,0.103787779808044
0,0.205384075641632
0,0.208689734339714
0,0.377299249172211
0,0.271154165267944
0,0.0861788466572762
0,0.468275636434555
0,0.0606867596507072
0,0.242291167378426
0,0.0313879884779453
0,0.639973521232605
0,0.307491481304169
0,0.223635599017143
0,0.00166617869399488
0,0.211866095662117
1,0.523137807846069
0,0.106787018477917
0,0.0375926457345486
0,0.852664649486542
0,0.51978611946106
0,0.104033030569553
0,0.231697291135788
0,0.631171941757202
0,0.0752885416150093
0,0.0632532238960266
0,0.124006725847721
0,0.0737231746315956
0,0.00136297079734504
0,0.0474174320697784
0,0.106320299208164
0,0.00586845586076379
0,0.995080232620239
0,0.0491220578551292
1,0.888570725917816
0,0.04206532984972
0,0.0148578705266118
0,0.0486697517335415
0,0.00893775001168251
0,0.198995679616928
0,0.297577142715454
0,0.490496337413788
0,0.825750708580017
0,0.0024177769664675
0,0.0622167140245438
1,0.596302628517151
0,0.393246859312057
0,0.545426905155182
0,0.866649627685547
0,0.142187938094139
0,0.198127150535583
0,0.269477963447571
0,0.14509354531765
0,0.548574447631836
0,0.184079051017761
0,0.55342823266983
0,0.119492582976818
0,0.00659702671691775
0,0.546445846557617
1,0.057555016130209
1,0.997686743736267
0,0.674387633800507
1,0.537570536136627
1,0.867500841617584
0,0.0113116195425391
0,0.00274924794211984
0,0.7737135887146
0,0.160801753401756
0,0.919831454753876
0,0.250904381275177
0,0.0209878291934729
0,0.106950506567955
0,0.138123705983162
0,0.178888723254204
0,0.361686795949936
0,0.219350025057793
1,0.638941884040833
0,0.221695780754089
0,0.404855638742447
0,0.0551304742693901
0,0.127271756529808
0,0.0141600044444203
0,0.0339637137949467
0,0.254364460706711
0,0.791554927825928
0,0.489344090223312
1,0.953990280628204
0,0.342846840620041
0,0.0634426698088646
0,0.337657749652863
0,0.0827716514468193
1,0.760526657104492
0,0.0974156558513641
0,0.00255919410847127
0,0.343634247779846
0,0.56915408372879
0,0.729569554328918
0,0.375812113285065
0,0.0391681455075741
0,0.160153776407242
0,0.187071040272713
0,0.0469429157674313
0,0.007234126329422
0,0.132785633206367
0,0.521904468536377
0,0.587276756763458
0,0.0602782778441906
0,0.042730838060379
0,0.251873284578323
0,0.209481418132782
0,0.767822325229645
1,0.376610428094864
0,0.085680179297924
0,0.0245865136384964
0,0.0816734731197357
0,0.756487309932709
0,0.00794564839452505
0,0.121888622641563
0,0.0601111575961113
0,0.0149352261796594
0,0.197281658649445
0,0.171229600906372
0,0.132117003202438
0,0.006209512706846
0,0.374685704708099
0,0.0401085577905178
0,0.082862451672554
0,0.00275827432051301
0,0.377246826887131
0,0.686434209346771
0,0.246282324194908
0,0.0592890940606594
0,0.0209218170493841
0,0.630483567714691
0,0.0141221415251493
0,0.330860882997513
0,0.223642393946648
0,0.290446192026138
0,0.314025223255157
0,0.357508391141891
0,0.165303140878677
0,0.593256413936615
1,0.627789437770844
1,0.993014454841614
0,0.181871235370636
0,0.318546086549759
0,0.192897841334343
0,0.149827197194099
0,0.54338151216507
1,0.766823172569275
0,0.784777522087097
0,0.0613061897456646
0,0.281577855348587
0,0.0760535076260567
0,0.0426511168479919
0,0.0987916812300682
1,0.844412684440613
0,0.67636513710022
0,0.30846431851387
0,0.00225251726806164
1,0.918121874332428
0,0.11425569653511
0,0.467241197824478
0,0.19281268119812
1,0.391535311937332
1,0.520478665828705
1,0.245250701904297
0,0.108488269150257
0,0.155531585216522
1,0.249567851424217
0,0.641108810901642
0,0.190427646040916
0,0.613607704639435
0,0.702886164188385
0,0.594324588775635
0,0.229422390460968
0,0.0589051842689514
0,0.753602266311646
0,0.395719617605209
0,0.0117338681593537
0,0.698430240154266
0,0.183628737926483
0,0.0645946338772774
1,0.680984675884247
0,0.593793749809265
0,0.562543272972107
0,0.0984066873788834
0,0.707113862037659
0,0.477163910865784
0,0.0681575611233711
1,0.870707988739014
0,0.640292346477509
0,0.161842331290245
0,0.0392764359712601
0,0.063245601952076
0,0.874100506305695
1,0.997835755348206
0,0.89324027299881
0,0.452794075012207
0,0.280797839164734
0,0.14185605943203
0,0.328863054513931
0,0.174389287829399
0,0.0478993840515614
0,0.00173726468347013
0,0.446432203054428
0,0.226755902171135
0,0.185267999768257
0,0.0761988162994385
0,0.327373474836349
0,0.0679943636059761
0,0.0153433214873075
0,0.261029601097107
0,0.0621863789856434
0,0.101051822304726
0,0.148603066802025
0,0.451541125774384
0,0.210045203566551
0,0.329411149024963
0,0.000937172910198569
0,0.109055556356907
0,0.225896373391151
0,0.255949705839157
0,0.0143595626577735
0,0.0571749731898308
0,0.886468648910522
0,0.118009656667709
0,0.0630485713481903
0,0.230442807078362
0,0.251038670539856
0,0.044266689568758
0,0.018159668892622
1,0.722909986972809
1,0.26823616027832
0,0.716542422771454
0,0.0650399401783943
0,0.195033386349678
0,0.437865823507309
0,0.15742889046669
1,0.888645648956299
1,0.778540194034576
0,0.249757587909698
0,0.0548431798815727
0,0.525508224964142
0,0.0493132434785366
0,0.425865828990936
1,0.687076926231384
0,0.292832255363464
0,0.256023794412613
0,0.0756552368402481
0,0.196733832359314
0,0.163403987884521
1,0.636988341808319
0,0.193991616368294
0,0.0744137391448021
0,0.440096974372864
0,0.0684506222605705
0,0.0645829364657402
0,0.166588574647903
1,0.869148969650269
0,0.392762631177902
0,0.178387716412544
1,0.995629549026489
0,0.117177799344063
0,0.107928402721882
0,0.723069965839386
0,0.0162584222853184
0,0.101060599088669
0,0.020527508109808
0,0.0451357811689377
0,0.00444976519793272
0,0.454221725463867
0,0.0647521913051605
0,0.422849297523499
0,0.66564929485321
0,0.0485875234007835
0,0.238162651658058
0,0.0418586656451225
1,0.763694763183594
0,0.108012929558754
0,0.00524197239428759
0,0.106810949742794
0,0.104141354560852
0,0.577301263809204
0,0.141054064035416
0,0.0476921051740646
0,0.137859985232353
0,0.766363024711609
1,0.893473565578461
0,0.0256357062608004
0,0.326205432415009
0,0.302915245294571
1,0.088199183344841
0,0.320430725812912
0,0.166716888546944
0,0.225221022963524
0,0.757611870765686
0,0.729431092739105
0,0.014937212690711
0,0.158180043101311
0,0.0054975738748908
0,0.264993101358414
0,0.65789669752121
1,0.402929365634918
0,0.119070366024971
0,0.187566295266151
0,0.1834537088871
0,0.00643684761598706
0,0.0358320847153664
0,0.240796193480492
0,0.0198827218264341
0,0.121980391442776
0,0.401970565319061
0,0.191115915775299
1,0.706717312335968
1,0.928571105003357
1,0.497487127780914
0,0.0241199024021626
0,0.0489426180720329
0,0.0486852154135704
0,0.0803651809692383
0,0.00736084813252091
0,0.108109936118126
0,0.440498352050781
0,0.758030593395233
1,0.0367046110332012
0,0.860785305500031
0,0.161710560321808
0,0.155606836080551
1,0.873931765556335
1,0.164220467209816
1,0.978448867797852
0,0.0812626481056213
0,0.0437761656939983
0,0.355818957090378
0,0.108099460601807
0,0.165192052721977
0,0.173599720001221
0,0.0989511460065842
0,0.370198667049408
0,0.577211618423462
0,0.199972882866859
0,0.351290047168732
0,0.19473685324192
0,0.206320136785507
0,0.281088560819626
0,0.376797258853912
0,0.409108757972717
0,0.00590396113693714
0,0.155675992369652
0,0.656956493854523
0,0.132253989577293
0,0.116824954748154
1,0.926686525344849
0,0.220852419734001
0,0.433313459157944
1,0.987700223922729
0,0.301663398742676
0,0.00104140350595117
1,0.997835338115692
0,0.0276123303920031
0,0.103316701948643
0,0.371208071708679
0,0.241612643003464
0,0.12659016251564
0,0.454773277044296
1,0.793512105941772
0,0.616464138031006
0,0.0489694103598595
0,0.00757278315722942
0,0.121162317693233
0,0.103602834045887
0,0.258828639984131
0,0.103420875966549
0,0.270384877920151
1,0.748662173748016
0,0.0871340930461884
0,0.3505038022995
0,0.380815058946609
0,0.235599249601364
0,0.60382354259491
0,0.0375134125351906
0,0.158234268426895
0,0.466073274612427
0,0.169565826654434
0,0.183047249913216
0,0.00537698622792959
0,0.280449718236923
0,0.0892205759882927
1,0.617535829544067
0,0.490668207406998
0,0.294102281332016
1,0.335758864879608
1,0.928547978401184
0,0.450134187936783
0,0.314499735832214
1,0.418338477611542
0,0.258101046085358
1,0.801677644252777
0,0.0195468608289957
0,0.0787341669201851
0,0.00118541740812361
0,0.774112939834595
0,0.317492842674255
1,0.94530326128006
0,0.0391261540353298
0,0.295348227024078
0,0.125975534319878
0,0.0293644201010466
0,0.0042271432466805
0,0.0689311325550079
0,0.135626375675201
0,0.0347343869507313
0,0.0760446116328239
0,0.282961636781693
0,0.569192826747894
0,0.0966426655650139
0,0.0412569046020508
0,0.00827459059655666
0,0.0972194522619247
0,0.0383153483271599
0,0.239986389875412
0,0.0272236801683903
0,0.0272988379001617
0,0.655048608779907
1,0.884515583515167
0,0.493236631155014
1,0.940070927143097
0,0.0988056659698486
0,0.0131062427535653
0,0.0451880134642124
0,0.0177247058600187
0,0.923978686332703
1,0.58563107252121
0,0.333025753498077
0,0.0267495792359114
0,0.159116342663765
0,0.112021096050739
0,0.00815555267035961
0,0.157259926199913
1,0.780091464519501
0,0.0894184559583664
0,0.405720621347427
0,0.00603801803663373
0,0.00486342888325453
0,0.0476902276277542
0,0.385025769472122
0,0.00372852175496519
0,0.0675084963440895
1,0.418338477611542
0,0.0352434143424034
0,0.192927643656731
0,0.0993453338742256
0,0.0867755562067032
0,0.138396695256233
0,0.0213447082787752
0,0.305546402931213
0,0.235746458172798
0,0.0114691061899066
0,0.180732101202011
0,0.115939997136593
0,0.276188939809799
0,0.24703386425972
0,0.295903205871582
0,0.840673089027405
0,0.142898142337799
1,0.212208226323128
1,0.657569825649261
0,0.697208940982819
0,0.281203091144562
0,0.843398809432983
1,0.765026569366455
0,0.118444226682186
0,0.179508671164513
0,0.0570765025913715
1,0.390190690755844
0,0.146040990948677
0,0.0846517309546471
0,0.150776594877243
0,0.215653598308563
0,0.174648344516754
0,0.34049579501152
0,0.0205964986234903
0,0.712996304035187
0,0.256888300180435
0,0.0851281210780144
0,0.163057163357735
0,0.219970911741257
0,0.563530504703522
0,0.0224029067903757
0,0.0567417331039906
1,0.142639458179474
0,0.133502319455147
0,0.34702530503273
0,0.123075693845749
1,0.188944756984711
1,0.960740745067596
0,0.441215306520462
0,0.684958696365356
0,0.0755264014005661
0,0.190754473209381
0,0.347453057765961
0,0.026164710521698
0,0.492933124303818
0,0.597052395343781
0,0.14119553565979
0,0.101340018212795
1,0.523137807846069
0,0.368248671293259
1,0.773092806339264
0,0.378488391637802
0,0.291102141141891
0,0.392721593379974
0,0.0224124733358622
0,0.777856469154358
0,0.0326592847704887
1,0.606211245059967
0,0.0533446259796619
0,0.0378934927284718
0,0.0447957590222359
0,0.0664668306708336
0,0.141713082790375
0,0.123737029731274
0,0.279435008764267
0,0.189848870038986
0,0.27397358417511
0,0.264983713626862
0,0.459903359413147
0,0.00698851188644767
0,0.165840461850166
0,0.00522276107221842
0,0.485993981361389
0,0.58503258228302
1,0.779727220535278
0,0.0226589553058147
0,0.730064332485199
0,0.115453608334064
0,0.271630942821503
0,0.97053200006485
1,0.699591398239136
0,0.297851026058197
0,0.0179465413093567
0,0.140155360102654
0,0.00317473360337317
0,0.245792537927628
0,0.0908558443188667
0,0.219257608056068
0,0.0859298333525658
0,0.0221133716404438
0,0.212359428405762
0,0.440472483634949
0,0.0484380088746548
0,0.0414372161030769
1,0.960353016853333
0,0.126633211970329
0,0.116372242569923
0,0.0982129573822021
0,0.079668290913105
0,0.115548841655254
0,0.483051747083664
0,0.181208312511444
0,0.477593183517456
1,0.240061730146408
0,0.245202973484993
0,0.476205110549927
0,0.0215169787406921
0,0.376600503921509
0,0.163900181651115
0,0.643299281597137
0,0.403731256723404
1,0.284582614898682
0,0.313596665859222
0,0.0434884652495384
1,0.818229138851166
0,0.711279392242432
0,0.0660173296928406
0,0.17914991080761
0,0.0322700440883636
0,0.632424771785736
0,0.284849464893341
0,0.931908547878265
0,0.292860627174377
0,0.0431250184774399
0,0.577000081539154
0,0.085620678961277
0,0.101319096982479
0,0.532927274703979
0,0.259328961372375
0,0.0260623004287481
0,0.296231001615524
0,0.0390188060700893
0,0.0420174077153206
0,0.167241737246513
0,0.379069298505783
0,0.0160304810851812
1,0.265050053596497
0,0.228517279028893
0,0.310219556093216
0,0.356640100479126
0,0.198863014578819
0,0.195362120866776
1,0.995503783226013
0,0.0152800185605884
1,0.522011458873749
0,0.30912247300148
0,0.61053079366684
0,0.189824908971786
0,0.236193358898163
0,0.266118884086609
0,0.672540605068207
1,0.559022486209869
0,0.00674827164039016
0,0.274837762117386
0,0.0292274914681911
0,0.0725984945893288
0,0.0107184965163469
0,0.924278914928436
0,0.0814779996871948
0,0.0706981644034386
0,0.201113358139992
0,0.149512201547623
0,0.230297610163689
0,0.697873890399933
0,0.586211025714874
0,0.0398070737719536
0,0.0974936485290527
0,0.165720969438553
1,0.132824689149857
0,0.135483294725418
0,0.0535889603197575
0,0.357176721096039
1,0.458071440458298
1,0.785797595977783
0,0.42409548163414
0,0.118431374430656
0,0.494838625192642
1,0.466387838125229
0,0.18529000878334
0,0.574244499206543
0,0.128598064184189
0,0.301280736923218
1,0.865159809589386
0,0.387599647045135
0,0.0187069568783045
0,0.219051033258438
0,0.160653561353683
1,0.825345098972321
0,0.063372977077961
0,0.414560467004776
0,0.0466680787503719
0,0.077710784971714
0,0.0504079423844814
0,0.103320144116879
0,0.402939796447754
0,0.0813925787806511
0,0.86950159072876
0,0.106383293867111
0,0.0794244781136513
0,0.524926245212555
0,0.163356378674507
0,0.00855833850800991
0,0.0933649763464928
0,0.00894207786768675
0,0.483802944421768
0,0.250469952821732
1,0.966516077518463
0,0.608429074287415
0,0.0371732115745544
0,0.00792129896581173
0,0.0694710910320282
0,0.176509961485863
0,0.205944553017616
1,0.754855871200562
0,0.307117164134979
0,0.0532426834106445
0,0.805546283721924
0,0.0200640633702278
0,0.062835194170475
0,0.0894273817539215
0,0.134915485978127
0,0.18518377840519
0,0.0406312458217144
0,0.201797395944595
0,0.0827055647969246
1,0.733376324176788
0,0.0303812325000763
0,0.0385022349655628
1,0.403871864080429
0,0.0374473854899406
0,0.587428152561188
0,0.127410635352135
0,0.109011754393578
0,0.472096532583237
0,0.336514443159103
0,0.182579711079597
0,0.0578766018152237
0,0.126468598842621
0,0.180499494075775
0,0.076112300157547
1,0.738128304481506
0,0.584997177124023
1,0.0542892776429653
1,0.898233115673065
0,0.0705534890294075
0,0.096128523349762
0,0.155122682452202
0,0.183935925364494
0,0.00120654422789812
0,0.814162611961365
0,0.0567487627267838
0,0.0270334463566542
0,0.288717299699783
0,0.628383219242096
0,0.341713905334473
0,0.0133913364261389
0,0.204296439886093
0,0.783724248409271
0,0.257159650325775
0,0.0833174288272858
0,0.499528676271439
0,0.0589371845126152
0,0.408279627561569
0,0.0447556935250759
0,0.00236223544925451
0,0.0865939185023308
0,0.276159673929214
0,0.0659367069602013
0,0.250229686498642
0,0.09627965092659
0,0.0394169799983501
1,0.828758001327515
0,0.0160667356103659
0,0.207431554794312
0,0.20184800028801
1,0.725763499736786
0,0.413478016853333
0,0.0872164443135262
0,0.411958664655685
1,0.998911142349243
0,0.0672342404723167
0,0.0700268298387527
0,0.137324899435043
0,0.378555476665497
0,0.435325235128403
0,0.54490602016449
0,0.161459133028984
0,0.0227758176624775
0,0.365900993347168
0,0.0934547334909439
0,0.0432187281548977
0,0.172650262713432
0,0.216208592057228
0,0.667421102523804
0,0.736404120922089
0,0.239681974053383
0,0.0280323624610901
0,0.0573482438921928
0,0.494880437850952
0,0.0640459507703781
0,0.348425984382629
0,0.0142277264967561
0,0.403382897377014
0,0.345167696475983
0,0.0476644337177277
0,0.13904881477356
0,0.405352920293808
1,0.826496958732605
0,0.0711008831858635
0,0.0298920404165983
0,0.139795899391174
0,0.895499348640442
0,0.762970268726349
0,0.0527488775551319
0,0.290961056947708
0,0.111661776900291
0,0.504756271839142
0,0.172964468598366
0,0.0264585483819246
0,0.657768309116364
0,0.0583869032561779
0,0.38706648349762
0,0.414417892694473
1,0.556509673595428
0,0.186742648482323
1,0.627156555652618
0,0.336826741695404
0,0.12707132101059
0,0.625167906284332
0,0.0625896081328392
0,0.0414183400571346
1,0.886098027229309
0,0.150884509086609
0,0.0215827971696854
0,0.0680127888917923
0,0.424679845571518
0,0.318510591983795
0,0.166837871074677
0,0.830235719680786
1,0.713948547840118
0,0.635819435119629
0,0.196665525436401
0,0.0587194003164768
0,0.0690292492508888
0,0.0603756085038185
0,0.12795090675354
0,0.436817914247513
0,0.334250867366791
0,0.0930431336164474
0,0.644252896308899
0,0.748757779598236
0,0.623545527458191
0,0.537926912307739
1,0.559169828891754
0,0.110001236200333
0,0.0178921930491924
0,0.240644380450249
0,0.162206098437309
0,0.587898790836334
0,0.0145294517278671
0,0.107659354805946
0,0.130472406744957
0,0.953788816928864
0,0.385438591241837
0,0.114274457097054
0,0.117850512266159
0,0.420500040054321
0,0.0987442806363106
0,0.202980160713196
0,0.263134270906448
0,0.172188863158226
0,0.00237664883024991
0,0.255076825618744
0,0.221547201275826
0,0.304375857114792
0,0.0773648098111153
0,0.567336320877075
0,0.121523536741734
0,0.107193998992443
0,0.00195512757636607
0,0.157739594578743
0,0.119928069412708
0,0.287717640399933
0,0.224055558443069
0,0.676643073558807
0,0.715578377246857
0,0.598296999931335
0,0.319947153329849
0,0.245772689580917
0,0.28258204460144
0,0.0227820035070181
0,0.09316735714674
0,0.021103922277689
0,0.154817163944244
0,0.068589061498642
0,0.0439981557428837
0,0.115522257983685
0,0.0353499613702297
0,0.00860656052827835
0,0.753699839115143
0,0.00769509933888912
0,0.166492819786072
0,0.519734084606171
0,0.0205673407763243
0,0.206953689455986
0,0.0277607180178165
0,0.268620699644089
0,0.124077133834362
0,0.416908144950867
0,0.048718798905611
1,0.717280328273773
0,0.388209968805313
0,0.104772865772247
0,0.00960056856274605
1,0.844412684440613
1,0.794040739536285
0,0.00233034393750131
0,0.898902714252472
0,0.0567508675158024
0,0.482011735439301
1,0.197211772203445
0,0.124205499887466
0,0.590145587921143
0,0.319794356822968
0,0.245893150568008
0,0.551672101020813
0,0.996721804141998
0,0.172168180346489
0,0.208190783858299
0,0.0462044030427933
0,0.78815370798111
0,0.0319676548242569
1,0.247130319476128
0,0.0958543047308922
0,0.152549684047699
0,0.131784096360207
0,0.757224798202515
1,0.788978517055511
0,0.0239874515682459
0,0.0628383383154869
0,0.158264935016632
0,0.236372202634811
0,0.157551392912865
0,0.623668015003204
0,0.449533730745316
0,0.107764437794685
0,0.186550974845886
0,0.013122146949172
0,0.178367003798485
0,0.129117265343666
0,0.693619608879089
0,0.00432552397251129
1,0.713891923427582
1,0.75304126739502
0,0.101344287395477
0,0.680651485919952
0,0.00602923519909382
0,0.030667033046484
0,0.385577380657196
0,0.261244386434555
0,0.165596857666969
0,0.0499196611344814
0,0.298809945583344
0,0.0842042192816734
0,0.75921505689621
0,0.0660600513219833
0,0.450487285852432
0,0.519149541854858
0,0.334454953670502
0,0.54371565580368
0,0.158770680427551
0,0.161056160926819
0,0.0829207450151443
0,0.0038536882493645
0,0.771488666534424
0,0.10452164709568
0,0.303771078586578
0,0.141825601458549
1,0.807514190673828
0,0.765193343162537
0,0.00513967033475637
0,0.358767181634903
1,0.46656346321106
1,0.580958664417267
0,0.236817538738251
0,0.0816878601908684
1,0.530437052249908
0,0.210831165313721
0,0.0812241211533546
0,0.221189185976982
0,0.221551135182381
0,0.115820728242397
0,0.486348360776901
0,0.140899881720543
0,0.291431665420532
0,0.0923889875411987
0,0.026620551943779
0,0.0192987713962793
0,0.0316619947552681
1,0.192096397280693
0,0.0714568495750427
0,0.133816048502922
0,0.529459893703461
0,0.107575587928295
1,0.192096397280693
0,0.00329382671043277
0,0.116522207856178
0,0.0876288786530495
0,0.0769053250551224
0,0.00931865256279707
0,0.00399575987830758
0,0.0982600525021553
0,0.761390089988708
0,0.531417608261108
0,0.0595075078308582
0,0.191593706607819
0,0.011093033477664
0,0.458182990550995
0,0.0680670961737633
0,0.0289497040212154
0,0.232116907835007
0,0.998822212219238
0,0.504007458686829
0,0.112398482859135
0,0.202236413955688
0,0.13089419901371
1,0.607665717601776
0,0.0886331051588058
0,0.874232351779938
0,0.00763421412557364
0,0.00263511016964912
0,0.0373020060360432
0,0.0704699084162712
0,0.509403824806213
0,0.0623909421265125
1,0.362606763839722
0,0.0752372667193413
0,0.0844142511487007
0,0.252437621355057
0,0.126795738935471
0,0.805452346801758
0,0.0649052485823631
0,0.442872107028961
1,0.297898501157761
0,0.488366007804871
0,0.126901432871819
1,0.142639458179474
0,0.272044897079468
0,0.102492980659008
0,0.556806445121765
1,0.661975383758545
0,0.078886941075325
1,0.953990280628204
0,0.0133449677377939
0,0.488532930612564
0,0.373636901378632
1,0.202304944396019
0,0.100887939333916
0,0.197759449481964
1,0.59219366312027
0,0.0887614265084267
0,0.249433368444443
0,0.324458539485931
0,0.537817001342773
0,0.022303594276309
0,0.0934299677610397
0,0.0950023159384727
1,0.155774652957916
0,0.427872061729431
0,0.220813527703285
0,0.0686180591583252
0,0.00436438154429197
0,0.345714330673218
0,0.225598856806755
0,0.234793171286583
0,0.351465851068497
0,0.00346362590789795
0,0.0654026865959167
0,0.512189388275146
0,0.0446272939443588
0,0.452459543943405
0,0.166728660464287
0,0.301468312740326
1,0.123516879975796
0,0.841118454933167
0,0.538639008998871
0,0.767236590385437
0,0.0690419897437096
0,0.0856276750564575
0,0.0638254284858704
0,0.0844701677560806
0,0.116974182426929
0,0.198388144373894
0,0.0537538975477219
1,0.790326774120331
1,0.662222027778625
0,0.497427880764008
0,0.0110988887026906
0,0.102126330137253
0,0.0272863730788231
1,0.866802334785461
0,0.144173100590706
0,0.0561515055596828
0,0.556616485118866
0,0.0560558661818504
0,0.118068017065525
0,0.0463175810873508
0,0.00908545963466167
0,0.602128386497498
0,0.0369371846318245
0,0.700513005256653
0,0.116692289710045
0,0.907358705997467
0,0.634944379329681
0,0.11566424369812
0,0.100114792585373
0,0.0441291816532612
1,0.933225035667419
0,0.81780207157135
0,0.190042957663536
0,0.0950596258044243
1,0.448675841093063
0,0.981077373027802
0,0.983585953712463
0,0.273687928915024
0,0.321533709764481
0,0.342128217220306
0,0.0877769365906715
0,0.514385163784027
0,0.0573664121329784
0,0.13104510307312
0,0.0167041681706905
0,0.0643074437975883
0,0.341574430465698
0,0.433360815048218
0,0.032467920333147
0,0.00642250152304769
0,0.317168265581131
0,0.110611006617546
0,0.006168182939291
0,0.101340532302856
0,0.312000930309296
0,0.251374095678329
0,0.149691939353943
0,0.0901093482971191
0,0.151962429285049
0,0.22451676428318
0,0.00526643684133887
0,0.38920783996582
0,0.22084678709507
1,0.975270211696625
0,0.0502477027475834
0,0.0183190833777189
0,0.663621425628662
0,0.0578114800155163
0,0.230575546622276
0,0.753445148468018
0,0.685226082801819
0,0.342737138271332
0,0.301961213350296
0,0.498233377933502
0,0.016167975962162
0,0.488866180181503
0,0.199717834591866
0,0.202146619558334
0,0.135234236717224
0,0.0701161026954651
0,0.351552486419678
0,0.891568303108215
0,0.465126484632492
0,0.540854275226593
0,0.101091839373112
0,0.00900258310139179
1,0.524884879589081
0,0.302720218896866
0,0.060357891023159
0,0.0265535190701485
1,0.627933144569397
0,0.358550250530243
0,0.057802677154541
1,0.430078238248825
0,0.240821734070778
0,0.317934811115265
0,0.0963320061564445
0,0.0324419401586056
0,0.00473662931472063
0,0.0256040338426828
0,0.0354296863079071
0,0.955921709537506
0,0.0301163382828236
0,0.026043837890029
0,0.014051079750061
0,0.0682412758469582
0,0.0166880488395691
0,0.283987104892731
0,0.00286461366340518
0,0.774444282054901
0,0.124562874436378
0,0.271941602230072
0,0.0633380562067032
0,0.145673751831055
0,0.143507122993469
0,0.389491438865662
1,0.148164346814156
1,0.999786615371704
0,0.219079047441483
0,0.787359118461609
0,0.48490908741951
0,0.0127143897116184
0,0.215266332030296
0,0.254852116107941
0,0.492109090089798
1,0.702336847782135
0,0.370115786790848
0,0.00208395253866911
0,0.652405798435211
0,0.0256413649767637
0,0.0281451344490051
0,0.487964183092117
0,0.0793359577655792
0,0.188635289669037
0,0.340583264827728
0,0.0362381152808666
0,0.727302134037018
0,0.0840240269899368
0,0.0469764582812786
0,0.360054641962051
0,0.193549960851669
0,0.232397451996803
1,0.564121007919312
0,0.0358866825699806
0,0.00185744708869606
0,0.0557054094970226
0,0.0229811314493418
0,0.0749455764889717
1,0.994979381561279
0,0.0532455295324326
1,0.761706650257111
0,0.10976604372263
0,0.270849376916885
0,0.1267429292202
0,0.325802803039551
0,0.0251810289919376
0,0.452809572219849
0,0.50169450044632
0,0.0832146555185318
1,0.751383900642395
1,0.502403020858765
0,0.197383657097816
