True_Label,RF_Probability,XGBoost_Probability,MaxEnt_Probability,Ensemble_Average
0.0,0.391,0.27704728,0.25171962,0.30658896666666663
1.0,0.843,0.98956454,0.28339455,0.7053196966666667
0.0,0.292,0.98003024,0.21139628,0.4944755066666667
0.0,0.229,0.0093133915,0.2706211,0.1696448305
0.0,0.338,0.013907257,0.007975978,0.11996107833333335
1.0,0.725,0.9757724,0.45701656,0.7192629866666667
0.0,0.347,0.031496834,0.009257581,0.12925147166666667
1.0,0.605,0.86003333,0.053558215,0.5061971816666667
0.0,0.297,0.0053989207,0.5133424,0.27191377356666663
0.0,0.332,0.010191256,0.11416936,0.15212020533333334
1.0,0.158,0.05033241,0.072728164,0.093686858
0.0,0.339,0.007374952,0.034295544,0.12689016533333333
0.0,0.319,0.034370635,0.1221686,0.15851307833333333
1.0,0.776,0.9709545,0.012082822,0.5863457740000001
1.0,0.306,0.016753623,0.4812923,0.26801530766666665
1.0,0.991,0.99857116,0.7247621,0.9047777533333333
1.0,0.777,0.96113515,0.0045646355,0.5808999285
1.0,0.558,0.42303815,0.13657948,0.37253921
1.0,0.791,0.976345,0.063833766,0.6103929220000001
0.0,0.386,0.84045017,0.029878808,0.4187763260000001
1.0,0.947,0.9969522,0.96894693,0.9709663766666666
1.0,0.182,0.1303992,0.38983476,0.23407798666666668
0.0,0.193,0.0060417727,0.2887305,0.16259075756666666
1.0,0.719,0.9782679,0.0110014025,0.5694231008333334
1.0,0.751,0.84127384,0.36855775,0.65361053
1.0,0.407,0.32995415,0.20051473,0.31248962666666663
0.0,0.226,0.32366085,0.69599324,0.41521802999999996
0.0,0.26,0.040554818,0.13562068,0.14539183266666666
1.0,0.468,0.60627323,0.0759951,0.3834227766666667
0.0,0.295,0.1298942,0.77783203,0.4009087433333334
0.0,0.25,0.02369523,0.33249596,0.20206373
1.0,0.775,0.9787112,0.59548724,0.7830661466666667
1.0,0.814,0.873316,0.27976832,0.6556947733333334
0.0,0.238,0.028561857,0.09103853,0.119200129
1.0,0.685,0.9891878,0.20260419,0.62559733
1.0,0.524,0.47171772,0.16488124,0.38686632
1.0,0.395,0.16853021,0.43043298,0.3313210633333334
1.0,0.801,0.9452096,0.43043298,0.7255475266666668
0.0,0.368,0.20842227,0.033734187,0.20338548566666667
1.0,0.865,0.9950157,0.042986147,0.634333949
0.0,0.314,0.017852208,0.026753841,0.11953534966666667
1.0,0.446,0.32390693,0.07945806,0.28312166333333333
0.0,0.335,0.67982244,0.24626054,0.4203609933333334
1.0,0.893,0.9963631,0.03273275,0.6406986166666667
0.0,0.368,0.12493646,0.76794493,0.42029379666666666
1.0,0.927,0.97240496,0.8748958,0.92476692
1.0,0.277,0.096825674,0.04999297,0.14127288133333335
0.0,0.352,0.0019969798,0.41700992,0.2570022999333333
0.0,0.348,0.5206986,0.3831467,0.41728176666666666
0.0,0.403,0.013975285,0.71468484,0.37722004166666667
1.0,0.956,0.97592247,0.96005166,0.9639913766666667
0.0,0.223,0.026382677,0.027971886,0.092451521
0.0,0.395,0.3073833,0.7952369,0.4992067333333334
0.0,0.286,0.09008758,0.19082396,0.18897051333333334
1.0,0.823,0.98680395,0.6407835,0.8168624833333333
0.0,0.529,0.09981983,0.77383083,0.46755021999999996
1.0,0.969,0.9592833,0.67273724,0.8670068466666666
1.0,0.909,0.8990531,0.76412725,0.85739345
1.0,0.788,0.9473719,0.07763739,0.60433643
0.0,0.327,0.01154616,0.046116143,0.12822076766666668
1.0,0.849,0.83739644,0.34343526,0.6766105666666666
1.0,0.192,0.05315401,0.089961015,0.11170500833333334
1.0,0.827,0.9443888,0.052780293,0.6080563643333333
0.0,0.189,0.04427284,0.8835269,0.37226658
1.0,0.693,0.22240572,0.1865091,0.36730493999999997
0.0,0.387,0.79787624,0.31605256,0.5003095999999999
1.0,0.452,0.5968522,0.5508359,0.5332293666666666
1.0,0.765,0.98336905,0.59523386,0.78120097
0.0,0.295,0.7750453,0.062491875,0.3775123916666667
1.0,0.751,0.98543143,0.10061699,0.6123494733333333
1.0,0.65,0.88413393,0.09364366,0.54259253
1.0,0.715,0.75801384,0.007975137,0.4936629923333334
1.0,0.379,0.120058745,0.5008644,0.333307715
0.0,0.488,0.9831949,0.024543978,0.498579626
1.0,0.964,0.98737013,0.011363946,0.6542446919999999
1.0,0.392,0.3832972,0.8522157,0.5425043
1.0,0.82,0.9588269,0.1331946,0.6373405
1.0,0.638,0.9110134,0.27490556,0.6079729866666667
1.0,0.878,0.8398668,0.040428653,0.5860984843333333
1.0,0.887,0.98803675,0.4738784,0.7829717166666667
0.0,0.364,0.15726398,0.06766728,0.19631041999999999
1.0,0.809,0.97862065,0.024508487,0.6040430456666667
1.0,0.797,0.72348106,0.2334219,0.58463432
0.0,0.242,0.030957723,0.05036036,0.10777269433333332
0.0,0.377,0.2742273,0.27118722,0.30747150666666667
0.0,0.381,0.8931363,0.2684605,0.5141989333333333
1.0,0.909,0.8990531,0.84604573,0.8846996100000001
1.0,0.932,0.9884659,0.025913984,0.6487932946666667
1.0,0.739,0.94459414,0.6074032,0.7636657799999998
0.0,0.356,0.45048127,0.6131549,0.47321205666666666
1.0,0.428,0.25910252,0.0011189244,0.22940714813333338
1.0,0.769,0.8692289,0.002564539,0.5469311463333334
1.0,0.444,0.24037702,0.040363308,0.24158010933333332
1.0,0.803,0.9593769,0.728718,0.8303649666666667
1.0,0.413,0.085020095,0.62676996,0.37493001833333334
0.0,0.245,0.047114424,0.258258,0.18345747466666665
1.0,0.97,0.9530958,0.66993636,0.8643440533333333
1.0,0.357,0.030697593,0.13339488,0.17369749099999998
0.0,0.309,0.049127758,0.06530873,0.141145496
1.0,0.368,0.18110639,0.09802777,0.21571138666666664
0.0,0.36,0.07450435,0.3011243,0.24520955
1.0,0.748,0.9817695,0.19859998,0.6427898266666666
1.0,0.826,0.94440347,0.040994782,0.6037994173333333
1.0,0.926,0.9916391,0.14575738,0.6877988266666667
1.0,0.35,0.05274053,0.794008,0.3989161766666667
1.0,0.656,0.8974438,0.6793891,0.7442776333333333
1.0,0.701,0.98942995,0.45822054,0.71621683
0.0,0.43,0.22790775,0.0773426,0.24508345
0.0,0.239,0.9819166,0.06960725,0.4301746166666667
0.0,0.415,0.9387877,0.8652014,0.7396630333333333
0.0,0.307,0.03633335,0.718796,0.35404311666666666
1.0,0.844,0.97648233,0.031447515,0.6173099483333333
1.0,0.375,0.038673144,0.011345232,0.141672792
0.0,0.201,0.011443212,0.008817401,0.07375353766666667
1.0,0.894,0.9887792,0.057461083,0.646746761
0.0,0.277,0.01598077,0.27301168,0.18866415
1.0,0.955,0.94965106,0.07906357,0.6612382099999999
1.0,0.881,0.9962179,0.29881442,0.7253441066666667
0.0,0.336,0.06875162,0.07032244,0.15835802000000002
0.0,0.383,0.93236685,0.4047527,0.5733731833333333
1.0,0.847,0.9948695,0.050941005,0.6309368350000001
1.0,0.554,0.88698083,0.46963555,0.6368721266666667
0.0,0.397,0.087334365,0.085686035,0.1900068
1.0,0.52,0.93580246,0.0334276,0.49641002000000006
1.0,0.705,0.9266228,0.47519276,0.7022718533333333
0.0,0.359,0.021920772,0.057183143,0.14603463833333333
0.0,0.324,0.056218367,0.48747098,0.28922978233333335
1.0,0.336,0.14426728,0.78610617,0.42212448333333336
0.0,0.43,0.101950996,0.3794264,0.3037924653333333
1.0,0.835,0.9873511,0.8643499,0.8955670000000001
1.0,0.94,0.9963995,0.0826399,0.6730131333333333
1.0,0.783,0.9692096,0.19634251,0.64951737
1.0,0.893,0.9963631,0.85705084,0.9154713133333333
0.0,0.272,0.26812172,0.057992738,0.19937148600000001
0.0,0.306,0.03466944,0.13553634,0.15873526000000002
1.0,0.774,0.9145058,0.042310238,0.5769386793333334
1.0,0.884,0.9807314,0.020890169,0.6285405230000001
1.0,0.389,0.19921738,0.04319499,0.21047079000000002
0.0,0.348,0.02695958,0.030316554,0.13509204466666666
0.0,0.389,0.99238527,0.10279227,0.49472584666666664
0.0,0.328,0.034775034,0.13670693,0.166493988
1.0,0.828,0.9924964,0.06683287,0.6291097566666667
1.0,0.907,0.9921599,0.044030562,0.647730154
0.0,0.387,0.9658769,0.5382168,0.6303645666666667
1.0,0.812,0.9857157,0.15378277,0.65049949
0.0,0.345,0.036600284,0.62119615,0.334265478
0.0,0.264,0.007553026,0.31145167,0.19433489866666667
0.0,0.343,0.013784411,0.3883504,0.24837827033333335
1.0,0.648,0.63698167,0.8778383,0.7209399900000001
0.0,0.318,0.31753427,0.14840284,0.26131237
0.0,0.286,0.24241796,0.79098135,0.43979977000000003
0.0,0.269,0.21189873,0.027122855,0.16934052833333335
0.0,0.324,0.09444646,0.0541131,0.15751985333333332
0.0,0.353,0.8764536,0.07896019,0.43613793000000006
1.0,0.194,0.05029465,0.27553782,0.17327749
1.0,0.645,0.74689287,0.0043624924,0.4654184541333333
0.0,0.347,0.043621093,0.7558921,0.3821710643333333
0.0,0.381,0.063505925,0.12022809,0.18824467166666667
0.0,0.281,0.05395994,0.82742584,0.3874619266666666
1.0,0.824,0.97865945,0.010580108,0.604413186
0.0,0.301,0.16876805,0.062778525,0.177515525
0.0,0.156,0.05840598,0.76649684,0.32696760666666663
0.0,0.28,0.0038998837,0.4029063,0.22893539456666667
0.0,0.263,0.1728176,0.15455289,0.19679016333333332
1.0,0.534,0.6359997,0.6606094,0.6102030333333334
0.0,0.341,0.026107075,0.13736917,0.16815874833333333
0.0,0.234,0.020696305,0.14008023,0.13159217833333334
1.0,0.594,0.52870446,0.04361993,0.38877479666666664
1.0,0.783,0.93666166,0.55259264,0.7574180999999999
0.0,0.296,0.080556616,0.16147603,0.17934421533333333
1.0,0.769,0.8692289,0.8988289,0.8456859333333334
1.0,0.636,0.83761,0.09798231,0.5238641033333332
1.0,0.634,0.94562775,0.86116624,0.8135979966666667
1.0,0.645,0.88955766,0.23312435,0.5892273366666666
1.0,0.289,0.032652494,0.07878189,0.133478128
0.0,0.28,0.04582225,0.20625655,0.17735960000000003
0.0,0.35,0.9974496,0.18007448,0.5091746933333333
0.0,0.307,0.94938713,0.04015271,0.4321799466666667
0.0,0.318,0.93947786,0.08771604,0.44839796666666665
0.0,0.279,0.053779986,0.766434,0.36640466200000005
0.0,0.326,0.06276445,0.10920994,0.16599146333333334
1.0,0.185,0.0072649578,0.34954852,0.1806044926
0.0,0.372,0.3245417,0.63592434,0.4441553466666666
1.0,0.674,0.98299766,0.58388454,0.7469607333333333
1.0,0.861,0.8039607,0.035303228,0.5667546426666666
1.0,0.55,0.9150136,0.26397833,0.5763306433333334
1.0,0.785,0.95331806,0.056960963,0.598426341
0.0,0.318,0.018740589,0.043758906,0.126833165
0.0,0.427,0.2052916,0.03431014,0.22220057999999998
1.0,0.933,0.9980027,0.26821113,0.7330712766666667
1.0,0.869,0.9838808,0.52322567,0.79203549
1.0,0.864,0.95542514,0.040053707,0.6198262823333333
0.0,0.355,0.16395059,0.50982785,0.34292614666666665
1.0,0.864,0.95542514,0.11258756,0.6440042333333332
1.0,0.422,0.33222538,0.027708191,0.2606445236666667
0.0,0.418,0.029388983,0.022928558,0.15677251366666664
0.0,0.271,0.03765902,0.10574064,0.13813322
1.0,0.923,0.97786796,0.060362928,0.6537436293333333
0.0,0.404,0.41720697,0.111056104,0.310754358
1.0,0.628,0.6242071,0.052220784,0.4348092946666667
0.0,0.206,0.0100411335,0.043159105,0.08640007949999999
0.0,0.358,0.17805712,0.93393975,0.48999895666666665
1.0,0.88,0.988003,0.628016,0.8320063333333333
,,0.6222573,0.42786998,0.5250636399999999
,,0.9408271,0.583187,0.76200705
,,0.3387571,0.586057,0.46240705000000004
,,0.004807774,0.42652524,0.215666507
,,0.31966305,0.093737885,0.2067004675
,,0.75575286,0.016847812,0.38630033599999997
,,0.7556311,0.0025911003,0.37911110015
,,0.94119275,0.07136452,0.506278635
,,0.17576991,0.091137655,0.1334537825
,,0.6568607,0.38841406,0.5226373799999999
,,0.121754296,0.04972985,0.085742073
,,0.7864906,0.3544343,0.57046245
,,0.3475709,0.17800638,0.26278864
,,0.98022157,0.8967771,0.9384993349999999
,,0.08569626,0.087969206,0.086832733
,,0.98482865,0.038892604,0.511860627
,,0.9557035,0.345568,0.65063575
,,0.32617366,0.123998344,0.22508600199999998
,,0.932175,0.15363169,0.542903345
,,0.010329284,0.89217216,0.451250722
,,0.9788519,0.13438301,0.556617455
,,0.056097683,0.22844744,0.1422725615
,,0.025701094,0.03992378,0.032812437
,,0.97633135,0.21215932,0.594245335
,,0.8416972,0.74994814,0.79582267
,,0.4652085,0.053989314,0.259598907
,,0.030100374,0.7256045,0.377852437
,,0.05831042,0.2131837,0.13574706
,,0.522942,0.37677422,0.44985811
,,0.35660326,0.019963639,0.18828344949999998
,,0.15555465,0.057754368,0.106654509
,,0.8119833,0.49499938,0.65349134
,,0.9278023,0.52907413,0.728438215
,,0.010638198,0.56216115,0.286399674
,,0.7874554,0.2177252,0.5025903
,,0.3789375,0.82742584,0.60318167
,,0.23503226,0.22658522,0.23080874
,,0.96240985,0.37963715,0.6710235
,,0.0031099604,0.562648,0.2828789802
,,0.663047,0.09035961,0.37670330500000004
,,0.81853384,0.012363331,0.41544858549999997
,,0.37872285,0.014891245,0.1968070475
,,0.01584496,0.060684063,0.0382645115
,,0.93273115,0.18328857,0.55800986
,,0.36099225,0.98693496,0.673963605
,,0.9770017,0.045423493,0.5112125965
,,0.43328503,0.08697912,0.260132075
,,0.034670427,0.3789542,0.2068123135
,,0.2399633,0.013384873,0.1266740865
,,0.2426598,0.0069790673,0.12481943365
,,0.9725912,0.76893246,0.87076183
,,0.43037316,0.30138507,0.365879115
,,0.0245777,0.4476801,0.2361289
,,0.075267375,0.026091812,0.050679593499999995
,,0.97109354,0.058240816,0.5146671780000001
,,0.006153418,0.113554664,0.059854041
,,0.9623304,0.09207854,0.52720447
,,0.9163594,0.2667328,0.5915461
,,0.7340893,0.61374974,0.67391952
,,0.15934892,0.9671798,0.56326436
,,0.98502326,0.106921986,0.5459726229999999
,,0.05683346,0.123584114,0.090208787
,,0.94377214,0.08426297,0.514017555
,,0.118175186,0.0038001894,0.0609876877
,,0.330153,0.6202002,0.47517659999999995
,,0.024040561,0.8828266,0.4534335805
,,0.40969777,0.23500842,0.322353095
,,0.9726547,0.023309827,0.49798226349999997
,,0.03955146,0.40053922,0.22004533999999998
,,0.9663857,0.06365835,0.515022025
,,0.92990947,0.02522008,0.477564775
,,0.92603105,0.385934,0.655982525
,,0.036414385,0.97958565,0.5080000175
,,0.25061476,0.11904355,0.184829155
,,0.9796664,0.012840663,0.4962535315
,,0.13391894,0.19758195,0.165750445
,,0.9663352,0.07344134,0.5198882699999999
,,0.8713047,0.041305013,0.4563048565
,,0.8819743,0.1447712,0.51337275
,,0.97813386,0.9668253,0.97247958
,,0.0074488944,0.06015973,0.0338043122
,,0.9491697,0.72934216,0.83925593
,,0.9353315,0.23084643,0.583088965
,,0.16728508,0.18656164,0.17692336
,,0.06981467,0.08975938,0.079787025
,,0.09488308,0.14133051,0.11810679499999999
,,0.9163594,0.0023152763,0.45933733815
,,0.98697066,0.6029983,0.79498448
,,0.9025897,0.038016208,0.47030295400000005
,,0.038965367,0.10091103,0.06993819849999999
,,0.03223159,0.0034413992,0.0178364946
,,0.90265745,0.12997173,0.51631459
,,0.26790708,0.0039119134,0.13590949670000002
,,0.9831972,0.22748645,0.605341825
,,0.22514047,0.71674246,0.470941465
,,0.13140514,0.003470202,0.067437671
,,0.9544814,0.5874249,0.77095315
,,0.4698199,0.85173017,0.660775035
,,0.08712741,0.7496976,0.418412505
,,0.3508318,0.06804193,0.20943686500000003
,,0.09827853,0.04526911,0.07177382
,,0.9528976,0.02193175,0.487414675
,,0.9140314,0.38809896,0.65106518
,,0.96696055,0.29189408,0.629427315
,,0.31954178,0.11818352,0.21886265
,,0.9197542,0.03782035,0.47878727499999996
,,0.31406718,0.7713124,0.5426897900000001
,,0.0258568,0.9906978,0.5082772999999999
,,0.0062408806,0.0016012682,0.0039210744
,,0.01813957,0.07956342,0.048851494999999995
,,0.33410653,0.033950467,0.1840284985
,,0.91067195,0.105427586,0.508049768
,,0.18485895,0.07577985,0.1303194
,,0.024338387,0.008520504,0.0164294455
,,0.9776528,0.017145747,0.4973992735
,,0.4204495,0.44512358,0.43278654
,,0.9669807,0.34702456,0.65700263
,,0.96606356,0.012098938,0.489081249
,,0.0022059705,0.5069401,0.25457303525
,,0.52207386,0.008650276,0.265362068
,,0.9372644,0.08305502,0.51015971
,,0.30832863,0.08553895,0.19693379
,,0.3551802,0.18079159,0.26798589500000003
,,0.21593286,0.25568336,0.23580811000000002
,,0.92172843,0.0667717,0.494250065
,,0.025322111,0.32733467,0.1763283905
,,0.049655657,0.18776026,0.1187079585
,,0.08061263,0.04300655,0.06180959
,,0.106183976,0.15478104,0.130482508
,,0.719402,0.027325353,0.3733636765
,,0.9567627,0.41446668,0.68561469
,,0.9872612,0.1661058,0.5766835
,,0.93273115,0.5455836,0.739157375
,,0.051424757,0.90619195,0.4788083535
,,0.022763228,0.24911796,0.135940594
,,0.834625,0.0167596,0.42569229999999997
,,0.987107,0.3757903,0.68144865
,,0.1597044,0.13098682,0.14534561000000001
,,0.1269478,0.39446586,0.26070683
,,0.01975356,0.11882422,0.06928888999999999
,,0.18150055,0.23493445,0.2082175
,,0.9788432,0.03196678,0.50540499
,,0.8427637,0.40898874,0.62587622
,,0.022679307,0.14625712,0.0844682135
,,0.97749,0.57544124,0.77646562
,,0.0647016,0.46807295,0.266387275
,,0.00885725,0.13770337,0.07328031
,,0.06675212,0.12577765,0.096264885
,,0.40054753,0.121141635,0.2608445825
,,0.79269373,0.65913457,0.7259141499999999
,,0.14832246,0.0167992,0.08256083
,,0.04584219,0.3211813,0.183511745
,,0.25257218,0.3514953,0.30203374
,,0.055808455,0.32346234,0.1896353975
,,0.031521484,0.040044285,0.0357828845
,,0.92909527,0.4767539,0.702924585
,,0.34627467,0.90754753,0.6269111
,,0.07898069,0.2476315,0.163306095
,,0.008404338,0.085897885,0.047151111499999995
,,0.96483576,0.5534871,0.75916143
,,0.41316915,0.47005892,0.44161403499999996
,,0.014938242,0.35188463,0.18341143599999998
,,0.8914186,0.022642659,0.45703062949999995
,,0.08430759,0.26873937,0.17652347999999998
,,0.40167663,0.12699874,0.264337685
,,0.8952139,0.95378673,0.924500315
,,0.030040737,0.3514713,0.19075601849999999
,,0.8286101,0.012470967,0.4205405335
,,0.822204,0.25202164,0.53711282
,,0.006069978,0.050749604,0.028409790999999997
,,0.90265745,0.14809783,0.52537764
,,0.32709697,0.569479,0.448287985
,,0.810858,0.028078847,0.41946842349999997
,,0.7233049,0.66074795,0.692026425
,,0.03902553,0.48716757,0.26309655
,,0.016506867,0.12651366,0.0715102635
,,0.08683782,0.24340896,0.16512339
,,0.6370032,0.10534714,0.37117517
,,0.09423407,0.80590767,0.45007087
,,0.33385497,0.10119192,0.21752344499999998
,,0.3496392,0.16896348,0.25930134
,,0.0074303593,0.11149728,0.05946381965
,,0.010451244,0.20039356,0.105422402
,,0.6968006,0.65137243,0.6740865149999999
,,0.9633111,0.02873234,0.49602172
,,0.6274703,0.31248084,0.46997557
,,0.88159776,0.41383806,0.64771791
,,0.019018864,0.05406914,0.036544002
,,0.0060207187,0.9853538,0.49568725934999996
,,0.9741546,0.038416028,0.506285314
,,0.97239494,0.038337894,0.5053664170000001
,,0.9331186,0.7051247,0.81912165
,,0.69965893,0.026556067,0.3631074985
,,0.9331186,0.21650264,0.57481062
,,0.038326807,0.040004738,0.0391657725
,,0.9247548,0.2272667,0.57601075
,,0.52989423,0.9080985,0.718996365
,,0.9851607,0.4818588,0.73350975
,,0.012308871,0.1336628,0.0729858355
,,0.46890336,0.8941471,0.68152523
,,0.06740092,0.83958894,0.45349492999999996
,,0.35701936,0.13278195,0.24490065500000002
,,0.9700964,0.97144264,0.9707695199999999
,,0.1688462,0.9476075,0.55822685
,,0.92913234,0.85406315,0.891597745
,,0.105638966,0.08113113,0.093385048
,,0.04081381,0.88248456,0.46164918499999996
,,0.48699299,0.9545899,0.720791445
,,0.743474,0.228238,0.48585599999999995
,,0.02143092,0.90242785,0.461929385
,,0.9272994,0.44490883,0.686104115
,,0.08602748,0.30910492,0.1975662
,,0.0071907816,0.003960411,0.005575596299999999
,,0.0513655,0.05254001,0.051952755
,,0.046807885,0.057372283,0.052090084
,,0.022029895,0.0541914,0.0381106475
,,0.8907027,0.100334354,0.495518527
,,0.038648527,0.03384975,0.0362491385
,,0.9860946,0.6384961,0.8122953500000001
,,0.87655497,0.026644487,0.4515997285
,,0.11767488,0.0058868653,0.06178087265
,,0.94020396,0.91539437,0.9277991649999999
,,0.35106236,0.119274445,0.2351684025
,,0.9871962,0.011942245,0.49956922249999997
,,0.090051025,0.52704865,0.3085498375
,,0.12008778,0.53930575,0.329696765
,,0.9898262,0.03567763,0.512751915
,,0.8334743,0.07419904,0.45383667
,,0.47098255,0.01278906,0.241885805
,,0.1780491,0.79369146,0.48587028
,,0.43488455,0.8152842,0.625084375
,,0.24493082,0.71000886,0.47746984
,,0.08001358,0.40698728,0.24350043
,,0.04469236,0.22141525,0.133053805
,,0.95111436,0.01149524,0.48130480000000003
,,0.9724692,0.029205095,0.5008371475
,,0.011991477,0.7664386,0.3892150385
,,0.8801115,0.6379121,0.7590118
,,0.74510765,0.041155174,0.393131412
,,0.15362589,0.99903655,0.57633122
,,0.93810153,0.71341926,0.825760395
,,0.99286944,0.5125456,0.75270752
,,0.98515236,0.35996652,0.67255944
,,0.024214702,0.24993953,0.137077116
,,0.88686186,0.5856796,0.73627073
,,0.032926504,0.057217598,0.045072051
,,0.9770865,0.5063657,0.7417260999999999
,,0.85883296,0.3627349,0.61078393
,,0.94661003,0.00972215,0.47816609
,,0.24324417,0.4557234,0.349483785
,,0.8036665,0.053976078,0.428821289
,,0.22463438,0.10609055,0.16536246500000001
,,0.03377326,0.89151454,0.4626439
,,0.97312284,0.20322883,0.588175835
,,0.11327744,0.20840874,0.16084309
,,0.011176139,0.3960329,0.2036045195
,,0.17370445,0.0011307265,0.08741758825000001
,,0.9063173,0.7532521,0.8297847
,,0.85524315,0.76992124,0.812582195
,,0.9314929,0.32921806,0.63035548
,,0.8689285,0.0028994181,0.43591395905
,,0.66769457,0.34616056,0.506927565
,,0.45306364,0.09433333,0.273698485
,,0.76586455,0.008337812,0.387101181
,,0.051519837,0.7989359,0.4252278685
,,0.99256295,0.401955,0.697258975
,,0.04296764,0.630371,0.33666932
,,0.72285134,0.23050895,0.476680145
,,0.11440249,0.20297791,0.1586902
,,0.4869728,0.35695946,0.42196613
,,0.9735569,0.6386966,0.80612675
,,0.20917036,0.7024464,0.45580838
,,0.48522687,0.56436974,0.524798305
,,0.96816885,0.11180965,0.53998925
,,0.57349473,0.04477692,0.309135825
,,0.38635322,0.041144133,0.2137486765
,,0.9544937,0.067599565,0.5110466325
,,0.9651229,0.18954945,0.577336175
,,0.12626617,0.53766906,0.33196761500000005
,,0.9887482,0.97238255,0.980565375
,,0.13660794,0.0035643415,0.07008614075000001
,,0.8839003,0.041762583,0.4628314415
,,0.98688126,0.28111762,0.63399944
,,0.050362274,0.25970465,0.15503346199999998
,,0.9643297,0.46658757,0.715458635
,,0.86617196,0.029318754,0.44774535699999995
,,0.87388206,0.63059765,0.752239855
,,0.032470964,0.16751073,0.099990847
,,0.27434742,0.0061677243,0.14025757215
,,0.8689285,0.8104556,0.83969205
,,0.9949478,0.08451555,0.5397316750000001
,,0.87445503,0.032882024,0.453668527
,,0.019755393,0.019943347,0.019849369999999998
,,0.46940058,0.07773944,0.27357001000000003
,,0.8192509,0.19218501,0.5057179549999999
,,0.8330758,0.09931672,0.46619626000000003
,,0.90869,0.4667125,0.6877012499999999
,,0.17772064,0.43494058,0.30633061
,,0.012761777,0.8276329,0.4201973385
,,0.9737195,0.9997734,0.98674645
,,0.17227331,0.52656645,0.34941988
,,0.37826803,0.11889378,0.248580905
,,0.11756793,0.49531618,0.306442055
,,0.8591511,0.0044911886,0.43182114429999996
,,0.80875874,0.012781947,0.4107703435
,,0.6852873,0.56056935,0.622928325
,,0.96109366,0.44762096,0.70435731
,,0.22632144,0.046903286,0.13661236300000001
,,0.95855814,0.053576145,0.5060671425
,,0.71963555,0.32189557,0.5207655600000001
,,0.94872934,0.007674833,0.4782020865
,,0.20125288,0.21177654,0.20651471
,,0.8456417,0.4767046,0.66117315
,,0.28336176,0.28394812,0.28365494
,,0.9922273,0.7921722,0.8921997500000001
,,0.36620986,0.3038779,0.33504387999999996
,,0.022850396,0.38938206,0.20611622799999998
,,0.9785936,0.24125904,0.60992632
,,0.028560288,0.06850419,0.048532239000000005
,,0.92527795,0.08649443,0.50588619
,,0.9772578,0.052856077,0.5150569385
,,0.94893885,0.50434226,0.726640555
,,0.03342994,0.9449727,0.48920132
,,0.97971994,0.3534205,0.66657022
,,0.54444975,0.76034033,0.65239504
,,0.97727853,0.06291904,0.520098785
,,0.53658164,0.42462128,0.48060146
,,0.8839815,0.038952127,0.46146681349999996
,,0.89599556,0.43556446,0.66578001
,,0.9937435,0.092863314,0.543303407
,,0.50713366,0.18029295,0.343713305
,,0.07988631,0.16807762,0.123981965
,,0.90728575,0.6396885,0.7734871249999999
,,0.97012275,0.59791964,0.784021195
,,0.9334547,0.11766011,0.525557405
,,0.9770865,0.8510769,0.9140817
,,0.0011951044,0.07388568,0.037540392199999995
,,0.90587753,0.21608302,0.560980275
,,0.80066746,0.40164194,0.6011546999999999
,,0.8364048,0.018034294,0.427219547
,,0.2251248,0.057250198,0.141187499
,,0.38305306,0.17677037,0.279911715
,,0.018793521,0.07659658,0.0476950505
,,0.12930651,0.037641354,0.083473932
,,0.9800295,0.06861188,0.52432069
,,0.986527,0.15730374,0.57191537
,,0.1269221,0.22799669,0.17745939500000002
,,0.9587482,0.050269745,0.5045089725
,,0.053206697,0.20302849,0.12811759350000002
,,0.19215193,0.06064832,0.126400125
,,0.14390057,0.5275062,0.335703385
,,0.74261904,0.5871121,0.66486557
,,0.2770741,0.032084774,0.154579437
,,0.16128346,0.58646923,0.373876345
,,0.0559046,0.29599708,0.17595084
,,0.1420436,0.11815135,0.130097475
,,0.004385775,0.05219726,0.028291517500000002
,,0.080276474,0.7502919,0.415284187
,,0.7405475,0.19817238,0.46935994000000003
,,0.38434675,0.06205507,0.22320091
,,0.0014923541,0.30617478,0.15383356704999998
,,0.19262677,0.3106976,0.25166218500000004
,,0.9737544,0.2002304,0.5869924
,,0.009004684,0.02817621,0.018590447
,,0.016224,0.039818212,0.028021105999999997
,,0.28958595,0.29009184,0.289838895
,,0.0031719606,0.039814726,0.021493343300000002
,,0.29621682,0.17708066,0.23664874
,,0.08810105,0.21110502,0.149603035
,,0.121854715,0.050453026,0.08615387050000001
,,0.48410845,0.08237945,0.28324395
,,0.90503633,0.06566429,0.48535031
,,0.08644763,0.18814725,0.13729744
,,0.8192509,0.68369997,0.751475435
,,0.7665276,0.25710303,0.511815315
,,0.9328021,0.43788663,0.685344365
,,0.6881222,0.10055397,0.394338085
,,0.06408252,0.3354029,0.19974271
,,0.08581379,0.08533567,0.08557473
,,0.5181084,0.08646369,0.302286045
,,0.006897459,0.007415683,0.0071565710000000005
,,0.01535841,0.9139311,0.464644755
,,0.08903936,0.039052326,0.06404584299999999
,,0.07479886,0.728389,0.40159393
,,0.039552614,0.75152177,0.395537192
,,0.047841813,0.12348403,0.08566292149999999
,,0.9254651,0.14843367,0.536949385
,,0.89146423,0.23151177,0.561488
,,0.94436306,0.1603104,0.55233673
,,0.9534882,0.11143327,0.532460735
,,0.02635585,0.06761689,0.04698637
,,0.004719507,0.6720531,0.3383863035
,,0.9964371,0.2580555,0.6272462999999999
,,0.97569376,0.30174032,0.63871704
,,0.9427184,0.7591619,0.85094015
,,0.20631744,0.16484676,0.1855821
,,0.9427184,0.112512425,0.5276154125
,,0.19588225,0.122157946,0.159020098
,,0.9573982,0.28278786,0.62009303
,,0.37796152,0.50442374,0.44119263
,,0.949515,0.48576558,0.71764029
,,0.94411623,0.18588111,0.56499867
,,0.7925538,0.1038589,0.44820635
,,0.21305224,0.13507749,0.174064865
,,0.7730893,0.34069705,0.556893175
,,0.9536477,0.007791743,0.4807197215
,,0.7782294,0.06478583,0.421507615
,,0.9531045,0.11533925,0.5342218750000001
,,0.04646889,0.7464842,0.396476545
,,0.02616423,0.052458074,0.039311152
,,0.0051899664,0.06858496,0.0368874632
,,0.8633384,0.95984244,0.91159042
,,0.43777606,0.036657877,0.23721696850000001
,,0.951583,0.79708385,0.874333425
,,0.9547779,0.18265165,0.568714775
,,0.1993104,0.24066906,0.21998973
,,0.30593616,0.09171183,0.198823995
,,0.054225463,0.041897263,0.048061362999999996
,,0.3325499,0.16143516,0.24699253
,,0.6697352,0.088813886,0.37927454299999996
,,0.009884591,0.033633467,0.021759029
,,0.9853277,0.748141,0.86673435
,,0.88994026,0.51743895,0.703689605
,,0.45434174,0.4006621,0.42750192
,,0.7713942,0.046346176,0.408870188
,,0.23078148,0.37937567,0.305078575
,,0.9665862,0.9158094,0.9411978
,,0.05552559,0.01428553,0.03490556
,,0.0088404715,0.5633844,0.28611243575
,,0.69665617,0.033545908,0.365101039
,,0.5238666,0.42620155,0.47503407499999994
,,0.3669128,0.02197291,0.194442855
,,0.020956824,0.4006497,0.210803262
,,0.035623215,0.13124345,0.08343333250000001
,,0.17686442,0.5180456,0.34745501
,,0.17251335,0.0041408716,0.08832711080000001
,,0.16505212,0.4340237,0.29953791
,,0.74784154,0.14381664,0.44582909000000004
,,0.9243812,0.721317,0.8228491
,,0.032674648,0.06862663,0.050650639
,,0.8503438,0.02194353,0.436143665
,,0.15389252,0.24268754,0.19829003
,,0.29459217,0.14423288,0.219412525
,,0.8125411,0.4388781,0.6257096
,,0.6195709,0.0713476,0.34545925
,,0.9756132,0.19731532,0.58646426
,,0.19315045,0.021807298,0.107478874
,,0.5885932,0.9047238,0.7466585
,,0.0017820039,0.07564268,0.03871234195
,,0.9963833,0.022389859,0.5093865795
,,0.8520052,0.048559956,0.450282578
,,0.95861906,0.65813935,0.808379205
,,0.123547375,0.37513372,0.2493405475
,,0.069930986,0.16300736,0.116469173
,,0.03522776,0.055723563,0.0454756615
,,0.8730807,0.029158777,0.45111973850000003
,,0.9621176,0.1639391,0.56302835
,,0.5005593,0.030680643,0.2656199715
,,0.0029737202,0.48848408,0.24572890009999998
,,0.07107491,0.089035474,0.080055192
,,0.95929754,0.012428603,0.4858630715
,,0.9932545,0.10208032,0.5476674100000001
,,0.95968914,0.1262696,0.5429793700000001
,,0.89319813,0.19606414,0.544631135
,,0.9560404,0.46683002,0.71143521
,,0.71240884,0.3920016,0.55220522
,,0.92680687,0.45947546,0.693141165
,,0.024202216,0.82153416,0.42286818800000003
,,0.9919775,0.114031084,0.553004292
,,0.0040276186,0.22044738,0.1122374993
,,0.64284873,0.08794247,0.3653956
,,0.8895113,0.47335252,0.68143191
,,0.18809894,0.558531,0.37331497
,,0.49620607,0.6473924,0.571799235
,,0.18316156,0.24434367,0.213752615
,,0.95233774,0.40434062,0.67833918
,,0.9581383,0.5222192,0.74017875
,,0.9363139,0.097880796,0.5170973480000001
,,0.19454835,0.14736757,0.17095796000000002
,,0.96923494,0.004908258,0.487071599
,,0.98427516,0.23819944,0.6112373
,,0.15545453,0.86318356,0.509319045
,,0.98655486,0.19561464,0.59108475
,,0.87848246,0.023650633,0.4510665465
,,0.906992,0.04318538,0.47508869000000004
,,0.99136984,0.22607473,0.608722285
,,0.33248216,0.022891149,0.1776866545
,,0.8870263,0.3743573,0.6306918
,,0.88024694,0.4828582,0.68155257
,,0.0034175683,0.48060858,0.24201307415
,,0.9709672,0.20238611,0.586676655
,,0.21244185,0.94869065,0.58056625
,,0.89319813,0.06858618,0.48089215500000004
,,0.9903042,0.5854718,0.7878879999999999
,,0.80354506,0.12792033,0.46573269500000003
,,0.7781525,0.12908664,0.45361957
,,0.20789187,0.12999691,0.16894439
,,0.7953982,0.6091088,0.7022535000000001
,,0.73413926,0.026327183,0.3802332215
,,0.98548734,0.029857703,0.5076725215
,,0.0384351,0.14129372,0.08986441
,,0.75215054,0.94544655,0.848798545
,,0.9644782,0.04973841,0.5071083049999999
,,0.051802028,0.20733508,0.129568554
,,0.008795763,0.009315596,0.0090556795
,,0.053202823,0.3475108,0.2003568115
,,0.19547005,0.057908867,0.12668945850000002
,,0.7174755,0.26564717,0.491561335
,,0.96011454,0.05966116,0.50988785
,,0.9605646,0.030788051,0.4956763255
,,0.37428698,0.047758047,0.2110225135
,,0.94251364,0.007877361,0.47519550050000003
,,0.36378166,0.1563392,0.26006043
,,0.030997928,0.04626675,0.038632339
,,0.08147505,0.09044719,0.08596112
,,0.9439697,0.66199714,0.80298342
,,0.007825032,0.000985573,0.0044053025
,,0.9465473,0.20248903,0.574518165
,,0.47747922,0.83619356,0.65683639
,,0.017740902,0.55210656,0.284923731
,,0.97976124,0.038853843,0.5093075415
,,0.36701745,0.12213111,0.24457428
,,0.9689408,0.59218454,0.78056267
,,0.9880911,0.3690052,0.67854815
,,0.028520638,0.7072042,0.367862419
,,0.26891813,0.24565753,0.25728783
,,0.978233,0.058277506,0.518255253
,,0.91754997,0.097488336,0.5075191530000001
,,0.87553304,0.06405827,0.469795655
,,0.56125665,0.3218728,0.441564725
,,0.9833545,0.020545768,0.501950134
,,0.36043158,0.12350114,0.24196636
,,0.05830969,0.8853274,0.471818545
,,0.09114739,0.24428076,0.16771407500000002
,,0.08452197,0.86716396,0.475842965
,,0.95780015,0.98412716,0.970963655
,,0.9939521,0.11970664,0.55682937
,,0.98445153,0.14429578,0.564373655
,,0.9963833,0.147075,0.57172915
,,0.0022339467,0.06922291,0.03572842835
,,0.9798964,0.16037828,0.57013734
,,0.9445036,0.67720777,0.8108556849999999
,,0.9497911,0.01793392,0.48386251
,,0.20822378,0.08274592,0.14548485
,,0.1404091,0.32086325,0.230636175
,,0.92840356,0.13285244,0.530628
,,0.38489994,0.04144025,0.213170095
,,0.97299576,0.030778436,0.501887098
,,0.9882571,0.180787,0.58452205
,,0.6961842,0.096809335,0.3964967675
,,0.98049736,0.16632926,0.57341331
,,0.4520859,0.11297227,0.282529085
,,0.9054236,0.6443338,0.7748786999999999
,,0.041786976,0.6202075,0.330997238
,,0.9786219,0.3176013,0.6481116
,,0.5190369,0.020805575,0.2699212375
,,0.011368593,0.022281906,0.0168252495
,,0.0041996106,0.10854513,0.0563723703
,,0.30459327,0.0019332872,0.15326327860000002
,,0.95163196,0.19851702,0.57507449
,,0.3888561,0.15922889,0.274042495
,,0.9204589,0.016975254,0.468717077
,,0.8815369,0.76002645,0.820781675
,,0.33136463,0.30296537,0.31716500000000003
,,0.043866154,0.60088277,0.32237446200000003
,,0.9591264,0.55965954,0.75939297
,,0.57209253,0.059867825,0.3159801775
,,0.08521775,0.5518931,0.318555425
,,0.0033642102,0.033119686,0.018241948100000002
,,0.01687324,0.14847496,0.0826741
,,0.6714291,0.078745745,0.3750874225
,,0.013501039,0.68426543,0.3488832345
,,0.0025609853,0.67477953,0.33867025765000003
,,0.73361045,0.92894787,0.83127916
,,0.88651294,0.6898961,0.7882045200000001
,,0.08264859,0.20105441,0.1418515
,,0.7953982,0.26991808,0.53265814
,,0.49839786,0.032030802,0.265214331
,,0.45179725,0.6118405,0.531818875
,,0.96847075,0.8325777,0.9005242250000001
,,0.24106286,0.24121928,0.24114107
,,0.022972852,0.014771694,0.018872273
,,0.43633857,0.16299532,0.299666945
,,0.10337898,0.37814045,0.240759715
,,0.1551214,0.9691962,0.5621588
,,0.0057032406,0.11457544,0.060139340300000003
,,0.12125165,0.08319012,0.10222088500000001
,,0.013868864,0.10845992,0.061164392
,,0.95000523,0.043502178,0.496753704
,,0.98235804,0.44874847,0.715553255
,,0.9585585,0.10617528,0.53236689
,,0.9097908,0.21241717,0.561103985
,,0.8410933,0.002635173,0.42186423650000004
,,0.5430273,0.05187554,0.29745142
,,0.9101153,0.11962329,0.514869295
,,0.9834989,0.057664208,0.520581554
,,0.98791426,0.39521903,0.691566645
,,0.9530199,0.3093296,0.63117475
,,0.9366906,0.086577974,0.511634287
,,0.9530199,0.07487739,0.513948645
,,0.39054143,0.21922308,0.304882255
,,0.14492798,0.031579927,0.08825395350000001
,,0.31527597,0.19524853,0.25526225
,,0.9825544,0.32076117,0.651657785
,,0.08399377,0.30542475,0.19470926
,,0.83427405,0.12105383,0.47766394
,,0.0029441619,0.43043298,0.21668857095000002
,,0.2148968,0.26219538,0.23854609
,,0.9911261,0.7666574,0.87889175
,,0.31084773,0.9711104,0.640979065
,,0.80496895,0.01702078,0.410994865
,,0.7521859,0.07328872,0.41273730999999997
,,0.075635485,0.06700434,0.0713199125
,,0.25771272,0.17127106,0.21449189000000002
,,0.9266181,0.19379528,0.56020669
,,0.9630435,0.34471506,0.6538792800000001
,,0.7930489,0.44762096,0.62033493
,,0.13003252,0.046565667,0.08829909350000001
,,0.33761066,0.33871558,0.33816312000000004
,,0.01982662,0.009116485,0.0144715525
,,0.35156012,0.058615442,0.205087781
,,0.023558965,0.111768775,0.06766387
,,0.86836326,0.9646376,0.9165004299999999
,,0.13397844,0.396822,0.26540022
,,0.98162556,0.102469936,0.542047748
,,0.77553403,0.05974863,0.41764133
,,0.1100323,0.16286066,0.13644647999999998
,,0.4648024,0.36735824,0.41608032
,,0.003290886,0.036907237,0.0200990615
,,0.9801292,0.93415177,0.957140485
,,0.14950724,0.1625443,0.15602577
,,0.05982062,0.0773806,0.06860060999999999
,,0.9501395,0.10150117,0.525820335
,,0.9498766,0.025161976,0.487519288
,,0.50457317,0.23897466,0.371773915
,,0.44787857,0.09415162,0.271015095
,,0.002502469,0.01651471,0.0095085895
,,0.38363022,0.98835933,0.685994775
,,0.0052295313,0.487809,0.24651926564999999
,,0.050535858,0.20391096,0.127223409
,,0.9394853,0.33634034,0.6379128199999999
,,0.9794915,0.5782588,0.77887515
,,0.060972832,0.28485155,0.172912191
,,0.7914176,0.08158877,0.436503185
,,0.9126678,0.06978112,0.49122446000000003
,,0.3651456,0.20784308,0.28649434
,,0.9485811,0.10091103,0.524746065
,,0.02865447,0.87070274,0.449678605
,,0.9560008,0.30017754,0.62808917
,,0.10372278,0.8014275,0.45257514
,,0.85514474,0.0025518653,0.42884830264999996
,,0.47247615,0.102981165,0.2877286575
,,0.99299264,0.013983252,0.503487946
,,0.17388226,0.09855221,0.136217235
,,0.95645297,0.10793586,0.532194415
,,0.07763749,0.07255317,0.07509533
,,0.9461297,0.052571785,0.4993507425
,,0.09715487,0.06748085,0.08231785999999999
,,0.4475495,0.007233257,0.2273913785
,,0.9667009,0.06632371,0.516512305
,,0.1412046,0.055806972,0.09850578600000001
,,0.8933745,0.10358187,0.49847818499999996
,,0.045652553,0.020190628,0.0329215905
,,0.8601466,0.08686047,0.473503535
,,0.22080426,0.111149535,0.1659768975
,,0.95394564,0.32533187,0.639638755
,,0.9121422,0.034584146,0.473363173
,,0.9152068,0.2046685,0.55993765
,,0.012497742,0.7595319,0.386014821
,,0.97748655,0.43902194,0.708254245
,,0.03982032,0.81775707,0.428788695
,,0.98208964,0.08280471,0.5324471749999999
,,0.15666379,0.031542897,0.09410334349999999
,,0.71688944,0.19449545,0.455692445
,,0.8621472,0.21517108,0.53865914
,,0.5059682,0.92358416,0.71477618
,,0.7648512,0.8736756,0.8192634
,,0.002728276,0.030255584,0.01649193
,,0.79081035,0.63592434,0.713367345
,,0.87467086,0.39197788,0.63332437
,,0.8224409,0.22807024,0.52525557
,,0.088920414,0.47808078,0.28350059699999997
,,0.3810184,0.06993081,0.225474605
,,0.9781147,0.5204706,0.74929265
,,0.16451806,0.110327505,0.1374227825
,,0.9522033,0.33882493,0.645514115
,,0.84052455,0.80519485,0.8228597
,,0.846908,0.24259564,0.54475182
,,0.92485094,0.14095798,0.53290446
,,0.66192645,0.42219436,0.542060405
,,0.96092564,0.9658556,0.96339062
,,0.9556224,0.4780216,0.716822
,,0.10908909,0.62388176,0.366485425
,,0.47174492,0.01828059,0.245012755
,,0.054810833,0.07045981,0.06263532150000001
,,0.9121422,0.038250837,0.4751965185
,,0.97637755,0.89874357,0.9375605600000001
,,0.9832818,0.025401246,0.504341523
,,0.6585297,0.28642586,0.47247777999999996
,,0.43751243,0.04373117,0.2406218
,,0.8559027,0.34721136,0.60155703
,,0.6964527,0.32078606,0.5086193800000001
,,0.99038714,0.578849,0.7846180700000001
,,0.20479472,0.5184656,0.36163016
,,0.044622228,0.24445125,0.144536739
,,0.9840391,0.13609189,0.560065495
,,0.13067384,0.4085073,0.26959057000000003
,,0.88881147,0.063132435,0.4759719525
,,0.16434576,0.07356023,0.118952995
,,0.032150753,0.05774006,0.0449454065
,,0.8922819,0.39532045,0.643801175
,,0.94205207,0.43900058,0.690526325
,,0.9562935,0.048597965,0.5024457325
,,0.044501573,0.17908427,0.1117929215
,,0.9752619,0.68027574,0.82776882
,,0.7340382,0.48181367,0.607925935
,,0.5263197,0.40708396,0.46670183
,,0.36873332,0.024884643,0.19680898149999998
,,0.06706046,0.33512056,0.20109051
,,0.15635708,0.011132132,0.083744606
,,0.98780197,0.07289977,0.53035087
,,0.11660839,0.05017462,0.083391505
,,0.31444344,0.7940418,0.55424262
,,0.9797314,0.2013525,0.59054195
,,0.073586404,0.08709521,0.080340807
,,0.9680843,0.9373608,0.9527225500000001
,,0.99163485,0.1990559,0.595345375
,,0.18417607,0.054715395,0.1194457325
,,0.035506167,0.012523092,0.0240146295
,,0.9936952,0.4774023,0.73554875
,,0.47975427,0.33010665,0.40493046
,,0.017157167,0.7024464,0.3598017835
,,0.42411467,0.5287383,0.476426485
,,0.9514749,0.33431268,0.64289379
,,0.056471054,0.48577914,0.271125097
,,0.8004788,0.038406063,0.41944243150000005
,,0.26386452,0.06726524,0.16556488
,,0.9360391,0.0063378396,0.4711884698
,,0.7261369,0.45566517,0.590901035
,,0.98571545,0.89504266,0.940379055
,,0.96809375,0.043680202,0.505886976
,,0.99299264,0.4839411,0.73846687
,,0.5003969,0.3486944,0.42454565
,,0.007958738,0.14273076,0.075344749
,,0.8743505,0.44501275,0.659681625
,,0.97439927,0.2939708,0.634185035
,,0.4830015,0.5895091,0.5362553
,,0.074528016,0.0023654974,0.0384467567
,,0.16748165,0.78065336,0.474067505
,,0.76369655,0.11737465,0.4405356
,,0.99186933,0.28605607,0.6389627
,,0.9374266,0.03167423,0.484550415
,,0.0763189,0.1185786,0.09744875
,,0.9285297,0.19634251,0.562436105
,,0.20753254,0.25149107,0.22951180499999999
,,0.042798933,0.69226384,0.3675313865
,,0.026461113,0.13090187,0.0786814915
,,0.9403117,0.0800603,0.510186
,,0.03225373,0.28473437,0.15849405
,,0.3253107,0.18045034,0.25288052
,,0.8606872,0.0064803595,0.43358377975
,,0.21289824,0.18758163,0.20023993499999998
,,0.3886081,0.44524983,0.416928965
,,0.019872507,0.08751016,0.0536913335
,,0.8119937,0.006196189,0.4090949445
,,0.25335672,0.41677624,0.33506648
,,0.3622935,0.008528789,0.18541114449999999
,,0.37071952,0.38180116,0.37626033999999997
,,0.9318718,0.1405491,0.53621045
,,0.10424536,0.14607504,0.1251602
,,0.0047746035,0.6789986,0.34188660175
,,0.072210655,0.110016875,0.091113765
,,0.0299882,0.18733487,0.10866153499999999
,,0.43896928,0.03807192,0.2385206
,,0.0357193,0.4732128,0.25446605
,,0.014633254,0.061352026,0.03799264
,,0.40601218,0.016839191,0.2114256855
,,0.8879057,0.09726612,0.49258591
,,0.014962567,0.5743934,0.2946779835
,,0.8559027,0.28402048,0.56996159
,,0.8137579,0.30587676,0.55981733
,,0.5821703,0.07662153,0.329395915
,,0.771734,0.2647906,0.5182623
,,0.069926895,0.50516045,0.2875436725
,,0.06760024,0.012247155,0.0399236975
,,0.17066422,0.1542738,0.16246901
,,0.5668058,0.08949028,0.32814804000000003
,,0.124595255,0.101826765,0.11321101
,,0.18707538,0.28101873,0.234047055
,,0.31302276,0.01181446,0.16241861000000002
,,0.018564636,0.012983324,0.01577398
,,0.041654844,0.08586717,0.06376100700000001
,,0.9579466,0.8139977,0.88597215
,,0.8905232,0.007146158,0.44883467899999996
,,0.92877895,0.061359316,0.495069133
,,0.7653691,0.13790886,0.45163898
,,0.8502599,0.03913566,0.44469778
,,0.751193,0.02362945,0.387411225
,,0.98752207,0.3128941,0.650208085
,,0.9887073,0.80906874,0.89888802
,,0.94061685,0.22447655,0.5825467
,,0.063424654,0.6923093,0.377866977
,,0.94061685,0.25791743,0.59926714
,,0.19427073,0.12788375,0.16107724
,,0.045508973,0.21963291,0.13257094149999998
,,0.027789092,0.044031464,0.035910278000000004
,,0.9795401,0.44919524,0.71436767
,,0.18094596,0.116030775,0.1484883675
,,0.77995044,0.0068123583,0.39338139915000003
,,0.0071295826,0.026398677,0.0167641298
,,0.030793976,0.20470726,0.117750618
,,0.98845714,0.2234358,0.60594647
,,0.21064828,0.12844205,0.169545165
,,0.8324439,0.036898628,0.434671264
,,0.006908492,0.13190703,0.069407761
,,0.039248653,0.23554426,0.1373964565
,,0.33460855,0.24221611,0.28841233
,,0.5130376,0.47038352,0.49171056
,,0.19510865,0.692495,0.443801825
,,0.9045011,0.06287607,0.483688585
,,0.0056043337,0.6926462,0.34912526685
,,0.8420461,0.034979004,0.438512552
,,0.05624643,0.17396306,0.11510474500000001
,,0.34858677,0.19634251,0.27246464
,,0.9864079,0.24247746,0.61444268
,,0.96534735,0.28741062,0.626378985
,,0.03801039,0.022069309,0.0300398495
,,0.9868507,0.08467306,0.53576188
,,0.8249757,0.08419883,0.454587265
,,0.7976605,0.037515398,0.417587949
,,0.7537755,0.035337754,0.39455662700000005
,,0.13829799,0.014477622,0.076387806
,,0.9386828,0.65272856,0.79570568
,,0.036240626,0.043186106,0.039713366
,,0.09020926,0.48033687,0.285273065
,,0.3900267,0.11508256,0.25255463
,,0.8849081,0.018279338,0.451593719
,,0.54573023,0.08194695,0.31383859
,,0.0102794245,0.036213487,0.023246455750000002
,,0.73456436,0.20625718,0.47041077000000003
,,0.31191558,0.15454146,0.23322852
,,0.81493837,0.8089255,0.811931935
,,0.554955,0.08091242,0.31793371
,,0.9156802,0.28452906,0.60010463
,,0.970709,0.20137621,0.586042605
,,0.220323,0.23866254,0.22949277
,,0.6401284,,0.6401284
,,0.900647,,0.900647
,,0.053144965,,0.053144965
,,0.92828107,,0.92828107
,,0.07947391,,0.07947391
,,0.9356624,,0.9356624
,,0.6198794,,0.6198794
,,0.15938959,,0.15938959
,,0.19954467,,0.19954467
,,0.93758714,,0.93758714
,,0.008308275,,0.008308275
,,0.94831127,,0.94831127
,,0.304375,,0.304375
,,0.09925136,,0.09925136
,,0.35903874,,0.35903874
,,0.19702518,,0.19702518
,,0.96791416,,0.96791416
,,0.13843389,,0.13843389
,,0.6730485,,0.6730485
,,0.5260407,,0.5260407
,,0.9419209,,0.9419209
,,0.8014929,,0.8014929
,,0.9708679,,0.9708679
,,0.8801871,,0.8801871
,,0.887067,,0.887067
,,0.2095908,,0.2095908
,,0.90587276,,0.90587276
,,0.016858043,,0.016858043
,,0.9684245,,0.9684245
,,0.03323436,,0.03323436
,,0.42258143,,0.42258143
,,0.98527956,,0.98527956
,,0.3375314,,0.3375314
,,0.9314977,,0.9314977
,,0.017778842,,0.017778842
,,0.8883276,,0.8883276
,,0.7834559,,0.7834559
,,0.9534521,,0.9534521
,,0.095811166,,0.095811166
,,0.005006152,,0.005006152
,,0.96715176,,0.96715176
,,0.3314301,,0.3314301
,,0.96251136,,0.96251136
,,0.92204744,,0.92204744
,,0.8909259,,0.8909259
,,0.9676792,,0.9676792
,,0.62431127,,0.62431127
,,0.93017507,,0.93017507
,,0.96267426,,0.96267426
,,0.054788742,,0.054788742
,,0.7334927,,0.7334927
,,0.050747834,,0.050747834
,,0.8801871,,0.8801871
,,0.99092275,,0.99092275
,,0.9474953,,0.9474953
,,0.34885,,0.34885
,,0.16186544,,0.16186544
,,0.73700714,,0.73700714
,,0.49142426,,0.49142426
,,0.82443064,,0.82443064
,,0.23040752,,0.23040752
,,0.029730182,,0.029730182
,,0.9638853,,0.9638853
,,0.5269099,,0.5269099
,,0.05214993,,0.05214993
,,0.19151445,,0.19151445
,,0.9484962,,0.9484962
,,0.9480159,,0.9480159
,,0.9420545,,0.9420545
,,0.9804181,,0.9804181
,,0.16446382,,0.16446382
,,0.42843884,,0.42843884
,,0.63141465,,0.63141465
,,0.036651194,,0.036651194
,,0.012727747,,0.012727747
,,0.6304802,,0.6304802
,,0.33504882,,0.33504882
,,0.6777869,,0.6777869
,,0.6479778,,0.6479778
,,0.03279524,,0.03279524
,,0.9776919,,0.9776919
,,0.004318779,,0.004318779
,,0.96191645,,0.96191645
,,0.9620432,,0.9620432
,,0.53410316,,0.53410316
,,0.07207906,,0.07207906
,,0.9203646,,0.9203646
,,0.25162533,,0.25162533
,,0.0071777483,,0.0071777483
,,0.5534686,,0.5534686
,,0.5757021,,0.5757021
,,0.26013938,,0.26013938
,,0.06484652,,0.06484652
,,0.63106847,,0.63106847
,,0.50401926,,0.50401926
,,0.9783679,,0.9783679
,,0.96411204,,0.96411204
,,0.8672009,,0.8672009
,,0.93758714,,0.93758714
,,0.6001555,,0.6001555
,,0.26642376,,0.26642376
,,0.9494886,,0.9494886
,,0.9758186,,0.9758186
,,0.096735224,,0.096735224
,,0.033182908,,0.033182908
,,0.01771399,,0.01771399
,,0.007689495,,0.007689495
,,0.95325124,,0.95325124
,,0.9682008,,0.9682008
,,0.027211314,,0.027211314
,,0.9740468,,0.9740468
,,0.33508122,,0.33508122
,,0.049574956,,0.049574956
,,0.8705469,,0.8705469
,,0.86343354,,0.86343354
,,0.6691644,,0.6691644
,,0.8883352,,0.8883352
,,0.013490303,,0.013490303
,,0.015539045,,0.015539045
,,0.13599822,,0.13599822
,,0.018700952,,0.018700952
,,0.9626617,,0.9626617
,,0.77214324,,0.77214324
,,0.9642433,,0.9642433
,,0.39449188,,0.39449188
,,0.96717685,,0.96717685
,,0.019069657,,0.019069657
,,0.021228505,,0.021228505
,,0.2725429,,0.2725429
,,0.026910007,,0.026910007
,,0.76597255,,0.76597255
,,0.0464024,,0.0464024
,,0.7263859,,0.7263859
,,0.8049611,,0.8049611
,,0.8483197,,0.8483197
,,0.84642017,,0.84642017
,,0.73700714,,0.73700714
,,0.6628375,,0.6628375
,,0.5524975,,0.5524975
,,0.9408549,,0.9408549
,,0.04900507,,0.04900507
,,0.0078034527,,0.0078034527
,,0.115979396,,0.115979396
,,0.09037848,,0.09037848
,,0.11430561,,0.11430561
,,0.16403224,,0.16403224
,,0.12477877,,0.12477877
,,0.020718839,,0.020718839
,,0.08044282,,0.08044282
,,0.8752211,,0.8752211
,,0.9809491,,0.9809491
,,0.6630537,,0.6630537
,,0.85449237,,0.85449237
,,0.2681504,,0.2681504
,,0.8886141,,0.8886141
,,0.9718319,,0.9718319
,,0.9662927,,0.9662927
,,0.95518136,,0.95518136
,,0.22920932,,0.22920932
,,0.95518136,,0.95518136
,,0.5874143,,0.5874143
,,0.31264755,,0.31264755
,,0.26167417,,0.26167417
,,0.95625323,,0.95625323
,,0.010406821,,0.010406821
,,0.6939357,,0.6939357
,,0.6069847,,0.6069847
,,0.031872347,,0.031872347
,,0.9878021,,0.9878021
,,0.24830668,,0.24830668
,,0.58404267,,0.58404267
,,0.27356717,,0.27356717
,,0.045512557,,0.045512557
,,0.8945346,,0.8945346
,,0.5392285,,0.5392285
,,0.16732347,,0.16732347
,,0.7767985,,0.7767985
,,0.69000036,,0.69000036
,,0.92382926,,0.92382926
,,0.12596151,,0.12596151
,,0.33686563,,0.33686563
,,0.35813814,,0.35813814
,,0.9631114,,0.9631114
,,0.18033874,,0.18033874
,,0.994409,,0.994409
,,0.87367934,,0.87367934
,,0.11144344,,0.11144344
,,0.43292797,,0.43292797
,,0.096682034,,0.096682034
,,0.99185234,,0.99185234
,,0.065057874,,0.065057874
,,0.037110206,,0.037110206
,,0.85722136,,0.85722136
,,0.775479,,0.775479
,,0.35581496,,0.35581496
,,0.11947196,,0.11947196
,,0.03856013,,0.03856013
,,0.2328511,,0.2328511
,,0.33259007,,0.33259007
,,0.572449,,0.572449
,,0.5366119,,0.5366119
,,0.8573392,,0.8573392
,,0.40263736,,0.40263736
,,0.23910181,,0.23910181
,,0.51930255,,0.51930255
,,0.3058163,,0.3058163
,,0.9413896,,0.9413896
,,0.021289915,,0.021289915
,,0.97038513,,0.97038513
,,0.07318802,,0.07318802
,,0.67021644,,0.67021644
,,0.2309538,,0.2309538
,,0.9334543,,0.9334543
,,0.85450786,,0.85450786
,,0.95401716,,0.95401716
,,0.20642503,,0.20642503
,,0.61475235,,0.61475235
,,0.88824826,,0.88824826
,,0.047998186,,0.047998186
,,0.9515716,,0.9515716
,,0.032642517,,0.032642517
,,0.8640042,,0.8640042
,,0.030760378,,0.030760378
,,0.88684976,,0.88684976
,,0.98396087,,0.98396087
,,0.967973,,0.967973
,,0.88466644,,0.88466644
,,0.8736796,,0.8736796
,,0.92647934,,0.92647934
,,0.9452875,,0.9452875
,,0.05626828,,0.05626828
,,0.9755105,,0.9755105
,,0.5916988,,0.5916988
,,0.5376964,,0.5376964
,,0.10555955,,0.10555955
,,0.6000089,,0.6000089
,,0.9557106,,0.9557106
,,0.03225513,,0.03225513
,,0.9285424,,0.9285424
,,0.83306134,,0.83306134
,,0.7108018,,0.7108018
,,0.033173256,,0.033173256
,,0.09270043,,0.09270043
,,0.9491743,,0.9491743
,,0.070813395,,0.070813395
,,0.78691846,,0.78691846
,,0.9358912,,0.9358912
,,0.8976158,,0.8976158
,,0.5866641,,0.5866641
,,0.2950907,,0.2950907
,,0.9521875,,0.9521875
,,0.6491132,,0.6491132
,,0.11312898,,0.11312898
,,0.015334567,,0.015334567
,,0.049220618,,0.049220618
,,0.88466644,,0.88466644
,,0.98799044,,0.98799044
,,0.9570802,,0.9570802
,,0.009362478,,0.009362478
,,0.3370881,,0.3370881
,,0.87144095,,0.87144095
,,0.2827753,,0.2827753
,,0.5469069,,0.5469069
,,0.25786418,,0.25786418
,,0.015754618,,0.015754618
,,0.96627206,,0.96627206
,,0.23379155,,0.23379155
,,0.8173884,,0.8173884
,,0.28596467,,0.28596467
,,0.85109377,,0.85109377
,,0.8842246,,0.8842246
,,0.88952756,,0.88952756
,,0.97538507,,0.97538507
,,0.14045168,,0.14045168
,,0.6358893,,0.6358893
,,0.926239,,0.926239
,,0.5930459,,0.5930459
,,0.054367866,,0.054367866
,,0.03832228,,0.03832228
,,0.98842514,,0.98842514
,,0.98404974,,0.98404974
,,0.08896256,,0.08896256
,,0.007870583,,0.007870583
,,0.81182617,,0.81182617
,,0.74831647,,0.74831647
,,0.96624017,,0.96624017
,,0.964876,,0.964876
,,0.16761778,,0.16761778
,,0.009872353,,0.009872353
,,0.97990566,,0.97990566
,,0.84425515,,0.84425515
,,0.20565689,,0.20565689
,,0.39373294,,0.39373294
,,0.8211969,,0.8211969
,,0.61945254,,0.61945254
,,0.63631856,,0.63631856
,,0.38126278,,0.38126278
,,0.82033086,,0.82033086
,,0.9605787,,0.9605787
,,0.97698635,,0.97698635
,,0.97902876,,0.97902876
,,0.9334543,,0.9334543
,,0.4049422,,0.4049422
,,0.050654113,,0.050654113
,,0.87643397,,0.87643397
,,0.9839048,,0.9839048
,,0.30625767,,0.30625767
,,0.12690635,,0.12690635
,,0.0037417784,,0.0037417784
,,0.10366824,,0.10366824
,,0.95951027,,0.95951027
,,0.9859536,,0.9859536
,,0.47658002,,0.47658002
,,0.9357744,,0.9357744
,,0.10730882,,0.10730882
,,0.1005494,,0.1005494
,,0.9040691,,0.9040691
,,0.76135296,,0.76135296
,,0.26339492,,0.26339492
,,0.006193586,,0.006193586
,,0.07559843,,0.07559843
,,0.1810722,,0.1810722
,,0.08906459,,0.08906459
,,0.025142305,,0.025142305
,,0.91678506,,0.91678506
,,0.017809484,,0.017809484
,,0.016502734,,0.016502734
,,0.0024115648,,0.0024115648
,,0.74770164,,0.74770164
,,0.031296648,,0.031296648
,,0.1567816,,0.1567816
,,0.015086005,,0.015086005
,,0.066893786,,0.066893786
,,0.32159227,,0.32159227
,,0.1537017,,0.1537017
,,0.047466755,,0.047466755
,,0.4090143,,0.4090143
,,0.8952332,,0.8952332
,,0.6048048,,0.6048048
,,0.87144095,,0.87144095
,,0.8727108,,0.8727108
,,0.94891757,,0.94891757
,,0.88602626,,0.88602626
,,0.05280322,,0.05280322
,,0.5542415,,0.5542415
,,0.008217121,,0.008217121
,,0.07558276,,0.07558276
,,0.02280557,,0.02280557
,,0.44785705,,0.44785705
,,0.11087416,,0.11087416
,,0.013794164,,0.013794164
,,0.45112345,,0.45112345
,,0.8835872,,0.8835872
,,0.9630104,,0.9630104
,,0.55630505,,0.55630505
,,0.5948345,,0.5948345
,,0.038184647,,0.038184647
,,0.031808373,,0.031808373
,,0.98758566,,0.98758566
,,0.94834816,,0.94834816
,,0.9157501,,0.9157501
,,0.7703892,,0.7703892
,,0.9157501,,0.9157501
,,0.22232457,,0.22232457
,,0.014442347,,0.014442347
,,0.045255516,,0.045255516
,,0.9718836,,0.9718836
,,0.2485986,,0.2485986
,,0.8330992,,0.8330992
,,0.03053793,,0.03053793
,,0.9512646,,0.9512646
,,0.963157,,0.963157
,,0.24161403,,0.24161403
,,0.9447533,,0.9447533
,,0.06131368,,0.06131368
,,0.9498952,,0.9498952
,,0.175087,,0.175087
,,0.98424155,,0.98424155
,,0.0061768936,,0.0061768936
,,0.79462415,,0.79462415
,,0.03374183,,0.03374183
,,0.72018737,,0.72018737
,,0.053711027,,0.053711027
,,0.04905516,,0.04905516
,,0.51652426,,0.51652426
,,0.92306834,,0.92306834
,,0.117600985,,0.117600985
,,0.99568343,,0.99568343
,,0.9780286,,0.9780286
,,0.16924714,,0.16924714
,,0.97660214,,0.97660214
,,0.17044362,,0.17044362
,,0.98069066,,0.98069066
,,0.13493186,,0.13493186
,,0.60980546,,0.60980546
,,0.9339221,,0.9339221
,,0.6980273,,0.6980273
,,0.20495167,,0.20495167
,,0.04310361,,0.04310361
,,0.0033873855,,0.0033873855
,,0.11668909,,0.11668909
,,0.6497785,,0.6497785
,,0.07191744,,0.07191744
,,0.78108275,,0.78108275
,,0.9495439,,0.9495439
,,0.48968306,,0.48968306
,,0.8775462,,0.8775462
,,0.33142915,,0.33142915
,,0.61227506,,0.61227506
,,0.9131404,,0.9131404
,,0.83348674,,0.83348674
,,0.9845204,,0.9845204
,,0.007919784,,0.007919784
,,0.6798976,,0.6798976
,,0.89950013,,0.89950013
,,0.9328051,,0.9328051
,,0.8470009,,0.8470009
,,0.9714266,,0.9714266
,,0.14485429,,0.14485429
,,0.68194574,,0.68194574
,,0.101898775,,0.101898775
,,0.9216066,,0.9216066
,,0.9829139,,0.9829139
,,0.013474258,,0.013474258
,,0.047507163,,0.047507163
,,0.07757827,,0.07757827
,,0.97318655,,0.97318655
,,0.8730804,,0.8730804
,,0.94067633,,0.94067633
,,0.8951472,,0.8951472
,,0.9592722,,0.9592722
,,0.0046760575,,0.0046760575
,,0.9558652,,0.9558652
,,0.014633646,,0.014633646
,,0.98899955,,0.98899955
,,0.029887972,,0.029887972
,,0.9647898,,0.9647898
,,0.029071324,,0.029071324
,,0.6681392,,0.6681392
,,0.42613807,,0.42613807
,,0.3245128,,0.3245128
,,0.98159224,,0.98159224
,,0.93703896,,0.93703896
,,0.91656446,,0.91656446
,,0.14263517,,0.14263517
,,0.018592875,,0.018592875
,,0.9820187,,0.9820187
,,0.72696745,,0.72696745
,,0.79470146,,0.79470146
,,0.9381859,,0.9381859
,,0.8922873,,0.8922873
,,0.9933915,,0.9933915
,,0.007201949,,0.007201949
,,0.899118,,0.899118
,,0.97455794,,0.97455794
,,0.030527662,,0.030527662
,,0.3233835,,0.3233835
,,0.24625535,,0.24625535
,,0.8951472,,0.8951472
,,0.98365533,,0.98365533
,,0.9718831,,0.9718831
,,0.8267569,,0.8267569
,,0.5382427,,0.5382427
,,0.8174653,,0.8174653
,,0.9656993,,0.9656993
,,0.8768837,,0.8768837
,,0.0906592,,0.0906592
,,0.05581428,,0.05581428
,,0.9765595,,0.9765595
,,0.012193146,,0.012193146
,,0.9411523,,0.9411523
,,0.08444301,,0.08444301
,,0.49962446,,0.49962446
,,0.98922765,,0.98922765
,,0.9606602,,0.9606602
,,0.9878591,,0.9878591
,,0.24930279,,0.24930279
,,0.38825414,,0.38825414
,,0.20941173,,0.20941173
,,0.009637716,,0.009637716
,,0.14652735,,0.14652735
,,0.0050216285,,0.0050216285
,,0.083593756,,0.083593756
,,0.70243335,,0.70243335
,,0.3509138,,0.3509138
,,0.075640604,,0.075640604
,,0.83982456,,0.83982456
,,0.04739722,,0.04739722
,,0.9694136,,0.9694136
,,0.98388565,,0.98388565
,,0.12393736,,0.12393736
,,0.37130484,,0.37130484
,,0.93958664,,0.93958664
,,0.87962997,,0.87962997
,,0.038399443,,0.038399443
,,0.3427873,,0.3427873
,,0.95861214,,0.95861214
,,0.031343978,,0.031343978
,,0.019821696,,0.019821696
,,0.51002496,,0.51002496
,,0.47511017,,0.47511017
,,0.97895527,,0.97895527
,,0.99556714,,0.99556714
,,0.98658085,,0.98658085
,,0.9328051,,0.9328051
,,0.09771099,,0.09771099
,,0.050301295,,0.050301295
,,0.94800425,,0.94800425
,,0.9678922,,0.9678922
,,0.22036625,,0.22036625
,,0.9498456,,0.9498456
,,0.18790996,,0.18790996
,,0.94731385,,0.94731385
,,0.9755216,,0.9755216
,,0.99113667,,0.99113667
,,0.047955513,,0.047955513
,,0.9541341,,0.9541341
,,0.5985037,,0.5985037
,,0.015244576,,0.015244576
,,0.18522301,,0.18522301
,,0.8366827,,0.8366827
,,0.87174284,,0.87174284
,,0.032758452,,0.032758452
,,0.12565632,,0.12565632
,,0.2595817,,0.2595817
,,0.77900624,,0.77900624
,,0.07705267,,0.07705267
,,0.7646262,,0.7646262
,,0.025954185,,0.025954185
,,0.75948226,,0.75948226
,,0.008014522,,0.008014522
,,0.9367639,,0.9367639
,,0.9374569,,0.9374569
,,0.13398276,,0.13398276
,,0.038781904,,0.038781904
,,0.5419119,,0.5419119
,,0.85554445,,0.85554445
,,0.9577804,,0.9577804
,,0.33671463,,0.33671463
,,0.7583456,,0.7583456
,,0.88662547,,0.88662547
,,0.04310945,,0.04310945
,,0.8174653,,0.8174653
,,0.7595112,,0.7595112
,,0.28358096,,0.28358096
,,0.9150324,,0.9150324
,,0.11302518,,0.11302518
,,0.013110625,,0.013110625
,,0.20805442,,0.20805442
,,0.06135363,,0.06135363
,,0.97098464,,0.97098464
,,0.38362482,,0.38362482
,,0.9770477,,0.9770477
,,0.01834815,,0.01834815
,,0.19434263,,0.19434263
,,0.9001185,,0.9001185
,,0.9769965,,0.9769965
,,0.6412649,,0.6412649
,,0.9676521,,0.9676521
,,0.012706528,,0.012706528
,,0.8825645,,0.8825645
,,0.9925383,,0.9925383
,,0.98913705,,0.98913705
,,0.9343473,,0.9343473
,,0.08439228,,0.08439228
,,0.9343473,,0.9343473
,,0.41853896,,0.41853896
,,0.9603091,,0.9603091
,,0.17876723,,0.17876723
,,0.99392116,,0.99392116
,,0.7939404,,0.7939404
,,0.67229265,,0.67229265
,,0.028227149,,0.028227149
,,0.28282174,,0.28282174
,,0.99074835,,0.99074835
,,0.0065004686,,0.0065004686
,,0.9616186,,0.9616186
,,0.28555325,,0.28555325
,,0.047591873,,0.047591873
,,0.23721126,,0.23721126
,,0.8238524,,0.8238524
,,0.071188696,,0.071188696
,,0.8167938,,0.8167938
,,0.06069483,,0.06069483
,,0.08590639,,0.08590639
,,0.03446172,,0.03446172
,,0.4281698,,0.4281698
,,0.6366592,,0.6366592
,,0.95176506,,0.95176506
,,0.102726005,,0.102726005
,,0.9894065,,0.9894065
,,0.85284597,,0.85284597
,,0.8461213,,0.8461213
,,0.9402125,,0.9402125
,,0.9029823,,0.9029823
,,0.99182993,,0.99182993
,,0.039086718,,0.039086718
,,0.036898762,,0.036898762
,,0.0777607,,0.0777607
,,0.9180575,,0.9180575
,,0.3440628,,0.3440628
,,0.028042031,,0.028042031
,,0.0060582254,,0.0060582254
,,0.6538318,,0.6538318
,,0.0106241945,,0.0106241945
,,0.16113362,,0.16113362
,,0.95109624,,0.95109624
,,0.8379656,,0.8379656
,,0.006323221,,0.006323221
,,0.9031998,,0.9031998
,,0.7678763,,0.7678763
,,0.2468652,,0.2468652
,,0.93685466,,0.93685466
,,0.12915224,,0.12915224
,,0.9840518,,0.9840518
,,0.8534355,,0.8534355
,,0.42974716,,0.42974716
,,0.60994345,,0.60994345
,,0.9729878,,0.9729878
,,0.3461237,,0.3461237
,,0.9667127,,0.9667127
,,0.12126951,,0.12126951
,,0.059909105,,0.059909105
,,0.028767135,,0.028767135
,,0.021918446,,0.021918446
,,0.9649678,,0.9649678
,,0.042321905,,0.042321905
,,0.9787667,,0.9787667
,,0.59214896,,0.59214896
,,0.7733279,,0.7733279
,,0.39288267,,0.39288267
,,0.9554237,,0.9554237
,,0.91078645,,0.91078645
,,0.63140506,,0.63140506
,,0.11813654,,0.11813654
,,0.9826575,,0.9826575
,,0.2937505,,0.2937505
,,0.9944713,,0.9944713
,,0.012941428,,0.012941428
,,0.41648304,,0.41648304
,,0.007898285,,0.007898285
,,0.42146808,,0.42146808
,,0.9751644,,0.9751644
,,0.8893206,,0.8893206
,,0.6922442,,0.6922442
,,0.9953805,,0.9953805
,,0.917272,,0.917272
,,0.026405824,,0.026405824
,,0.052982766,,0.052982766
,,0.9715208,,0.9715208
,,0.04775974,,0.04775974
,,0.7835206,,0.7835206
,,0.9528982,,0.9528982
,,0.8994499,,0.8994499
,,0.9358778,,0.9358778
,,0.2024226,,0.2024226
,,0.9851879,,0.9851879
,,0.89798224,,0.89798224
,,0.0424796,,0.0424796
,,0.30661613,,0.30661613
,,0.9849325,,0.9849325
,,0.91078645,,0.91078645
,,0.96657646,,0.96657646
,,0.9748013,,0.9748013
,,0.0023545958,,0.0023545958
,,0.60419565,,0.60419565
,,0.7664806,,0.7664806
,,0.9269125,,0.9269125
,,0.9913453,,0.9913453
,,0.23446135,,0.23446135
,,0.15862836,,0.15862836
,,0.9672431,,0.9672431
,,0.25547904,,0.25547904
,,0.013157794,,0.013157794
,,0.16062157,,0.16062157
,,0.003333941,,0.003333941
,,0.8100853,,0.8100853
,,0.9230313,,0.9230313
,,0.95423245,,0.95423245
,,0.7025709,,0.7025709
,,0.9832392,,0.9832392
,,0.81627804,,0.81627804
,,0.9741139,,0.9741139
,,0.0072631906,,0.0072631906
,,0.04590721,,0.04590721
,,0.029716637,,0.029716637
,,0.9621783,,0.9621783
,,0.766236,,0.766236
,,0.026250876,,0.026250876
,,0.89166087,,0.89166087
,,0.367487,,0.367487
,,0.9794926,,0.9794926
,,0.97022456,,0.97022456
,,0.51212204,,0.51212204
,,0.99757403,,0.99757403
,,0.9046555,,0.9046555
,,0.22466584,,0.22466584
,,0.93582094,,0.93582094
,,0.17745239,,0.17745239
,,0.9403662,,0.9403662
,,0.62912965,,0.62912965
,,0.02677163,,0.02677163
,,0.015664414,,0.015664414
,,0.004238958,,0.004238958
,,0.9610694,,0.9610694
,,0.96037996,,0.96037996
,,0.86129504,,0.86129504
,,0.9729878,,0.9729878
,,0.017662276,,0.017662276
,,0.011196735,,0.011196735
,,0.87392896,,0.87392896
,,0.97319084,,0.97319084
,,0.49955407,,0.49955407
,,0.36132318,,0.36132318
,,0.3912938,,0.3912938
,,0.48528853,,0.48528853
,,0.9185116,,0.9185116
,,0.9614888,,0.9614888
,,0.5919535,,0.5919535
,,0.75584793,,0.75584793
,,0.5264085,,0.5264085
,,0.025338782,,0.025338782
,,0.8500888,,0.8500888
,,0.5822447,,0.5822447
,,0.009630655,,0.009630655
,,0.07332724,,0.07332724
,,0.009893088,,0.009893088
,,0.051671043,,0.051671043
,,0.10087348,,0.10087348
,,0.1074565,,0.1074565
,,0.97255456,,0.97255456
,,0.0176335,,0.0176335
,,0.042586062,,0.042586062
,,0.95555466,,0.95555466
,,0.94597787,,0.94597787
,,0.007643989,,0.007643989
,,0.11526175,,0.11526175
,,0.10455678,,0.10455678
,,0.34571138,,0.34571138
,,0.34367314,,0.34367314
,,0.03931899,,0.03931899
,,0.33197153,,0.33197153
,,0.95342034,,0.95342034
,,0.88618374,,0.88618374
,,0.34876812,,0.34876812
,,0.7664806,,0.7664806
,,0.6731496,,0.6731496
,,0.9256166,,0.9256166
,,0.29150444,,0.29150444
,,0.17618763,,0.17618763
,,0.3580864,,0.3580864
,,0.18555306,,0.18555306
,,0.3618712,,0.3618712
,,0.3971911,,0.3971911
,,0.088649906,,0.088649906
,,0.05792769,,0.05792769
,,0.006262144,,0.006262144
,,0.9807678,,0.9807678
,,0.63006485,,0.63006485
,,0.9389587,,0.9389587
,,0.70503736,,0.70503736
,,0.9299461,,0.9299461
,,0.5778204,,0.5778204
,,0.013660831,,0.013660831
,,0.99510515,,0.99510515
,,0.9893852,,0.9893852
,,0.9500671,,0.9500671
,,0.049138363,,0.049138363
,,0.9500671,,0.9500671
,,0.34636158,,0.34636158
,,0.9696632,,0.9696632
,,0.007525336,,0.007525336
,,0.9613156,,0.9613156
,,0.059394833,,0.059394833
,,0.92218626,,0.92218626
,,0.25895897,,0.25895897
,,0.6651125,,0.6651125
,,0.9923677,,0.9923677
,,0.069801934,,0.069801934
,,0.887791,,0.887791
,,0.09757969,,0.09757969
,,0.1287863,,0.1287863
,,0.07510301,,0.07510301
,,0.93083453,,0.93083453
,,0.6827278,,0.6827278
,,0.8656464,,0.8656464
,,0.23812966,,0.23812966
,,0.0037528244,,0.0037528244
,,0.06613641,,0.06613641
,,0.6712074,,0.6712074
,,0.008255041,,0.008255041
,,0.9569075,,0.9569075
,,0.068907425,,0.068907425
,,0.9932807,,0.9932807
,,0.9269804,,0.9269804
,,0.5999538,,0.5999538
,,0.9744505,,0.9744505
,,0.96511304,,0.96511304
,,0.9914619,,0.9914619
,,0.22972563,,0.22972563
,,0.019833023,,0.019833023
,,0.95631087,,0.95631087
,,0.71246946,,0.71246946
,,0.22985984,,0.22985984
,,0.0070242,,0.0070242
,,0.7313781,,0.7313781
,,0.2418587,,0.2418587
,,0.22186296,,0.22186296
,,0.47544032,,0.47544032
,,0.9566605,,0.9566605
,,0.95799243,,0.95799243
,,0.35067648,,0.35067648
,,0.85886,,0.85886
,,0.79235107,,0.79235107
,,0.098956406,,0.098956406
,,0.9503953,,0.9503953
,,0.09054141,,0.09054141
,,0.9176332,,0.9176332
,,0.0014603817,,0.0014603817
,,0.30167502,,0.30167502
,,0.06330284,,0.06330284
,,0.9557439,,0.9557439
,,0.392035,,0.392035
,,0.96444297,,0.96444297
,,0.1306497,,0.1306497
,,0.43515328,,0.43515328
,,0.13048676,,0.13048676
,,0.33873317,,0.33873317
,,0.97518414,,0.97518414
,,0.011608797,,0.011608797
,,0.022114092,,0.022114092
,,0.023997352,,0.023997352
,,0.8445553,,0.8445553
,,0.6081911,,0.6081911
,,0.9527319,,0.9527319
,,0.9330353,,0.9330353
,,0.90710795,,0.90710795
,,0.470084,,0.470084
,,0.9767552,,0.9767552
,,0.046850845,,0.046850845
,,0.97019213,,0.97019213
,,0.01713254,,0.01713254
,,0.8439939,,0.8439939
,,0.4345387,,0.4345387
,,0.39564016,,0.39564016
,,0.93833333,,0.93833333
,,0.03434897,,0.03434897
,,0.9507304,,0.9507304
,,0.90167236,,0.90167236
,,0.9558688,,0.9558688
,,0.09435989,,0.09435989
,,0.371418,,0.371418
,,0.98770183,,0.98770183
,,0.12665543,,0.12665543
,,0.44716647,,0.44716647
,,0.7427748,,0.7427748
,,0.9204605,,0.9204605
,,0.96961695,,0.96961695
,,0.72141486,,0.72141486
,,0.96469235,,0.96469235
,,0.9232891,,0.9232891
,,0.08135487,,0.08135487
,,0.4032687,,0.4032687
,,0.139382,,0.139382
,,0.9330353,,0.9330353
,,0.9663511,,0.9663511
,,0.92809045,,0.92809045
,,0.3885111,,0.3885111
,,0.15954885,,0.15954885
,,0.86895806,,0.86895806
,,0.30581126,,0.30581126
,,0.908441,,0.908441
,,0.5671234,,0.5671234
,,0.12136753,,0.12136753
,,0.9581015,,0.9581015
,,0.25675565,,0.25675565
,,0.010246779,,0.010246779
,,0.13387382,,0.13387382
,,0.0651235,,0.0651235
,,0.9262193,,0.9262193
,,0.6570866,,0.6570866
,,0.97214496,,0.97214496
,,0.20089017,,0.20089017
,,0.87969667,,0.87969667
,,0.9766956,,0.9766956
,,0.032350183,,0.032350183
,,0.2662049,,0.2662049
,,0.9197937,,0.9197937
,,0.0044447808,,0.0044447808
,,0.9888657,,0.9888657
,,0.15541394,,0.15541394
,,0.5493756,,0.5493756
,,0.85289586,,0.85289586
,,0.0026233029,,0.0026233029
,,0.96162283,,0.96162283
,,0.9450756,,0.9450756
,,0.08877373,,0.08877373
,,0.017683268,,0.017683268
,,0.92329633,,0.92329633
,,0.5445148,,0.5445148
,,0.521142,,0.521142
,,0.4551711,,0.4551711
,,0.8291519,,0.8291519
,,0.31091893,,0.31091893
,,0.3102932,,0.3102932
,,0.40728682,,0.40728682
,,0.91872066,,0.91872066
,,0.9256152,,0.9256152
,,0.95154065,,0.95154065
,,0.98657286,,0.98657286
,,0.9557439,,0.9557439
,,0.04138783,,0.04138783
,,0.09269179,,0.09269179
,,0.927077,,0.927077
,,0.99114156,,0.99114156
,,0.53897214,,0.53897214
,,0.47653675,,0.47653675
,,0.8663005,,0.8663005
,,0.03251615,,0.03251615
,,0.9592794,,0.9592794
,,0.9837302,,0.9837302
,,0.25154498,,0.25154498
,,0.88279283,,0.88279283
,,0.057616074,,0.057616074
,,0.03379434,,0.03379434
,,0.0023566228,,0.0023566228
,,0.8736834,,0.8736834
,,0.0148037635,,0.0148037635
,,0.36437038,,0.36437038
,,0.035034142,,0.035034142
,,0.53737015,,0.53737015
,,0.007532219,,0.007532219
,,0.052954923,,0.052954923
,,0.62407774,,0.62407774
,,0.012594024,,0.012594024
,,0.5540795,,0.5540795
,,0.10470239,,0.10470239
,,0.8175008,,0.8175008
,,0.008721376,,0.008721376
,,0.01836799,,0.01836799
,,0.081302345,,0.081302345
,,0.3641236,,0.3641236
,,0.53632516,,0.53632516
,,0.31920722,,0.31920722
,,0.02135579,,0.02135579
,,0.8308821,,0.8308821
,,0.80292565,,0.80292565
,,0.5768112,,0.5768112
,,0.86895806,,0.86895806
,,0.6641945,,0.6641945
,,0.8652678,,0.8652678
,,0.8701601,,0.8701601
,,0.16367765,,0.16367765
,,0.96655965,,0.96655965
,,0.29774693,,0.29774693
,,0.07628665,,0.07628665
,,0.034581203,,0.034581203
,,0.11416947,,0.11416947
,,0.013320002,,0.013320002
,,0.003711593,,0.003711593
,,0.432232,,0.432232
,,0.8793304,,0.8793304
,,0.97350276,,0.97350276
,,0.85744035,,0.85744035
,,0.9768937,,0.9768937
,,0.86123675,,0.86123675
,,0.857397,,0.857397
,,0.98499656,,0.98499656
,,0.9827908,,0.9827908
,,0.95326746,,0.95326746
,,0.15990938,,0.15990938
,,0.95326746,,0.95326746
,,0.3890616,,0.3890616
,,0.08712106,,0.08712106
,,0.53579736,,0.53579736
,,0.9785769,,0.9785769
,,0.48725694,,0.48725694
,,0.598737,,0.598737
,,0.028011162,,0.028011162
,,0.07647481,,0.07647481
,,0.98311067,,0.98311067
