True_Label,RF_Probability,XGBoost_Probability,MaxEnt_Probability,Weighted_Ensemble
1.0,0.941,0.9424048,0.2850959,0.7653220710019064
0.0,0.323,0.043648884,0.26752102,0.21076108187672105
1.0,0.994,0.9761237,0.90758896,0.9645622299894091
1.0,0.909,0.9674579,0.045602262,0.6974717038161407
0.0,0.245,0.046757266,0.3216806,0.19651910683541624
1.0,0.271,0.011221967,0.54278356,0.25347970552743065
0.0,0.334,0.29856455,0.120535634,0.26431897239186614
1.0,0.974,0.99656796,0.15630715,0.7622418471510273
1.0,0.828,0.8567704,0.08230391,0.6377404503029019
1.0,0.813,0.9729921,0.025390323,0.6572062982554544
1.0,0.864,0.9451302,0.19997685,0.7139211660241475
0.0,0.24,0.04686042,0.22647782,0.16906995692861682
0.0,0.288,0.7022442,0.164376,0.3991367246346113
0.0,0.226,0.011848513,0.4560522,0.2131694542438043
1.0,0.928,0.9796529,0.07308355,0.7163785134293582
0.0,0.281,0.034348335,0.67953014,0.302096002667867
1.0,0.407,0.26640496,0.01523392,0.2527872844227918
1.0,0.867,0.97006994,0.025115984,0.6767947720847278
1.0,0.266,0.13126785,0.48034763,0.2766245304151663
1.0,0.585,0.7256783,0.3296077,0.5654232931794112
1.0,0.929,0.9683197,0.6048002,0.8556247744333828
1.0,0.936,0.9809012,0.24641109,0.7664307850285957
0.0,0.308,0.85201794,0.12036059,0.4471617749248041
1.0,0.966,0.9906165,0.15023564,0.7554736144926921
1.0,0.822,0.85622734,0.29877368,0.6933944080787969
1.0,0.992,0.98186123,0.047077313,0.7346731108311798
1.0,0.758,0.8833411,0.3645849,0.6960079988773565
0.0,0.309,0.51524705,0.47290286,0.4248875712200806
0.0,0.237,0.569173,0.011513839,0.292180710199534
0.0,0.299,0.08634994,0.4608327,0.2683697341453082
1.0,0.68,0.7683141,0.14755024,0.5677632702435925
0.0,0.28,0.8435422,0.15134153,0.4418063925100615
0.0,0.258,0.21918811,0.3520565,0.2697386322707054
0.0,0.223,0.018102417,0.062222004,0.10842193963927134
0.0,0.338,0.30773708,0.3777168,0.3381225162041941
0.0,0.331,0.1695694,0.16155222,0.22923911839864436
1.0,0.408,0.3444094,0.056446504,0.2914195361304808
1.0,0.559,0.788775,0.92177975,0.7365015034950223
0.0,0.229,0.97710115,0.1668116,0.4729676976382122
0.0,0.271,0.22873993,0.030934813,0.191796341396738
0.0,0.293,0.054880004,0.008920181,0.13372853126202078
0.0,0.303,0.00535754,0.14263946,0.1562177480576149
0.0,0.301,0.9202794,0.093603626,0.46107964642406274
0.0,0.234,0.012464976,0.9114921,0.3387733252107605
0.0,0.235,0.5453055,0.18779452,0.33044503259055286
1.0,0.913,0.97533995,0.057227302,0.7048723653221776
1.0,0.592,0.5733183,0.029386444,0.4343797107587375
0.0,0.273,0.045709968,0.067616805,0.138639060813387
0.0,0.445,0.9932915,0.16428043,0.5606507313577632
1.0,0.903,0.8354349,0.22568563,0.6975394597203982
1.0,0.81,0.9450072,0.3837444,0.7425555482313071
1.0,0.933,0.9677614,0.7769538,0.9032003646261386
0.0,0.408,0.018825488,0.050302893,0.17632196485575088
1.0,0.65,0.3734865,0.0027424775,0.3798057093772506
0.0,0.322,0.02631112,0.015462894,0.13663731031391654
0.0,0.392,0.23430195,0.014785486,0.23573622198644356
1.0,0.33,0.103677094,0.9539903,0.41873512392077955
0.0,0.222,0.27492833,0.068321034,0.19916631517941116
0.0,0.302,0.6879615,0.044625573,0.36735816438551155
0.0,0.194,0.48680916,0.20963934,0.30022786513874183
0.0,0.351,0.038412392,0.19255194,0.19952388154204617
0.0,0.324,0.009862485,0.050272707,0.141021304872061
0.0,0.248,0.043673582,0.037307624,0.12021459640372803
0.0,0.267,0.004283288,0.14315134,0.14219400717644565
1.0,0.213,0.014469862,0.06823191,0.10494068732683753
0.0,0.24,0.063119866,0.014963233,0.11792534611607709
0.0,0.251,0.01919639,0.05476737,0.11752405988349925
0.0,0.338,0.7312115,0.025650032,0.39111865242024996
0.0,0.356,0.382688,0.02647613,0.2767933685320907
0.0,0.246,0.14243592,0.13210857,0.1793240320186401
0.0,0.277,0.005586414,0.8794465,0.3442371982694345
0.0,0.224,0.018364072,0.1364252,0.12882610718915485
1.0,0.653,0.7359407,0.32686883,0.5943054708621055
0.0,0.177,0.0350663,0.31062287,0.1634335654861258
0.0,0.332,0.61050504,0.042176425,0.3512002748782038
0.0,0.309,0.047821313,0.22533688,0.19552324162783308
1.0,0.752,0.9377521,0.40949792,0.7247323802287652
0.0,0.283,0.97997093,0.033401046,0.4588156547718704
1.0,0.995,0.9851403,0.17723456,0.7719231551747511
0.0,0.33,0.4676174,0.18147795,0.33806072094895157
1.0,0.259,0.153186,0.022034712,0.15848400440923532
0.0,0.208,0.7159039,0.025662668,0.33600215601016736
1.0,0.146,0.016154343,0.21652316,0.11969778884028807
1.0,0.968,0.94676346,0.8769648,0.9361493874391018
0.0,0.232,0.070221394,0.13668035,0.15002772228976913
1.0,0.785,0.6314016,0.05332825,0.534962053166702
0.0,0.255,0.06426757,0.006740664,0.12186132484685447
1.0,0.764,0.89237595,0.17697108,0.6510632847256937
1.0,0.9,0.9657268,0.524223,0.8219731730565558
0.0,0.319,0.24668059,0.9225115,0.4558962407434866
0.0,0.255,0.029017165,0.19341306,0.15971637290934126
0.0,0.317,0.013157393,0.08361205,0.14844312452552424
0.0,0.252,0.79164016,0.4680111,0.49805171319635677
0.0,0.3,0.76787746,0.99658704,0.6501230223300148
0.0,0.258,0.021177683,0.30934998,0.18927283693603053
1.0,0.726,0.97312105,0.2217689,0.6766776302584198
1.0,0.707,0.71328497,0.31522763,0.6039649249078585
1.0,0.718,0.849029,0.28006622,0.6460327625418344
1.0,0.948,0.97912264,0.08038403,0.7258139573903835
1.0,0.992,0.9851666,0.19937606,0.7767303327854268
0.0,0.321,0.13371795,0.20685664,0.22508541564710866
1.0,0.308,0.27547354,0.0112955095,0.2169753610137683
0.0,0.29,0.061288767,0.9360514,0.3838282560718069
0.0,0.298,0.21249627,0.38859168,0.29253857538445244
1.0,0.339,0.042651646,0.008310129,0.14692039848379582
1.0,0.783,0.91035753,0.08557158,0.6400565346939208
1.0,0.228,0.030412365,0.07977819,0.11934147115971193
0.0,0.175,0.0051997397,0.22196032,0.12844720558493963
1.0,0.903,0.9631308,0.13240992,0.716981559957636
0.0,0.225,0.34402603,0.4435895,0.3251841358504554
0.0,0.349,0.4952812,0.6399675,0.47812081423427244
1.0,0.967,0.99105716,0.5307039,0.8581990199957636
1.0,0.684,0.509401,0.73618203,0.6371776019995764
1.0,0.892,0.9785532,0.002168441,0.683161532977759
1.0,0.898,0.9836362,0.026673626,0.6938122657843678
1.0,0.894,0.9245596,0.3948813,0.7705914065664055
1.0,0.899,0.71580917,0.29576162,0.6731463289154841
1.0,0.9,0.9550624,0.106728755,0.7061236410379158
1.0,0.772,0.9674585,0.5206519,0.7725972975428935
1.0,1.0,0.97456247,0.5713245,0.8759997308091506
1.0,0.648,0.88976145,0.0070724436,0.5600952009605592
1.0,0.756,0.96965516,0.15411581,0.6687883044439737
1.0,0.67,0.7852189,0.01625916,0.5345608357085365
1.0,0.079,0.016463503,0.1550307,0.07763045753759798
1.0,0.906,0.9495091,0.0314392,0.6862646420461767
1.0,0.637,0.9649165,0.26204315,0.650551653611523
0.0,0.207,0.503185,0.7951725,0.4681792109722517
0.0,0.317,0.14364818,0.08150297,0.19334527050624867
1.0,0.541,0.5830049,0.726515,0.6054632663630587
1.0,0.703,0.9299543,0.9416989,0.8461921263927135
1.0,0.735,0.867082,0.050111838,0.5970708961203136
1.0,0.92,0.9785902,0.21079671,0.7499324522940055
0.0,0.311,0.8453272,0.53794235,0.5581364422368142
1.0,0.677,0.67851466,0.17185134,0.5418513270112265
1.0,0.782,0.98053795,0.20257932,0.6955542269667444
1.0,0.936,0.9901225,0.22828993,0.7647767726625716
1.0,0.902,0.9501692,0.28093284,0.751973559652616
1.0,0.924,0.9761646,0.12418354,0.7273559618131752
1.0,0.851,0.8725885,0.33667335,0.7203808282779072
0.0,0.383,0.02713075,0.47361386,0.28333752557297187
0.0,0.289,0.05708157,0.48057944,0.2596453955877992
0.0,0.282,0.46659514,0.92466587,0.5189327109637789
1.0,0.687,0.98154026,0.6304316,0.7744369829485279
0.0,0.404,0.42273304,0.0010534775,0.3023011354098708
1.0,0.853,0.97407454,0.0032414608,0.666953355347257
1.0,0.155,0.039923467,0.13167368,0.10863722293052319
1.0,0.522,0.8893728,0.94957626,0.7648500219614488
1.0,0.865,0.96847355,0.09337128,0.6938050779051049
1.0,0.877,0.97447383,0.039065473,0.6859056280690532
1.0,0.987,0.9917755,0.06593797,0.7412785518873121
0.0,0.23,0.71241194,0.22454117,0.39662695294640965
0.0,0.293,0.07804162,0.37345576,0.23970861439949165
1.0,0.681,0.94075114,0.24137275,0.6534302631434019
1.0,0.888,0.9362617,0.5400042,0.8113492527218811
0.0,0.271,0.10054367,0.99783534,0.4068243059245923
0.0,0.275,0.038572904,0.67086524,0.2989429255242534
1.0,0.583,0.22768168,0.009710247,0.3052135049345478
1.0,0.813,0.96204245,0.10640855,0.6751514237767422
1.0,0.891,0.9672976,0.9153995,0.9241387667866978
0.0,0.274,0.21004884,0.30087072,0.2589337883414531
0.0,0.349,0.29142028,0.6654021,0.4139182849819954
1.0,0.903,0.8354349,0.07534986,0.657161201647956
1.0,0.272,0.06565988,0.03037705,0.13520538063969498
0.0,0.267,0.31000403,0.21949187,0.269224384772294
0.0,0.232,0.25173628,0.25142953,0.24409549346324932
0.0,0.344,0.038315084,0.15698962,0.18725760460495658
1.0,0.871,0.9793259,0.65663093,0.8511686347680577
1.0,0.796,0.9120085,0.008700147,0.6249637299080704
1.0,0.805,0.8939214,0.024787508,0.6264289902868038
0.0,0.325,0.22771241,0.106640905,0.2324523579728871
0.0,0.283,0.8007182,0.13378409,0.42331787018004663
0.0,0.235,0.056150462,0.004013112,0.11064099470578267
1.0,0.888,0.9914691,0.0051438203,0.6869292594027537
0.0,0.467,0.30009758,0.015046374,0.287455056414319
0.0,0.282,0.033544764,0.41630045,0.2314988577377674
0.0,0.25,0.023705993,0.4356863,0.22102236536432962
1.0,0.499,0.19942176,0.25052172,0.3278759449608134
0.0,0.26,0.36785883,0.23182008,0.29001390315399284
0.0,0.336,0.85036576,0.5176394,0.564013224825249
1.0,0.931,0.9553579,0.22788377,0.7506393488371108
0.0,0.201,0.022617871,0.2553481,0.15344117530078374
1.0,0.988,0.9744144,0.08503561,0.7407415465960602
1.0,0.976,0.9626109,0.009128937,0.711645503625503
1.0,0.794,0.57690364,0.014505016,0.5089919186799406
0.0,0.255,0.3592167,0.03461865,0.23212199104003392
0.0,0.356,0.11108265,0.13254018,0.21064179357975005
1.0,0.967,0.9902676,0.04989514,0.7287848420927769
1.0,0.176,0.004332148,0.33681127,0.15937535984325357
0.0,0.346,0.08555275,0.392943,0.2678572331603474
0.0,0.362,0.37526602,0.19842732,0.3226889312984537
1.0,0.985,0.99396163,0.014999949,0.7275930558529973
0.0,0.261,0.2709579,0.21178117,0.25125021585681
0.0,0.369,0.7402159,0.72291,0.5934033119042577
1.0,0.876,0.9709772,0.921408,0.9212901584410083
1.0,0.909,0.96686757,0.24110836,0.7497764357403094
0.0,0.401,0.01121204,0.0021180152,0.15804648359957638
0.0,0.193,0.17466752,0.31090933,0.21828110587587377
0.0,0.249,0.025019944,0.43858576,0.22187599058674012
1.0,0.609,0.80230176,0.085051194,0.5356287458572336
1.0,0.325,0.42111647,0.4396043,0.38927236719974584
1.0,0.128,0.13204518,0.18821923,0.14558362735437408
0.0,0.258,0.8835588,0.42784297,0.5215893056471087
1.0,0.404,0.24972689,0.44410345,0.36101586711501804
0.0,0.346,0.003355639,0.5009231,0.26821828361681843
0.0,0.279,0.008514845,0.3968637,0.21640798382228343
1.0,0.834,0.73841184,0.051266737,0.5904608556060157
0.0,0.365,0.104894206,0.3368068,0.2667955923045965
0.0,0.354,0.7974642,0.28941238,0.49117464665113325
0.0,0.285,0.6782882,0.0505397,0.3590655430205465
1.0,0.717,0.7235283,0.019947015,0.5320552570472359
0.0,0.253,0.08623343,0.10114008,0.15410370976276214
0.0,0.2,0.18829644,0.6690378,0.3218995073501377
0.0,0.272,0.21023116,0.10213778,0.2048542603770388
0.0,0.385,0.32175714,0.030306946,0.2676974587646685
1.0,0.996,0.98920864,0.4385941,0.843921527557721
1.0,0.572,0.88880444,0.16814569,0.5739182458631645
1.0,0.412,0.5390349,0.11399935,0.3762252883499259
1.0,0.179,0.13298525,0.3802681,0.2170245047765304
0.0,0.243,0.08257414,0.8212085,0.34240009284049994
1.0,0.945,0.98462766,0.7760696,0.9134354487396739
0.0,0.311,0.011291538,0.17253411,0.1693784858059733
1.0,0.903,0.8354349,0.15857123,0.6795133933785216
0.0,0.263,0.08053143,0.3753981,0.22960876787756834
0.0,0.248,0.09281526,0.077972956,0.1482598625096378
0.0,0.177,0.03484466,0.070466384,0.09885338712391442
1.0,0.936,0.87018865,0.087039165,0.6850485046536751
0.0,0.325,0.0051853745,0.12236619,0.15913795169932218
0.0,0.181,0.35185078,0.013387175,0.1955131266680788
0.0,0.331,0.36250538,0.18671234,0.30322401974581653
0.0,0.333,0.7576056,0.14137486,0.4294828499216268
0.0,0.322,0.09877055,0.0043476042,0.1588998764828638
0.0,0.323,0.39613032,0.01560433,0.2659192261893667
0.0,0.238,0.05280387,0.008416817,0.11180658549163311
1.0,0.129,0.050680604,0.69202745,0.25293209069688627
1.0,0.693,0.810608,0.11149048,0.5777937065536962
1.0,0.487,0.7848022,0.39481798,0.5660082223342513
1.0,0.132,0.07724297,0.27202454,0.15052908332344844
1.0,0.429,0.11321394,0.65760374,0.3803665481084516
0.0,0.31,0.0098217465,0.28319374,0.19820513351249736
0.0,0.192,0.8506102,0.18241902,0.41891486895996616
1.0,0.661,0.45312902,0.83512366,0.6353361658080916
0.0,0.255,0.0313553,0.0016494576,0.10902583790230883
0.0,0.236,0.7303601,0.08284259,0.3671202644821013
0.0,0.345,0.031022917,0.015834538,0.14718722572527007
0.0,0.144,0.016143698,0.5380041,0.20527379411353527
0.0,0.394,0.96260965,0.011065051,0.48927671233170944
0.0,0.308,0.038029056,0.933447,0.3819175160177929
0.0,0.305,0.006481286,0.02285949,0.12520388663206947
0.0,0.178,0.040588982,0.40592328,0.19133734260326202
0.0,0.338,0.097832195,0.22019483,0.222674222667867
1.0,0.699,0.8753928,0.46271184,0.6969988919974582
0.0,0.287,0.111254126,0.07290379,0.16825906439101884
1.0,0.55,0.60185486,0.09125373,0.44485511000635464
1.0,0.48,0.3027183,0.9726099,0.5505361060580386
1.0,0.682,0.3757474,0.095740356,0.41782657157551367
0.0,0.511,0.6305251,0.8865279,0.6535096730989197
0.0,0.308,0.814502,0.5108914,0.5389811661088753
1.0,0.646,0.81874764,0.55735683,0.6823843101546283
0.0,0.237,0.657973,0.14105639,0.3579159261851303
1.0,0.963,0.9774099,0.047908876,0.7222393010523194
1.0,0.953,0.97947705,0.544546,0.8525202447045117
0.0,0.158,0.037106164,0.2346858,0.13647219533573396
1.0,0.815,0.78914976,0.122293495,0.6199405860749841
0.0,0.102,0.03670816,0.40675926,0.16110393240415166
0.0,0.265,0.025584495,0.16710795,0.15528476485384451
0.0,0.253,0.022677857,0.15748283,0.14709114662253758
1.0,0.759,0.817364,0.042912666,0.5870046686058039
1.0,0.855,0.94611347,0.96881497,0.9173171023321331
0.0,0.373,0.9347416,0.013616638,0.47220924147087484
1.0,0.792,0.93235505,0.029187005,0.6360239736475324
0.0,0.253,0.34091085,0.27847102,0.29047312044270285
0.0,0.194,0.012667907,0.23055518,0.14063433070429995
0.0,0.253,0.54358554,0.4217645,0.3995805124549884
1.0,0.986,0.9837568,0.8566392,0.9504737220080492
1.0,0.71,0.88933134,0.03202909,0.5903924889684389
1.0,0.607,0.58332986,0.050248735,0.44921605924168606
1.0,0.721,0.963469,0.17534485,0.6589306873120102
0.0,0.397,0.053212445,0.012467744,0.1739291614948104
1.0,0.32,0.09770163,0.17659906,0.20402600919932218
1.0,0.5,0.7186998,0.035462715,0.4514356902393561
0.0,0.251,0.37653035,0.20737553,0.2830232149523406
0.0,0.214,0.22835673,0.07448189,0.18152973043211185
0.0,0.234,0.004442127,0.12857723,0.1256969342416861
0.0,0.212,0.6210372,0.17445354,0.3444417036051684
0.0,0.386,0.02367172,0.06848645,0.1744691374708748
0.0,0.291,0.40339947,0.09300284,0.2769853271065452
1.0,0.95,0.92670095,0.16077626,0.7299062402944292
0.0,0.257,0.33466995,0.078658655,0.2361633641791993
1.0,0.288,0.09189652,0.01342434,0.14592159256937087
1.0,0.882,0.7376974,0.3367992,0.6852848143613641
0.0,0.231,0.011039164,0.027559351,0.09971461170260539
1.0,0.377,0.5797863,0.014634846,0.35033286342469816
0.0,0.352,0.61657375,0.006815548,0.3514767916996399
0.0,0.43,0.037858497,0.11543821,0.20887372968544798
0.0,0.366,0.0051824874,0.6849665,0.3259459253914425
1.0,0.371,0.39307088,0.33302495,0.3684908354585893
0.0,0.251,0.3288835,0.06903402,0.229264243774624
1.0,0.839,0.98148006,0.25698093,0.7323233463122221
1.0,0.587,0.62575066,0.45065728,0.5638824966617243
1.0,0.186,0.039777663,0.06616527,0.10286376149015039
0.0,0.465,0.700766,0.48694155,0.553044260834569
1.0,0.932,0.95272964,0.0877755,0.712475236560051
1.0,0.785,0.92031705,0.94685954,0.8756236907371321
0.0,0.346,0.08769939,0.37775156,0.2645249893306503
0.0,0.284,0.07389862,0.79624647,0.3483744447913578
0.0,0.475,0.7382515,0.6026688,0.601018376593942
0.0,0.344,0.077986754,0.009046513,0.16134530582800252
0.0,0.242,0.29715717,0.45637167,0.31879661559203565
0.0,0.304,0.044781096,0.055892803,0.14703854630883287
0.0,0.279,0.3232482,0.022776924,0.22559975188138107
1.0,0.936,0.9930875,0.33281788,0.7938847721542047
1.0,0.712,0.6316254,0.15134798,0.5334100871933912
0.0,0.346,0.01121655,0.36814135,0.2352938903939843
0.0,0.208,0.020780534,0.3856601,0.19048188630163104
1.0,0.903,0.8354349,0.01997387,0.6422879215547553
0.0,0.196,0.015057339,0.0019207923,0.08082458955547554
0.0,0.24,0.11251262,0.08496708,0.15393804646049564
0.0,0.284,0.11036823,0.15878105,0.1898670005825037
1.0,0.912,0.97491133,0.041250598,0.7000489083062911
0.0,0.175,0.019692732,0.1318189,0.1092863608006778
1.0,0.916,0.96154445,0.17697966,0.7333782734865495
0.0,0.26,0.33882606,0.007987463,0.21977906625375979
1.0,0.947,0.9607491,0.18823105,0.7479951791781403
1.0,0.991,0.9908742,0.2673361,0.7965893314552002
1.0,0.678,0.8515616,0.8837466,0.7937372422791782
0.0,0.314,0.49352255,0.3122917,0.3760945711395891
1.0,0.648,0.6249701,0.12788248,0.5002785001355645
0.0,0.261,0.30425498,0.0074075945,0.20796023552764245
0.0,0.301,0.80161196,0.04591686,0.4069227393941962
0.0,0.26,0.12158824,0.25026047,0.2091554608684601
1.0,0.79,0.8655154,0.6839451,0.7878278372802373
1.0,0.821,0.94865733,0.7451862,0.8451187056661724
0.0,0.319,0.014969076,0.710943,0.31833337301842834
1.0,0.985,0.9726113,0.20764862,0.7718966402584199
0.0,0.34,0.008541084,0.14263946,0.17149691134505402
0.0,0.465,0.21684957,0.15891364,0.2963228210485067
1.0,0.946,0.9614037,0.13113126,0.7325040296928617
0.0,0.372,0.18281667,0.15319946,0.24731335255877995
1.0,0.605,0.8799163,0.2621414,0.608705276149121
1.0,0.72,0.8625667,0.73258096,0.7730554710400339
0.0,0.329,0.013188049,0.6386625,0.3021288690118619
0.0,0.256,0.1463954,0.053095844,0.1633115787316247
0.0,0.35,0.10402949,0.6105863,0.33428340170514725
1.0,0.987,0.9837568,0.7879636,0.9324113070959543
1.0,0.972,0.9651942,0.16958211,0.75410942056344
1.0,0.601,0.52472705,0.044581626,0.4249763819144249
0.0,0.343,0.43877974,0.9085904,0.5282841134293583
1.0,0.663,0.57104504,0.019323966,0.458075805907223
1.0,0.945,0.9562418,0.44311216,0.8141164964795594
0.0,0.37,0.24050659,0.0006288524,0.22567056246413894
1.0,0.731,0.9434313,0.7637667,0.8138209413471723
1.0,0.589,0.4933607,0.5318887,0.5403357812116077
0.0,0.366,0.006518487,0.36055788,0.23927945413153992
1.0,0.981,0.97103924,0.23879518,0.7781825541283626
1.0,0.709,0.9441708,0.092178755,0.625273380076255
0.0,0.221,0.040314868,0.5145163,0.23687621822918875
1.0,0.413,0.39384836,0.38575125,0.39900807820377043
1.0,0.965,0.9590409,0.38796958,0.8079406286676551
0.0,0.353,0.008156592,0.050074123,0.15147968265282777
1.0,0.643,0.7191332,0.23316476,0.5594516055242533
0.0,0.244,0.116570614,0.265512,0.20537595340605808
1.0,0.98,0.9932963,0.7947614,0.934880294153781
1.0,0.288,0.2475797,0.619496,0.3629513947256937
1.0,0.621,0.7199366,0.06596605,0.506398783816988
0.0,0.264,0.0062280474,0.35990682,0.19994047569010803
0.0,0.289,0.09821084,0.024290731,0.15142331682016522
0.0,0.277,0.9140739,0.0070919106,0.42649017329819955
1.0,0.927,0.9637158,0.28268316,0.7667381355390808
0.0,0.374,0.37814894,0.6337838,0.4452202636517687
0.0,0.307,0.03704566,0.5132912,0.2683434340817623
1.0,0.239,0.047398083,0.6585994,0.28493664175704303
1.0,0.733,0.8921772,0.14271916,0.6299223446049567
0.0,0.397,0.018245837,0.012118065,0.16165136799089175
1.0,0.654,0.8540037,0.11906427,0.5800130440288076
0.0,0.348,0.9480671,0.75589347,0.6666442066214786
1.0,0.971,0.993846,0.329867,0.8067604376191485
1.0,0.262,0.09369574,0.0018377828,0.1334793054205465
1.0,0.729,0.37386295,0.024886623,0.41613912110019063
1.0,0.373,0.72148365,0.061524697,0.41076846431815295
1.0,0.505,0.53256726,0.30647102,0.461283286604533
1.0,0.19,0.00784765,0.009702237,0.07810460088244016
1.0,0.846,0.9453482,0.76652956,0.8592724573353103
1.0,0.715,0.68751186,0.07751867,0.5342026441982631
0.0,0.207,0.014653226,0.7106126,0.27524196855962724
0.0,0.418,0.53893596,0.0112645235,0.35089537597924164
0.0,0.409,0.09958312,0.06843405,0.2097141723787333
1.0,0.675,0.91251194,0.20388326,0.6312234939589071
1.0,0.993,0.9668804,0.3180527,0.8026166239356068
1.0,0.992,0.98813754,0.9110821,0.9689206431052743
1.0,0.955,0.98657423,0.025655938,0.7163919376687141
1.0,0.904,0.89793205,0.007872656,0.6611973628591401
1.0,0.656,0.837831,0.023913566,0.549587459582292
1.0,0.721,0.89943457,0.015610755,0.5937158027938996
1.0,0.814,0.76017475,0.13453047,0.6127481676996398
0.0,0.327,0.7825067,0.27341667,0.4713263840415166
1.0,0.618,0.8865767,0.04589926,0.557924789913154
0.0,0.199,0.26524618,0.17147444,0.21469001398432536
0.0,0.26,0.15799212,0.77516174,0.36282188598178355
1.0,0.612,0.58824253,0.2752723,0.5132811349819953
0.0,0.197,0.29380086,0.9013889,0.41991941112052533
0.0,0.191,0.1195616,0.9953649,0.3821498676551579
1.0,0.787,0.9024707,0.3035462,0.6973854867824614
0.0,0.336,0.5726307,0.6046517,0.49060873905952135
0.0,0.285,0.18315592,0.13013917,0.20791949925015887
1.0,0.635,0.6131778,0.008116851,0.4590234374217326
1.0,0.321,0.22964172,0.015438468,0.20709693006227495
0.0,0.305,0.02335469,0.096943885,0.1509814258059733
0.0,0.281,0.16649759,0.081934884,0.18763608736750692
0.0,0.17,0.06132507,0.1418454,0.12457100346324933
1.0,0.923,0.9483382,0.09486145,0.7094015373014193
0.0,0.245,0.006653307,0.83833754,0.32131258011755987
1.0,0.945,0.97439927,0.30793342,0.7841360677208218
0.0,0.251,0.37699616,0.85433316,0.456950038144461
0.0,0.221,0.3564066,0.08486172,0.23161650454564714
1.0,0.993,0.9668804,0.27143013,0.7900944000932005
1.0,0.986,0.98148304,0.5074221,0.8558862155475535
1.0,0.77,0.91355765,0.49193817,0.7453378381296336
0.0,0.262,0.20309363,0.26166272,0.24138389119042578
1.0,0.95,0.96332234,0.30832735,0.7822970406905317
0.0,0.167,0.31630626,0.30790007,0.256868690205465
1.0,0.583,0.22768168,0.036120426,0.31230694000593096
1.0,0.191,0.119059086,0.16186038,0.15810615511755985
0.0,0.236,0.051811934,0.1844035,0.157962776833298
1.0,0.71,0.7805324,0.15096764,0.5844276139631435
1.0,0.636,0.7688786,0.062930405,0.5283814976784579
1.0,0.695,0.9586011,0.76569456,0.8058376427833085
0.0,0.278,0.098597504,0.08943587,0.16484252854056344
1.0,0.871,0.9793259,0.36531457,0.7729247998856176
1.0,0.351,0.02181531,0.3704044,0.24150963019487398
1.0,0.69,0.63991517,0.73164105,0.6837325367612794
,,0.9704103,0.8260791,
,,0.018874751,0.44634897,
,,0.9954217,0.0015066398,
,,0.9979656,0.973616,
,,0.016929185,0.10107709,
,,0.11733478,0.06085985,
,,0.7749335,0.87311566,
,,0.9954461,0.026926918,
,,0.911186,0.071742624,
,,0.916861,0.10733898,
,,0.86407644,0.17377365,
,,0.009456685,0.52985954,
,,0.014604248,0.010297051,
,,0.055314887,0.020940652,
,,0.98819864,0.07941339,
,,0.31493518,0.25900573,
,,0.21395366,0.9142179,
,,0.91628104,0.25415748,
,,0.09889099,0.257268,
,,0.80581206,0.7099808,
,,0.94046104,0.2700282,
,,0.9734591,0.43531343,
,,0.61032134,0.07307531,
,,0.99697816,0.70961803,
,,0.86316884,0.38299647,
,,0.9923671,0.5151951,
,,0.87878716,0.06512178,
,,0.1828942,0.22662446,
,,0.031697396,0.5850172,
,,0.14416908,0.25088772,
,,0.7915999,0.38943034,
,,0.013714526,0.96856415,
,,0.024541773,0.028805079,
,,0.2753964,0.08885003,
,,0.014752901,0.828758,
,,0.011480193,0.3815946,
,,0.23505154,0.64015806,
,,0.40102804,0.47808427,
,,0.028780475,0.0089552,
,,0.010403006,0.040582743,
,,0.7243798,0.06629878,
,,0.0074327798,0.20828643,
,,0.021816112,0.6767325,
,,0.017088601,0.20622316,
,,0.09091055,0.30826968,
,,0.93790966,0.4745005,
,,0.55286276,0.11524971,
,,0.06601058,0.11040995,
,,0.029471707,0.16868526,
,,0.92214465,0.86394787,
,,0.9875317,0.07431808,
,,0.97684914,0.3159846,
,,0.48418838,0.62793314,
,,0.5957599,0.2689867,
,,0.03174228,0.056601048,
,,0.9567582,0.33549798,
,,0.061956707,0.20615402,
,,0.0046331384,0.13804168,
,,0.014182444,0.709053,
,,0.0132529065,0.026267432,
,,0.02680907,0.08167178,
,,0.44670781,0.039387103,
,,0.0025128208,0.23406386,
,,0.1821226,0.9003904,
,,0.037291564,0.12633796,
,,0.47003007,0.24777721,
,,0.011776377,0.180755,
,,0.057094537,0.26659608,
,,0.2001549,0.013918871,
,,0.0082557555,0.010462156,
,,0.026999095,0.664765,
,,0.3418427,0.24918228,
,,0.96952474,0.7402433,
,,0.18073878,0.22866829,
,,0.04877954,0.20842545,
,,0.023317646,0.37473893,
,,0.8891081,0.0620432,
,,0.10559425,0.5464735,
,,0.9941737,0.16273263,
,,0.07237061,0.11323884,
,,0.4487288,0.20365855,
,,0.008163064,0.051161867,
,,0.012774669,0.4232032,
,,0.9479029,0.39595005,
,,0.01845916,0.1343518,
,,0.82898676,0.009985583,
,,0.15624186,0.018164322,
,,0.80809516,0.044711877,
,,0.9862389,0.4970472,
,,0.051163707,0.991888,
,,0.12779067,0.12962385,
,,0.36504376,0.06388588,
,,0.009004867,0.074990295,
,,0.5487311,0.0076954137,
,,0.03547339,0.42456698,
,,0.92452383,0.76369476,
,,0.9261967,0.16622755,
,,0.88045025,0.5542837,
,,0.992081,0.6887518,
,,0.9924304,0.075922795,
,,0.7116751,0.1864457,
,,0.12229547,0.6398084,
,,0.09890472,0.29117528,
,,0.03352779,0.0690073,
,,0.091167755,0.15061235,
,,0.80423474,0.96057415,
,,0.020114597,0.61778164,
,,0.00669299,0.21966474,
,,0.9686291,0.2246633,
,,0.9394233,0.03779311,
,,0.893056,0.5635135,
,,0.98448306,0.16807337,
,,0.8319581,0.46225584,
,,0.97228134,0.10631204,
,,0.8679277,0.028807322,
,,0.99623245,0.704361,
,,0.98721933,0.0024908462,
,,0.8710087,0.2975008,
,,0.9490474,0.72078115,
,,0.9829336,0.036870766,
,,0.7983808,0.13783026,
,,0.65982515,0.18119946,
,,0.9267816,0.25461015,
,,0.026462993,0.22595866,
,,0.98745805,0.23491298,
,,0.6601156,0.2050177,
,,0.037154153,0.25835612,
,,0.015649186,0.8848819,
,,0.46510702,0.11685827,
,,0.91701394,0.026107343,
,,0.9606084,0.63780594,
,,0.98802865,0.038634475,
,,0.04244851,0.027418269,
,,0.8861399,0.32594377,
,,0.9202066,0.41695178,
,,0.986347,0.79519075,
,,0.9755265,0.09461339,
,,0.9405804,0.9375704,
,,0.93883467,0.85555464,
,,0.23677824,0.21457456,
,,0.04718167,0.22040553,
,,0.9740141,0.009793168,
,,0.7010262,0.5657722,
,,0.8470312,0.06605509,
,,0.9509512,0.27454373,
,,0.0761319,0.045952186,
,,0.29809272,0.012132733,
,,0.98601437,0.25745755,
,,0.94590646,0.7570513,
,,0.99190545,0.0052582715,
,,0.09189172,0.016968224,
,,0.007435485,0.022573045,
,,0.94571346,0.20649077,
,,0.96884525,0.07238285,
,,0.026237344,0.06678699,
,,0.00714808,0.37445477,
,,0.7110142,0.79050964,
,,0.9882563,0.18693191,
,,0.9147158,0.4735117,
,,0.03763511,0.41440937,
,,0.45836973,0.17646073,
,,0.92214465,0.57025135,
,,0.13946457,0.46421817,
,,0.19467422,0.60438097,
,,0.07175196,0.028363835,
,,0.2236485,0.020378023,
,,0.935943,0.3287697,
,,0.9504153,0.30267385,
,,0.9820294,0.11798617,
,,0.046984825,0.27435553,
,,0.55503684,0.19335522,
,,0.018868936,0.51079637,
,,0.9716537,0.1749304,
,,0.56836075,0.030061923,
,,0.563222,0.007861276,
,,0.009124215,0.31926706,
,,0.7877672,0.0025470487,
,,0.46695182,0.31540895,
,,0.03747497,0.828103,
,,0.99517965,0.08994865,
,,0.039227065,0.25425845,
,,0.99425733,0.15520062,
,,0.9719206,0.36475414,
,,0.8295777,0.31522647,
,,0.010935403,0.6274455,
,,0.056879144,0.5222553,
,,0.99391514,0.21912412,
,,0.16544482,0.083822906,
,,0.5022801,0.029907873,
,,0.9569136,0.04413136,
,,0.9966239,0.70744497,
,,0.55131996,0.1372839,
,,0.3372326,0.005368828,
,,0.9527112,0.4903141,
,,0.95052904,0.15487842,
,,0.2014157,0.05131103,
,,0.010225204,0.5580803,
,,0.783963,0.75569004,
,,0.74710697,0.13392814,
,,0.13715072,0.03219929,
,,0.027249219,0.033280898,
,,0.008114236,0.18401541,
,,0.45064273,0.0418474,
,,0.33215356,0.9991479,
,,0.017268606,0.16733445,
,,0.90123975,0.184936,
,,0.6109829,0.564138,
,,0.95036805,0.14310321,
,,0.045605294,0.18259458,
,,0.7164989,0.63131106,
,,0.24163984,0.01736278,
,,0.33575207,0.85815257,
,,0.030642785,0.0063019614,
,,0.049956236,0.92282873,
,,0.9924499,0.1077078,
,,0.74120325,0.17683259,
,,0.36484697,0.09619688,
,,0.075183034,0.10232527,
,,0.046669334,0.030379891,
,,0.9780462,0.21794759,
,,0.13636762,0.16388755,
,,0.92214465,0.055313114,
,,0.5281018,0.227526,
,,0.2841784,0.13560149,
,,0.12094562,0.56771636,
,,0.9908723,0.16274783,
,,0.65806276,0.023920333,
,,0.087072454,0.3044086,
,,0.5908752,0.37445477,
,,0.07185395,0.8699191,
,,0.026502386,0.13420944,
,,0.92341435,0.01694018,
,,0.17769514,0.40612715,
,,0.03478458,0.9251743,
,,0.8732299,0.40454578,
,,0.8427915,0.28735653,
,,0.033848252,0.10113784,
,,0.24289021,0.5131836,
,,0.020562366,0.20410877,
,,0.38746643,0.10403892,
,,0.8847881,0.14925353,
,,0.09293053,0.1569586,
,,0.036877424,0.61456907,
,,0.12160871,0.09017556,
,,0.071385816,0.30694076,
,,0.13969228,0.20039847,
,,0.22179765,0.17066969,
,,0.017476244,0.051252935,
,,0.03270697,0.8835934,
,,0.62098193,0.026805114,
,,0.5755855,0.28671038,
,,0.015853893,0.07817494,
,,0.9515922,0.0998199,
,,0.9078721,0.014584755,
,,0.9788352,0.1156667,
,,0.92281824,0.23386967,
,,0.031043973,0.25291923,
,,0.8602919,0.8982331,
,,0.034931857,0.10378778,
,,0.98737204,0.20538408,
,,0.98933053,0.20868973,
,,0.08318956,0.37729925,
,,0.8801434,0.27115417,
,,0.008795461,0.08617885,
,,0.0148911355,0.46827564,
,,0.9010946,0.06068676,
,,0.9552404,0.24229117,
,,0.9806886,0.03138799,
,,0.25043505,0.6399735,
,,0.84196746,0.30749148,
,,0.048105527,0.2236356,
,,0.038690306,0.0016661787,
,,0.8133071,0.2118661,
,,0.9920284,0.5231378,
,,0.91538876,0.10678702,
,,0.6378928,0.037592646,
,,0.7583225,0.85266465,
,,0.5211205,0.5197861,
,,0.24415708,0.10403303,
,,0.18862055,0.23169729,
,,0.005315038,0.63117194,
,,0.024399599,0.07528854,
,,0.024482347,0.063253224,
,,0.0038540673,0.124006726,
,,0.29609063,0.073723175,
,,0.008658487,0.0013629708,
,,0.9615874,0.047417432,
,,0.04766604,0.1063203,
,,0.1526311,0.005868456,
,,0.75714254,0.99508023,
,,0.61139894,0.049122058,
,,0.28094316,0.8885707,
,,0.3405722,0.04206533,
,,0.31176785,0.0148578705,
,,0.22361803,0.04866975,
,,0.10616194,0.00893775,
,,0.006752469,0.19899568,
,,0.9768872,0.29757714,
,,0.8766767,0.49049634,
,,0.06764754,0.8257507,
,,0.12011532,0.002417777,
,,0.9604389,0.062216714,
,,0.8520546,0.5963026,
,,0.9294557,0.39324686,
,,0.1694116,0.5454269,
,,0.090618655,0.8666496,
,,0.014690155,0.14218794,
,,0.6000692,0.19812715,
,,0.19783287,0.26947796,
,,0.06671498,0.14509355,
,,0.9916897,0.54857445,
,,0.63355994,0.18407905,
,,0.87974215,0.55342823,
,,0.041019946,0.11949258,
,,0.92214465,0.0065970267,
,,0.01253035,0.54644585,
,,0.03720637,0.057555016,
,,0.036422458,0.99768674,
,,0.9619566,0.67438763,
,,0.0069404584,0.53757054,
,,0.98028505,0.86750084,
,,0.00958558,0.01131162,
,,0.9970278,0.002749248,
,,0.99136543,0.7737136,
,,0.9840731,0.16080175,
,,0.25130856,0.91983145,
,,0.87362057,0.25090438,
,,0.016047547,0.02098783,
,,0.016673356,0.10695051,
,,0.018546335,0.1381237,
,,0.78890324,0.17888872,
,,0.87586796,0.3616868,
,,0.6793827,0.21935003,
,,0.98647344,0.6389419,
,,0.13572918,0.22169578,
,,0.7700181,0.40485564,
,,0.9887018,0.055130474,
,,0.6408902,0.12727176,
,,0.8242478,0.014160004,
,,0.9510092,0.033963714,
,,0.43903726,0.25436446,
,,0.016510142,0.7915549,
,,0.2654799,0.4893441,
,,0.9920284,0.9539903,
,,0.98527455,0.34284684,
,,0.9406747,0.06344267,
,,0.03269804,0.33765775,
,,0.9364932,0.08277165,
,,0.9704103,0.76052666,
,,0.0080116,0.097415656,
,,0.95910144,0.002559194,
,,0.6991585,0.34363425,
,,0.014832917,0.5691541,
,,0.9821545,0.72956955,
,,0.56952155,0.3758121,
,,0.046744972,0.039168146,
,,0.5921222,0.16015378,
,,0.9545513,0.18707104,
,,0.29845533,0.046942916,
,,0.7516286,0.0072341263,
,,0.00984213,0.13278563,
,,0.9966646,0.52190447,
,,0.097240984,0.58727676,
,,0.42476606,0.060278278,
,,0.197696,0.042730838,
,,0.018802755,0.25187328,
,,0.17047308,0.20948142,
,,0.9806892,0.7678223,
,,0.0037884598,0.37661043,
,,0.6161782,0.08568018,
,,0.06350601,0.024586514,
,,0.76608235,0.08167347,
,,0.1702436,0.7564873,
,,0.8611222,0.007945648,
,,0.01051333,0.12188862,
,,0.9964232,0.060111158,
,,0.18262261,0.014935226,
,,0.48626235,0.19728166,
,,0.74225086,0.1712296,
,,0.6020343,0.132117,
,,0.038342822,0.0062095127,
,,0.96612984,0.3746857,
,,0.925003,0.040108558,
,,0.008304186,0.08286245,
,,0.71106654,0.0027582743,
,,0.34172204,0.37724683,
,,0.73533595,0.6864342,
,,0.99747604,0.24628232,
,,0.9953219,0.059289094,
,,0.98261434,0.020921817,
,,0.967888,0.63048357,
,,0.6906001,0.0141221415,
,,0.9294526,0.33086088,
,,0.84459704,0.2236424,
,,0.12087724,0.2904462,
,,0.5397092,0.31402522,
,,0.007169374,0.3575084,
,,0.046513535,0.16530314,
,,0.9170942,0.5932564,
,,0.0177709,0.62778944,
,,0.40683025,0.99301445,
,,0.96108305,0.18187124,
,,0.09095596,0.3185461,
,,0.026548406,0.19289784,
,,0.85021996,0.1498272,
,,0.17896478,0.5433815,
,,0.21915896,0.7668232,
,,0.030797014,0.7847775,
,,0.021210862,0.06130619,
,,0.99363315,0.28157786,
,,0.7458198,0.07605351,
,,0.9611496,0.042651117,
,,0.03692363,0.09879168,
,,0.022885565,0.8444127,
,,0.99747604,0.67636514,
,,0.9926329,0.30846432,
,,0.94237417,0.0022525173,
,,0.025938008,0.9181219,
,,0.961828,0.1142557,
,,0.045463685,0.4672412,
,,0.7110142,0.19281268,
,,0.09727856,0.3915353,
,,0.092490494,0.52047867,
,,0.7774863,0.2452507,
,,0.42819706,0.10848827,
,,0.97805697,0.15553159,
,,0.14587529,0.24956785,
,,0.935943,0.6411088,
,,0.034794684,0.19042765,
,,0.6904801,0.6136077,
,,0.9064133,0.70288616,
,,0.011319564,0.5943246,
,,0.9924583,0.22942239,
,,0.99404424,0.058905184,
,,0.024405848,0.75360227,
,,0.020387353,0.39571962,
,,0.05064595,0.011733868,
,,0.9941409,0.69843024,
,,0.75968796,0.18362874,
,,0.9439902,0.064594634,
,,0.9852277,0.6809847,
,,0.043555006,0.59379375,
,,0.9364472,0.5625433,
,,0.0118710175,0.09840669,
,,0.98116827,0.70711386,
,,0.013972092,0.4771639,
,,0.13218099,0.06815756,
,,0.96168125,0.870708,
,,0.12547824,0.64029235,
,,0.775982,0.16184233,
,,0.9609308,0.039276436,
,,0.9837712,0.0632456,
,,0.60095376,0.8741005,
,,0.99195963,0.99783576,
,,0.90328175,0.8932403,
,,0.9916848,0.45279408,
,,0.95450664,0.28079784,
,,0.15229106,0.14185606,
,,0.3417363,0.32886305,
,,0.71108884,0.17438929,
,,0.7618329,0.047899384,
,,0.11868569,0.0017372647,
,,0.27150896,0.4464322,
,,0.040312305,0.2267559,
,,0.27546585,0.185268,
,,0.16629766,0.07619882,
,,0.31823367,0.32737347,
,,0.838484,0.06799436,
,,0.40267056,0.0153433215,
,,0.36869717,0.2610296,
,,0.29342207,0.06218638,
,,0.93471646,0.10105182,
,,0.02832174,0.14860307,
,,0.22921392,0.45154113,
,,0.037518434,0.2100452,
,,0.96762955,0.32941115,
,,0.6422744,0.0009371729,
,,0.15472558,0.10905556,
,,0.085789986,0.22589637,
,,0.85795623,0.2559497,
,,0.8502295,0.014359563,
,,0.9574633,0.057174973,
,,0.3652651,0.88646865,
,,0.34139574,0.11800966,
,,0.2210918,0.06304857,
,,0.010847359,0.2304428,
,,0.05280837,0.25103867,
,,0.018354941,0.04426669,
,,0.33372664,0.018159669,
,,0.089591056,0.72291,
,,0.028710896,0.26823616,
,,0.013500086,0.7165424,
,,0.008371032,0.06503994,
,,0.6389439,0.19503339,
,,0.048615,0.43786582,
,,0.022668561,0.15742889,
,,0.011718667,0.88864565,
,,0.2146746,0.7785402,
,,0.36990234,0.24975759,
,,0.7177874,0.05484318,
,,0.05380961,0.5255082,
,,0.03448046,0.049313243,
,,0.26607406,0.42586583,
,,0.7846531,0.6870769,
,,0.5806263,0.29283226,
,,0.14809482,0.2560238,
,,0.85942477,0.07565524,
,,0.28305763,0.19673383,
,,0.9931359,0.16340399,
,,0.23967248,0.63698834,
,,0.11582331,0.19399162,
,,0.0084159775,0.07441374,
,,0.030863237,0.44009697,
,,0.9413457,0.06845062,
,,0.052043304,0.06458294,
,,0.96463203,0.16658857,
,,0.018687319,0.86914897,
,,0.98740023,0.39276263,
,,0.9848471,0.17838772,
,,0.938635,0.99562955,
,,0.024698265,0.1171778,
,,0.9495995,0.1079284,
,,0.8079859,0.72306997,
,,0.003481058,0.016258422,
,,0.0059268363,0.1010606,
,,0.9097229,0.020527508,
,,0.81033343,0.04513578,
,,0.8566728,0.004449765,
,,0.96520984,0.45422173,
,,0.9957145,0.06475219,
,,0.8247102,0.4228493,
,,0.19917361,0.6656493,
,,0.008931275,0.048587523,
,,0.33024514,0.23816265,
,,0.06600642,0.041858666,
,,0.7533715,0.76369476,
,,0.33300275,0.10801293,
,,0.019172654,0.0052419724,
,,0.9908626,0.10681095,
,,0.0050979825,0.104141355,
,,0.010056906,0.57730126,
,,0.9502577,0.14105406,
,,0.77439576,0.047692105,
,,0.9765717,0.13785999,
,,0.9297167,0.766363,
,,0.9526219,0.89347357,
,,0.9239705,0.025635706,
,,0.9599509,0.32620543,
,,0.9246474,0.30291525,
,,0.97296,0.08819918,
,,0.90334946,0.32043073,
,,0.7753133,0.16671689,
,,0.85624206,0.22522102,
,,0.0074206563,0.7576119,
,,0.97674507,0.7294311,
,,0.62419885,0.014937213,
,,0.025830606,0.15818004,
,,0.51955557,0.005497574,
,,0.51057965,0.2649931,
,,0.86902606,0.6578967,
,,0.97294235,0.40292937,
,,0.9816078,0.119070366,
,,0.07489463,0.1875663,
,,0.92599857,0.18345371,
,,0.97117424,0.0064368476,
,,0.97802246,0.035832085,
,,0.92204505,0.2407962,
,,0.9579792,0.019882722,
,,0.8944785,0.12198039,
,,0.0042501693,0.40197057,
,,0.7706006,0.19111592,
,,0.052959763,0.7067173,
,,0.9225763,0.9285711,
,,0.44871852,0.49748713,
,,0.9791612,0.024119902,
,,0.19218217,0.048942618,
,,0.78166586,0.048685215,
,,0.9854004,0.08036518,
,,0.95682806,0.007360848,
,,0.9780207,0.108109936,
,,0.08911919,0.44049835,
,,0.2821808,0.7580306,
,,0.964484,0.03670461,
,,0.9198227,0.8607853,
,,0.37497574,0.16171056,
,,0.47858667,0.15560684,
,,0.37602383,0.87393177,
,,0.8875305,0.16422047,
,,0.9743422,0.97844887,
,,0.06354713,0.08126265,
,,0.042434122,0.043776166,
,,0.85795623,0.35581896,
,,0.025817776,0.10809946,
,,0.019583676,0.16519205,
,,0.029052436,0.17359972,
,,0.01296731,0.098951146,
,,0.9664528,0.37019867,
,,0.92134416,0.5772116,
,,0.9057243,0.19997288,
,,0.035982072,0.35129005,
,,0.90688056,0.19473685,
,,0.009072052,0.20632014,
,,0.9810027,0.28108856,
,,0.049472865,0.37679726,
,,0.7711362,0.40910876,
,,0.025037449,0.005903961,
,,0.24382205,0.15567599,
,,0.13773115,0.6569565,
,,0.11045958,0.13225399,
,,0.9726773,0.116824955,
,,0.018041907,0.9266865,
,,0.98960775,0.22085242,
,,0.9338292,0.43331346,
,,0.6955503,0.9877002,
,,0.13441399,0.3016634,
,,0.6168442,0.0010414035,
,,0.99093574,0.99783534,
,,0.044385135,0.02761233,
,,0.9856469,0.1033167,
,,0.022395803,0.37120807,
,,0.99281305,0.24161264,
,,0.006215455,0.12659016,
,,0.15846127,0.45477328,
,,0.96455383,0.7935121,
,,0.9433451,0.61646414,
,,0.0076998323,0.04896941,
,,0.044797264,0.007572783,
,,0.0517939,0.12116232,
,,0.5187529,0.103602834,
,,0.34556124,0.25882864,
,,0.27449977,0.103420876,
,,0.14030632,0.27038488,
,,0.2575078,0.7486622,
,,0.600381,0.08713409,
,,0.0499738,0.3505038,
,,0.93907917,0.38081506,
,,0.090502664,0.23559925,
,,0.7378535,0.60382354,
,,0.14165242,0.037513413,
,,0.7679302,0.15823427,
,,0.60597885,0.46607327,
,,0.7014396,0.16956583,
,,0.006294771,0.18304725,
,,0.10079836,0.005376986,
,,0.9828067,0.28044972,
,,0.589611,0.089220576,
,,0.07842768,0.6175358,
,,0.20815603,0.4906682,
,,0.53524894,0.29410228,
,,0.9907334,0.33575886,
,,0.8323324,0.928548,
,,0.85795623,0.4501342,
,,0.14492261,0.31449974,
,,0.020791803,0.41833848,
,,0.011762313,0.25810105,
,,0.94475305,0.80167764,
,,0.14398347,0.01954686,
,,0.030102223,0.07873417,
,,0.41108826,0.0011854174,
,,0.5504035,0.77411294,
,,0.055228386,0.31749284,
,,0.006103634,0.94530326,
,,0.9372677,0.039126154,
,,0.13786058,0.29534823,
,,0.8201973,0.12597553,
,,0.6131465,0.02936442,
,,0.09317427,0.0042271432,
,,0.18168327,0.06893113,
,,0.65744275,0.13562638,
,,0.059075717,0.034734387,
,,0.58013994,0.07604461,
,,0.22265705,0.28296164,
,,0.18904968,0.5691928,
,,0.9292676,0.096642666,
,,0.017777774,0.041256905,
,,0.1863118,0.008274591,
,,0.3092577,0.09721945,
,,0.5495973,0.03831535,
,,0.012847229,0.23998639,
,,0.062137984,0.02722368,
,,0.514949,0.027298838,
,,0.060113195,0.6550486,
,,0.93247783,0.8845156,
,,0.7791831,0.49323663,
,,0.88283175,0.9400709,
,,0.06249644,0.098805666,
,,0.018258383,0.013106243,
,,0.7205399,0.045188013,
,,0.097838044,0.017724706,
,,0.98736537,0.9239787,
,,0.9858925,0.5856311,
,,0.06704412,0.33302575,
,,0.9206935,0.02674958,
,,0.016353546,0.15911634,
,,0.022889541,0.112021096,
,,0.02313632,0.008155553,
,,0.8506671,0.15725993,
,,0.98845226,0.78009146,
,,0.8572548,0.089418456,
,,0.89915806,0.40572062,
,,0.017781047,0.006038018,
,,0.018147876,0.004863429,
,,0.015674915,0.047690228,
,,0.9798591,0.38502577,
,,0.92879045,0.0037285218,
,,0.6100371,0.0675085,
,,0.7431245,0.41833848,
,,0.7957059,0.035243414,
,,0.11691918,0.19292764,
,,0.58844054,0.099345334,
,,0.0060802912,0.086775556,
,,0.34801033,0.1383967,
,,0.04027406,0.021344708,
,,0.3485476,0.3055464,
,,0.0054025785,0.23574646,
,,0.09689696,0.011469106,
,,0.94937766,0.1807321,
,,0.7548754,0.11594,
,,0.123917356,0.27618894,
,,0.83078307,0.24703386,
,,0.4942099,0.2959032,
,,0.3467929,0.8406731,
,,0.29281425,0.14289814,
,,0.0437931,0.21220823,
,,0.088858485,0.6575698,
,,0.18328513,0.69720894,
,,0.03200623,0.2812031,
,,0.9411354,0.8433988,
,,0.8578886,0.76502657,
,,0.09645668,0.11844423,
,,0.018354936,0.17950867,
,,0.9663165,0.057076503,
,,0.9074937,0.3901907,
,,0.9735631,0.14604099,
,,0.080532,0.08465173,
,,0.034850866,0.1507766,
,,0.96051127,0.2156536,
,,0.051056195,0.17464834,
,,0.95537204,0.3404958,
,,0.010612212,0.020596499,
,,0.96406066,0.7129963,
,,0.93430305,0.2568883,
,,0.19125137,0.08512812,
,,0.037502382,0.16305716,
,,0.85795623,0.21997091,
,,0.07568279,0.5635305,
,,0.03203652,0.022402907,
,,0.45479155,0.056741733,
,,0.9858847,0.14263946,
,,0.2850709,0.13350232,
,,0.93570423,0.3470253,
,,0.010980147,0.123075694,
,,0.99452543,0.18894476,
,,0.9840895,0.96074075,
,,0.97149897,0.4412153,
,,0.0053463206,0.6849587,
,,0.6808012,0.0755264,
,,0.08846926,0.19075447,
,,0.10376996,0.34745306,
,,0.5600775,0.02616471,
,,0.89422935,0.49293312,
,,0.93416756,0.5970524,
,,0.83284706,0.14119554,
,,0.9931651,0.10134002,
,,0.9549013,0.5231378,
,,0.51314557,0.36824867,
,,0.9822838,0.7730928,
,,0.09624764,0.3784884,
,,0.7993793,0.29110214,
,,0.7722501,0.3927216,
,,0.13465352,0.022412473,
,,0.75228393,0.77785647,
,,0.17301758,0.032659285,
,,0.9798591,0.60621125,
,,0.98468024,0.053344626,
,,0.7809157,0.037893493,
,,0.07647942,0.04479576,
,,0.6820408,0.06646683,
,,0.9064133,0.14171308,
,,0.41287607,0.12373703,
,,0.97945887,0.279435,
,,0.8687003,0.18984887,
,,0.90489465,0.27397358,
,,0.98580754,0.2649837,
,,0.5622755,0.45990336,
,,0.067026064,0.006988512,
,,0.5833445,0.16584046,
,,0.96887344,0.005222761,
,,0.05988311,0.48599398,
,,0.68049604,0.5850326,
,,0.6261575,0.7797272,
,,0.9955571,0.022658955,
,,0.10551883,0.73006433,
,,0.7190979,0.11545361,
,,0.109593935,0.27163094,
,,0.45902622,0.970532,
,,0.19079752,0.6995914,
,,0.91061944,0.29785103,
,,0.04094015,0.017946541,
,,0.09809541,0.14015536,
,,0.051385008,0.0031747336,
,,0.8850415,0.24579254,
,,0.6756147,0.090855844,
,,0.9028467,0.21925761,
,,0.09608082,0.08592983,
,,0.99521047,0.022113372,
,,0.02730533,0.21235943,
,,0.7386182,0.44047248,
,,0.49381423,0.04843801,
,,0.6294154,0.041437216,
,,0.029635893,0.960353,
,,0.9822741,0.12663321,
,,0.88820183,0.11637224,
,,0.02571615,0.09821296,
,,0.082231395,0.07966829,
,,0.006652248,0.11554884,
,,0.709097,0.48305175,
,,0.9938315,0.18120831,
,,0.977395,0.47759318,
,,0.9817676,0.24006173,
,,0.9245909,0.24520297,
,,0.89740866,0.4762051,
,,0.9448782,0.021516979,
,,0.8458851,0.3766005,
,,0.076699354,0.16390018,
,,0.5055022,0.6432993,
,,0.06076899,0.40373126,
,,0.09117815,0.2845826,
,,0.3112456,0.31359667,
,,0.062157124,0.043488465,
,,0.07299698,0.81822914,
,,0.9338507,0.7112794,
,,0.68750554,0.06601733,
,,0.48800752,0.17914991,
,,0.87570095,0.032270044,
,,0.15729246,0.6324248,
,,0.8886872,0.28484946,
,,0.9222725,0.93190855,
,,0.19165662,0.29286063,
,,0.98710155,0.04312502,
,,0.12245362,0.5770001,
,,0.9629647,0.08562068,
,,0.26505876,0.1013191,
,,0.1170263,0.5329273,
,,0.9938315,0.25932896,
,,0.994371,0.0260623,
,,0.9402919,0.296231,
,,0.008694522,0.039018806,
,,0.93270016,0.042017408,
,,0.043150667,0.16724174,
,,0.37602383,0.3790693,
,,0.17672724,0.016030481,
,,0.027513597,0.26505005,
,,0.84519845,0.22851728,
,,0.8093744,0.31021956,
,,0.956868,0.3566401,
,,0.005353433,0.19886301,
,,0.9664528,0.19536212,
,,0.14303514,0.9955038,
,,0.7295209,0.015280019,
,,0.9700474,0.52201146,
,,0.31361243,0.30912247,
,,0.9962633,0.6105308,
,,0.96246374,0.18982491,
,,0.033625156,0.23619336,
,,0.06569542,0.26611888,
,,0.06457988,0.6725406,
,,0.9775514,0.5590225,
,,0.9514697,0.0067482716,
,,0.8363476,0.27483776,
,,0.9571034,0.029227491,
,,0.40466613,0.072598495,
,,0.0046931505,0.0107184965,
,,0.04614222,0.9242789,
,,0.9462702,0.081478,
,,0.6902155,0.070698164,
,,0.10650169,0.20111336,
,,0.94335175,0.1495122,
,,0.17560007,0.23029761,
,,0.7672084,0.6978739,
,,0.9400339,0.586211,
,,0.98466563,0.039807074,
,,0.11241231,0.09749365,
,,0.99373925,0.16572097,
,,0.88096255,0.13282469,
,,0.9909801,0.1354833,
,,0.7906019,0.05358896,
,,0.036660332,0.35717672,
,,0.009079506,0.45807144,
,,0.9011064,0.7857976,
,,0.88299716,0.42409548,
,,0.06583646,0.118431374,
,,0.85988104,0.49483863,
,,0.51451427,0.46638784,
,,0.32452703,0.18529001,
,,0.23122336,0.5742445,
,,0.4142946,0.12859806,
,,0.57682675,0.30128074,
,,0.07881113,0.8651598,
,,0.1605851,0.38759965,
,,0.5736825,0.018706957,
,,0.01800135,0.21905103,
,,0.73582566,0.16065356,
,,0.26749027,0.8253451,
,,0.38101518,0.06337298,
,,0.9810431,0.41456047,
,,0.65919816,0.04666808,
,,0.3459911,0.077710785,
,,0.039738607,0.050407942,
,,0.78841084,0.103320144,
,,0.98734134,0.4029398,
,,0.9929153,0.08139258,
,,0.7823177,0.8695016,
,,0.52693784,0.106383294,
,,0.038713448,0.07942448,
,,0.28874642,0.52492625,
,,0.19230916,0.16335638,
,,0.17950636,0.0085583385,
,,0.31922144,0.09336498,
,,0.019467855,0.008942078,
,,0.81071436,0.48380294,
,,0.18874273,0.25046995,
,,0.3759489,0.9665161,
,,0.06154383,0.6084291,
,,0.10111696,0.03717321,
,,0.17337872,0.007921299,
,,0.06614762,0.06947109,
,,0.050662164,0.17650996,
,,0.13310848,0.20594455,
,,0.01879947,0.7548559,
,,0.40424088,0.30711716,
,,0.1746967,0.053242683,
,,0.79615325,0.8055463,
,,0.027252736,0.020064063,
,,0.49439654,0.062835194,
,,0.2794754,0.08942738,
,,0.5890571,0.13491549,
,,0.052295085,0.18518378,
,,0.98916185,0.040631246,
,,0.6542629,0.2017974,
,,0.30203772,0.082705565,
,,0.029950209,0.7333763,
,,0.013463031,0.030381233,
,,0.96555984,0.038502235,
,,0.6348448,0.40387186,
,,0.77633137,0.037447385,
,,0.30962595,0.58742815,
,,0.93862206,0.12741064,
,,0.9178769,0.109011754,
,,0.018145697,0.47209653,
,,0.31138495,0.33651444,
,,0.27386397,0.18257971,
,,0.022995356,0.0578766,
,,0.2746733,0.1264686,
,,0.4794561,0.1804995,
,,0.77725494,0.0761123,
,,0.7712893,0.7381283,
,,0.7735823,0.5849972,
,,0.90044415,0.054289278,
,,0.9965995,0.8982331,
,,0.094701,0.07055349,
,,0.24232626,0.09612852,
,,0.07731136,0.15512268,
,,0.012733212,0.18393593,
,,0.31285256,0.0012065442,
,,0.7656445,0.8141626,
,,0.07392223,0.056748763,
,,0.8574756,0.027033446,
,,0.9950335,0.2887173,
,,0.04900801,0.6283832,
,,0.46848646,0.3417139,
,,0.98374176,0.013391336,
,,0.7338597,0.20429644,
,,0.9730146,0.78372425,
,,0.9443358,0.25715965,
,,0.8985203,0.08331743,
,,0.9809106,0.49952868,
,,0.8988357,0.058937185,
,,0.8921534,0.40827963,
,,0.9476299,0.044755694,
,,0.85186857,0.0023622354,
,,0.837519,0.08659392,
,,0.8241894,0.27615967,
,,0.022218589,0.06593671,
,,0.9138632,0.2502297,
,,0.51769024,0.09627965,
,,0.027017917,0.03941698,
,,0.13043998,0.828758,
,,0.6336782,0.016066736,
,,0.9545381,0.20743155,
,,0.9679473,0.201848,
,,0.93456846,0.7257635,
,,0.061968666,0.41347802,
,,0.45713997,0.087216444,
,,0.9741072,0.41195866,
,,0.9751506,0.99891114,
,,0.9078183,0.06723424,
,,0.9858024,0.07002683,
,,0.95340466,0.1373249,
,,0.09455596,0.37855548,
,,0.15533304,0.43532524,
,,0.08797464,0.544906,
,,0.94947886,0.16145913,
,,0.06464341,0.022775818,
,,0.9878256,0.365901,
,,0.13860373,0.09345473,
,,0.19775073,0.04321873,
,,0.9652097,0.17265026,
,,0.87445,0.21620859,
,,0.9833008,0.6674211,
,,0.065070234,0.7364041,
,,0.25780517,0.23968197,
,,0.8097889,0.028032362,
,,0.9188446,0.057348244,
,,0.07567012,0.49488044,
,,0.06662043,0.06404595,
,,0.122966334,0.34842598,
,,0.9438769,0.0142277265,
,,0.7313309,0.4033829,
,,0.02220023,0.3451677,
,,0.024645356,0.047664434,
,,0.78841084,0.13904881,
,,0.2460643,0.40535292,
,,0.037210613,0.82649696,
,,0.21175268,0.07110088,
,,0.07050136,0.02989204,
,,0.98041785,0.1397959,
,,0.8153305,0.89549935,
,,0.9423298,0.76297027,
,,0.35922155,0.052748878,
,,0.057403088,0.29096106,
,,0.028925784,0.11166178,
,,0.9649818,0.5047563,
,,0.21346562,0.17296447,
,,0.5931707,0.026458548,
,,0.15822002,0.6577683,
,,0.69743955,0.058386903,
,,0.014379206,0.38706648,
,,0.5596849,0.4144179,
,,0.9891425,0.5565097,
,,0.038410198,0.18674265,
,,0.98781335,0.62715656,
,,0.935856,0.33682674,
,,0.9023967,0.12707132,
,,0.02671395,0.6251679,
,,0.12108219,0.06258961,
,,0.98162985,0.04141834,
,,0.009792213,0.886098,
,,0.0116671715,0.15088451,
,,0.69611293,0.021582797,
,,0.9948441,0.06801279,
,,0.72975576,0.42467985,
,,0.8862341,0.3185106,
,,0.8541619,0.16683787,
,,0.9735752,0.8302357,
,,0.43667132,0.71394855,
,,0.31162238,0.63581944,
,,0.044478513,0.19666553,
,,0.66996366,0.0587194,
,,0.40417272,0.06902925,
,,0.039131623,0.06037561,
,,0.037899163,0.1279509,
,,0.5421358,0.4368179,
,,0.8396462,0.33425087,
,,0.23908912,0.09304313,
,,0.8867732,0.6442529,
,,0.8734039,0.7487578,
,,0.15336432,0.6235455,
,,0.178257,0.5379269,
,,0.36773115,0.5591698,
,,0.01611418,0.110001236,
,,0.02583114,0.017892193,
,,0.049891867,0.24064438,
,,0.051980145,0.1622061,
,,0.98872745,0.5878988,
,,0.48909926,0.014529452,
,,0.19692774,0.107659355,
,,0.15608536,0.1304724,
,,0.010664347,0.9537888,
,,0.9580794,0.3854386,
,,0.5828933,0.11427446,
,,0.78841084,0.11785051,
,,0.058069527,0.42050004,
,,0.09707416,0.09874428,
,,0.05108573,0.20298016,
,,0.9471054,0.26313427,
,,0.034969307,0.17218886,
,,0.01878741,0.0023766488,
,,0.14366649,0.25507683,
,,0.28983307,0.2215472,
,,0.019346232,0.30437586,
,,0.2691961,0.07736481,
,,0.0055268086,0.5673363,
,,0.10918112,0.12152354,
,,0.72647727,0.107194,
,,0.5848754,0.0019551276,
,,0.06534237,0.1577396,
,,0.19620599,0.11992807,
,,0.01371163,0.28771764,
,,0.045542654,0.22405556,
,,0.55031496,0.6766431,
,,0.1693778,0.7155784,
,,0.060442634,0.598297,
,,0.08439826,0.31994715,
,,0.024401734,0.24577269,
,,0.46403974,0.28258204,
,,0.031232389,0.022782004,
,,0.47240326,0.09316736,
,,0.026138924,0.021103922,
,,0.91655785,0.15481716,
,,0.9123541,0.06858906,
,,0.29690167,0.043998156,
,,0.38280213,0.11552226,
,,0.4917184,0.03534996,
,,0.839844,0.0086065605,
,,0.08325425,0.75369984,
,,0.34944862,0.0076950993,
,,0.7810694,0.16649282,
,,0.033692956,0.5197341,
,,0.9516015,0.02056734,
,,0.9662162,0.20695369,
,,0.056848466,0.027760718,
,,0.758001,0.2686207,
,,0.074600324,0.124077134,
,,0.6352205,0.41690814,
,,0.21880935,0.0487188,
,,0.9415834,0.7172803,
,,0.9585701,0.38820997,
,,0.016364057,0.104772866,
,,0.8312797,0.009600569,
,,0.10913868,0.8444127,
,,0.27126786,0.79404074,
,,0.021329291,0.002330344,
,,0.9870689,0.8989027,
,,0.65294474,0.056750868,
,,0.6464398,0.48201174,
,,0.8274713,0.19721177,
,,0.0035795358,0.1242055,
,,0.26666382,0.5901456,
,,0.85487956,0.31979436,
,,0.012939656,0.24589315,
,,0.14855157,0.5516721,
,,0.18974371,0.9967218,
,,0.6397973,0.17216818,
,,0.22227196,0.20819078,
,,0.1976961,0.046204403,
,,0.95955527,0.7881537,
,,0.18623416,0.031967655,
,,0.075007275,0.24713032,
,,0.5976617,0.095854305,
,,0.035903294,0.15254968,
,,0.48523295,0.1317841,
,,0.048648924,0.7572248,
,,0.17974499,0.7889785,
,,0.37725723,0.023987452,
,,0.54735184,0.06283834,
,,0.4331522,0.15826494,
,,0.92325234,0.2363722,
,,0.50510883,0.1575514,
,,0.23273489,0.623668,
,,0.10594199,0.44953373,
,,0.9312744,0.10776444,
,,0.80927455,0.18655097,
,,0.13199952,0.013122147,
,,0.03056353,0.178367,
,,0.9179307,0.12911727,
,,0.8935292,0.6936196,
,,0.010898301,0.004325524,
,,0.10402187,0.7138919,
,,0.51150125,0.75304127,
,,0.97212833,0.10134429,
,,0.8320856,0.6806515,
,,0.09682922,0.006029235,
,,0.31674078,0.030667033,
,,0.78841084,0.38557738,
,,0.1515768,0.2612444,
,,0.90697634,0.16559686,
,,0.0995589,0.04991966,
,,0.96076703,0.29880995,
,,0.019709116,0.08420422,
,,0.98460823,0.75921506,
,,0.20382637,0.06606005,
,,0.9626223,0.4504873,
,,0.9826927,0.51914954,
,,0.816219,0.33445495,
,,0.6303026,0.54371566,
,,0.63982797,0.15877068,
,,0.24269682,0.16105616,
,,0.381296,0.082920745,
,,0.20326279,0.0038536882,
,,0.823249,0.77148867,
,,0.9494023,0.10452165,
,,0.11488546,0.30377108,
,,0.9788047,0.1418256,
,,0.08891958,0.8075142,
,,0.80298096,0.76519334,
,,0.9698574,0.0051396703,
,,0.11613907,0.35876718,
,,0.34156954,0.46656346,
,,0.4485451,0.58095866,
,,0.974068,0.23681754,
,,0.2377361,0.08168786,
,,0.01924299,0.53043705,
,,0.9870689,0.21083117,
,,0.9630694,0.08122412,
,,0.73752576,0.22118919,
,,0.01573465,0.22155114,
,,0.7500217,0.11582073,
,,0.9700474,0.48634836,
,,0.067076966,0.14089988,
,,0.8710332,0.29143167,
,,0.78479457,0.09238899,
,,0.013515183,0.026620552,
,,0.9625085,0.019298771,
,,0.8477648,0.031661995,
,,0.047046944,0.1920964,
,,0.3304507,0.07145685,
,,0.9259545,0.13381605,
,,0.09726589,0.5294599,
,,0.6997697,0.10757559,
,,0.022725321,0.1920964,
,,0.982488,0.0032938267,
,,0.3477558,0.11652221,
,,0.5368525,0.08762888,
,,0.05845121,0.076905325,
,,0.7464803,0.009318653,
,,0.25407672,0.00399576,
,,0.9827277,0.09826005,
,,0.05510813,0.7613901,
,,0.059751883,0.5314176,
,,0.12473223,0.059507508,
,,0.9026341,0.1915937,
,,0.029138915,0.0110930335,
,,0.88437235,0.458183,
,,0.043958113,0.068067096,
,,0.98508966,0.028949704,
,,0.07384114,0.23211691,
,,0.7824899,0.9988222,
,,0.7238119,0.50400746,
,,0.66345906,0.11239848,
,,0.06660665,0.20223641,
,,0.8976922,0.1308942,
,,0.8805266,0.6076657,
,,0.01997438,0.088633105,
,,0.9426692,0.87423235,
,,0.21460572,0.007634214,
,,0.9078023,0.0026351102,
,,0.99555945,0.037302006,
,,0.98832244,0.07046991,
,,0.97518843,0.5094038,
,,0.96601796,0.062390942,
,,0.92101747,0.36260676,
,,0.90779877,0.07523727,
,,0.94376343,0.08441425,
,,0.79303914,0.25243762,
,,0.27560776,0.12679574,
,,0.2363047,0.80545235,
,,0.491214,0.06490525,
,,0.63414836,0.4428721,
,,0.048192877,0.2978985,
,,0.011849223,0.488366,
,,0.9239867,0.12690143,
,,0.3311447,0.14263946,
,,0.44370553,0.2720449,
,,0.5224593,0.10249298,
,,0.22565444,0.55680645,
,,0.08766589,0.6619754,
,,0.9108969,0.07888694,
,,0.02217774,0.9539903,
,,0.9521879,0.013344968,
,,0.6525634,0.48853293,
,,0.9855832,0.3736369,
,,0.039480604,0.20230494,
,,0.0062776464,0.10088794,
,,0.99555945,0.19775945,
,,0.996806,0.59219366,
,,0.74565727,0.08876143,
,,0.020079494,0.24943337,
,,0.9614649,0.32445854,
,,0.037901398,0.537817,
,,0.122966334,0.022303594,
,,0.3987855,0.09342997,
,,0.03634401,0.095002316,
,,0.64270514,0.15577465,
,,0.5411838,0.42787206,
,,0.89795226,0.22081353,
,,0.47961804,0.06861806,
,,0.98041785,0.0043643815,
,,0.21745427,0.34571433,
,,0.74105644,0.22559886,
,,0.9383663,0.23479317,
,,0.5311473,0.35146585,
,,0.99449426,0.003463626,
,,0.995777,0.06540269,
,,0.9803995,0.5121894,
,,0.17270651,0.044627294,
,,0.008425489,0.45245954,
,,0.99217844,0.16672866,
,,0.958386,0.3014683,
,,0.9465726,0.12351688,
,,0.9484813,0.84111845,
,,0.6392388,0.538639,
,,0.0073129963,0.7672366,
,,0.06210022,0.06904199,
,,0.9513512,0.085627675,
,,0.02465998,0.06382543,
,,0.26211223,0.08447017,
,,0.983519,0.11697418,
,,0.22556102,0.19838814,
,,0.62381977,0.053753898,
,,0.96628064,0.7903268,
,,0.9730812,0.662222,
,,0.013969661,0.49742788,
,,0.98753244,0.011098889,
,,0.8070838,0.10212633,
,,0.9901682,0.027286373,
,,0.78248364,0.86680233,
,,0.12266468,0.1441731,
,,0.20432484,0.056151506,
,,0.009695209,0.5566165,
,,0.96345156,0.056055866,
,,0.26575848,0.11806802,
,,0.12758957,0.04631758,
,,0.07783302,0.00908546,
,,0.46286872,0.6021284,
,,0.6474423,0.036937185,
,,0.17021005,0.700513,
,,0.3146912,0.11669229,
,,0.06268827,0.9073587,
,,0.17456414,0.6349444,
,,0.24487756,0.11566424,
,,0.027966348,0.10011479,
,,0.9006175,0.04412918,
,,0.19021268,0.93322504,
,,0.15461573,0.8178021,
,,0.914565,0.19004296,
,,0.7268858,0.095059626,
,,0.792213,0.44867584,
,,0.11058978,0.9810774,
,,0.8962126,0.98358595,
,,0.98657286,0.27368793,
,,0.9831738,0.3215337,
,,0.82597536,0.34212822,
,,0.48231223,0.08777694,
,,0.51796377,0.51438516,
,,0.15328696,0.057366412,
,,0.22570257,0.1310451,
,,0.26424077,0.016704168,
,,0.08392242,0.064307444,
,,0.023233721,0.34157443,
,,0.09110622,0.43336082,
,,0.1747809,0.03246792,
,,0.005568108,0.0064225015,
,,0.08170168,0.31716827,
,,0.14553139,0.11061101,
,,0.22629024,0.006168183,
,,0.022399897,0.10134053,
,,0.9300693,0.31200093,
,,0.0057384702,0.2513741,
,,0.40154588,0.14969194,
,,0.027821353,0.09010935,
,,0.14011367,0.15196243,
,,0.88469154,0.22451676,
,,0.05783899,0.005266437,
,,0.27440313,0.38920784,
,,0.2872137,0.22084679,
,,0.9211246,0.9752702,
,,0.49867186,0.050247703,
,,0.9901518,0.018319083,
,,0.004950374,0.6636214,
,,0.47629687,0.05781148,
,,0.4865086,0.23057555,
,,0.022984779,0.75344515,
,,0.96593463,0.6852261,
,,0.022646027,0.34273714,
,,0.988059,0.3019612,
,,0.009947026,0.49823338,
,,0.9708557,0.016167976,
,,0.96451145,0.48886618,
,,0.94405174,0.19971783,
,,0.8118728,0.20214662,
,,0.036388367,0.13523424,
,,0.0254236,0.0701161,
,,0.014974773,0.3515525,
,,0.3643024,0.8915683,
,,0.7611533,0.46512648,
,,0.7389883,0.5408543,
,,0.91070515,0.10109184,
,,0.9914733,0.009002583,
,,0.9956851,0.5248849,
,,0.13385218,0.30272022,
,,0.03316597,0.06035789,
,,0.09354617,0.02655352,
,,0.69537985,0.62793314,
,,0.2727903,0.35855025,
,,0.9407809,0.057802677,
,,0.05168786,0.43007824,
,,0.03354591,0.24082173,
,,0.9302129,0.3179348,
,,0.16207191,0.096332006,
,,0.4194501,0.03244194,
,,0.9753737,0.0047366293,
,,0.70932573,0.025604034,
,,0.9804083,0.035429686,
,,0.6726887,0.9559217,
,,0.9911568,0.030116338,
,,0.9232188,0.026043838,
,,0.87711203,0.01405108,
,,0.93611133,0.068241276,
,,0.97309375,0.016688049,
,,0.8693986,0.2839871,
,,0.8701155,0.0028646137,
,,0.82229847,0.7744443,
,,0.026397195,0.124562874,
,,0.98132175,0.2719416,
,,0.61447567,0.063338056,
,,0.0023552869,0.14567375,
,,0.87687135,0.14350712,
,,0.57992893,0.38949144,
,,0.95943636,0.14816435,
,,0.66810083,0.9997866,
,,0.9779233,0.21907905,
,,0.02698845,0.7873591,
,,0.5804621,0.4849091,
,,0.97693425,0.01271439,
,,0.9894761,0.21526633,
,,0.94945836,0.25485212,
,,0.9774464,0.4921091,
,,0.8922641,0.70233685,
,,0.16729419,0.3701158,
,,0.073582485,0.0020839525,
,,0.020791437,0.6524058,
,,0.8906281,0.025641365,
,,0.63314366,0.028145134,
,,0.97802335,0.48796418,
,,0.28068408,0.07933596,
,,0.9047666,0.18863529,
,,0.9655533,0.34058326,
,,0.9730483,0.036238115,
,,0.99448943,0.72730213,
,,0.00927234,0.08402403,
,,0.013125007,0.04697646,
,,0.7943867,0.36005464,
,,0.94465554,0.19354996,
,,0.292939,0.23239745,
,,0.77158,0.564121,
,,0.47070563,0.035886683,
,,0.8926665,0.0018574471,
,,0.95732313,0.05570541,
,,0.046145767,0.022981131,
,,0.02364022,0.07494558,
,,0.8962126,0.9949794,
,,0.21905245,0.05324553,
,,0.14262392,0.76170665,
,,0.01070113,0.10976604,
,,0.77168715,0.27084938,
,,0.9131726,0.12674293,
,,0.9216373,0.3258028,
,,0.9816144,0.025181029,
,,0.012510819,0.45280957,
,,0.016341982,0.5016945,
,,0.30832013,0.083214656,
,,0.97520477,0.7513839,
,,0.014973233,0.502403,
,,0.004824579,0.19738366,
,,0.8991843,,
,,0.3599984,,
,,0.061627384,,
,,0.05359292,,
,,0.99607074,,
,,0.17630559,,
,,0.98809135,,
,,0.9292411,,
,,0.9424426,,
,,0.2882456,,
,,0.2038263,,
,,0.98954123,,
,,0.00763471,,
,,0.119730525,,
,,0.3154113,,
,,0.98929226,,
,,0.06259229,,
,,0.22027583,,
,,0.94851404,,
,,0.96433187,,
,,0.62057066,,
,,0.04796948,,
,,0.04280107,,
,,0.41364604,,
,,0.4980424,,
,,0.014229213,,
,,0.2073022,,
,,0.1605522,,
,,0.82551444,,
,,0.018370906,,
,,0.93288654,,
,,0.005583506,,
,,0.024353134,,
,,0.8308155,,
,,0.70101184,,
,,0.22764917,,
,,0.0024723774,,
,,0.03717237,,
,,0.047550593,,
,,0.9903149,,
,,0.9393563,,
,,0.3829208,,
,,0.030184736,,
,,0.29375514,,
,,0.98431164,,
,,0.26022923,,
,,0.8962126,,
,,0.1789667,,
,,0.11141509,,
,,0.07690838,,
,,0.9869403,,
,,0.9890694,,
,,0.011162094,,
,,0.005019197,,
,,0.01358137,,
,,0.020875799,,
,,0.04511406,,
,,0.667644,,
,,0.07914582,,
,,0.8857759,,
,,0.41689077,,
,,0.1587352,,
,,0.53050566,,
,,0.34846938,,
,,0.014133292,,
,,0.7225208,,
,,0.021933375,,
,,0.014916211,,
,,0.035182875,,
,,0.46669108,,
,,0.25592777,,
,,0.7873854,,
,,0.036209296,,
,,0.053780783,,
,,0.069911584,,
,,0.8938619,,
,,0.28365105,,
,,0.7744212,,
,,0.7541383,,
,,0.8137828,,
,,0.9886007,,
,,0.20414129,,
,,0.8988903,,
,,0.52995634,,
,,0.9582533,,
,,0.98902696,,
,,0.028048802,,
,,0.7225164,,
,,0.0076949187,,
,,0.0066587552,,
,,0.009381863,,
,,0.9170066,,
,,0.97381556,,
,,0.27493668,,
,,0.8091632,,
,,0.031839345,,
,,0.016031547,,
,,0.01719641,,
,,0.9877274,,
,,0.7818028,,
,,0.83476084,,
,,0.6328227,,
,,0.44037324,,
,,0.060847722,,
,,0.43891636,,
,,0.045621786,,
,,0.051730894,,
,,0.18658932,,
,,0.014823819,,
,,0.80229294,,
,,0.6152928,,
,,0.91663307,,
,,0.058457818,,
,,0.12750584,,
,,0.84086865,,
,,0.010157641,,
,,0.41637322,,
,,0.12240565,,
,,0.9238291,,
,,0.8894731,,
,,0.15348388,,
,,0.06165142,,
,,0.867581,,
,,0.4903491,,
,,0.030429466,,
,,0.04510183,,
,,0.97175115,,
,,0.61836475,,
,,0.16013949,,
,,0.8628845,,
,,0.91342086,,
,,0.02344876,,
,,0.037871197,,
,,0.020336414,,
,,0.006752709,,
,,0.99537486,,
,,0.9749673,,
,,0.8254215,,
,,0.3160067,,
,,0.8962126,,
,,0.005434616,,
,,0.31153536,,
,,0.018808307,,
,,0.9857421,,
,,0.034226667,,
,,0.9892735,,
,,0.268719,,
,,0.9927973,,
,,0.97623706,,
,,0.77659196,,
,,0.13515481,,
,,0.8582495,,
,,0.025956614,,
,,0.063751176,,
,,0.08747584,,
,,0.842615,,
,,0.97452515,,
,,0.23245953,,
,,0.9909395,,
,,0.011980787,,
,,0.21195588,,
,,0.9848106,,
,,0.0802073,,
,,0.9718454,,
,,0.903062,,
,,0.115259595,,
,,0.0068391673,,
,,0.70696944,,
,,0.98486185,,
,,0.9729178,,
,,0.28132188,,
,,0.12715477,,
,,0.77946395,,
,,0.9383663,,
,,0.6703274,,
,,0.88623905,,
,,0.9251987,,
,,0.9590219,,
,,0.977462,,
,,0.92881453,,
,,0.0457822,,
,,0.5652357,,
,,0.96871734,,
,,0.62841177,,
,,0.99022734,,
,,0.056918856,,
,,0.9917229,,
,,0.09461284,,
,,0.467841,,
,,0.010882318,,
,,0.7979457,,
,,0.0060298974,,
,,0.9887433,,
,,0.88313854,,
,,0.079478234,,
,,0.07383341,,
,,0.93615,,
,,0.066106044,,
,,0.86299115,,
,,0.25572938,,
,,0.9938578,,
,,0.084379435,,
,,0.8643013,,
,,0.66788775,,
,,0.47599497,,
,,0.03257727,,
,,0.9242075,,
,,0.95771825,,
,,0.24070351,,
,,0.912802,,
,,0.07114154,,
,,0.7306016,,
,,0.99320567,,
,,0.9909752,,
,,0.98474544,,
,,0.9580883,,
,,0.9530634,,
,,0.8427153,,
,,0.923308,,
,,0.24851052,,
,,0.580802,,
,,0.045087352,,
,,0.011841079,,
,,0.77953947,,
,,0.04489318,,
,,0.0275619,,
,,0.9123325,,
,,0.5163982,,
,,0.47335747,,
,,0.92050076,,
,,0.47057354,,
,,0.00967155,,
,,0.14377764,,
,,0.033792134,,
,,0.9906493,,
,,0.12409539,,
,,0.958593,,
,,0.24436931,,
,,0.006781676,,
,,0.99320567,,
,,0.9935562,,
,,0.8345699,,
,,0.054552786,,
,,0.9689116,,
,,0.03333549,,
,,0.47070563,,
,,0.046773918,,
,,0.022366052,,
,,0.9662955,,
,,0.8811267,,
,,0.9332909,,
,,0.014538886,,
,,0.9131726,,
,,0.09390846,,
,,0.70912015,,
,,0.98367625,,
,,0.8564473,,
,,0.99469155,,
,,0.98194677,,
,,0.6338255,,
,,0.046210844,,
,,0.011267487,,
,,0.9768729,,
,,0.96265197,,
,,0.98914844,,
,,0.9649556,,
,,0.016939972,,
,,0.15832879,,
,,0.2812683,,
,,0.98328996,,
,,0.3315706,,
,,0.02650088,,
,,0.9804081,,
,,0.27649358,,
,,0.67531043,,
,,0.97327167,,
,,0.98183894,,
,,0.059315376,,
,,0.9950041,,
,,0.9707554,,
,,0.9926984,,
,,0.84145254,,
,,0.08153807,,
,,0.12105803,,
,,0.0052979207,,
,,0.6393381,,
,,0.6366835,,
,,0.070836864,,
,,0.0073978407,,
,,0.033607736,,
,,0.004723971,,
,,0.4134897,,
,,0.5588373,,
,,0.03209896,,
,,0.9159714,,
,,0.010256068,,
,,0.70511353,,
,,0.03177477,,
,,0.019227998,,
,,0.29243532,,
,,0.97625184,,
,,0.6472196,,
,,0.045328237,,
,,0.25793293,,
,,0.80150306,,
,,0.9539498,,
,,0.98453957,,
,,0.18883234,,
,,0.75737625,,
,,0.09515683,,
,,0.68158525,,
,,0.1071262,,
,,0.024211897,,
,,0.16290757,,
,,0.0259311,,
,,0.92346174,,
,,0.716252,,
,,0.92501277,,
,,0.47595197,,
,,0.03750283,,
,,0.0036571298,,
,,0.026285196,,
,,0.2822172,,
,,0.27503902,,
,,0.024110736,,
,,0.2742794,,
,,0.27923986,,
,,0.73045415,,
,,0.028927157,,
,,0.7269035,,
,,0.95067513,,
,,0.8840153,,
,,0.015990237,,
,,0.9926214,,
,,0.0219113,,
,,0.2648854,,
,,0.21598399,,
,,0.0141678825,,
,,0.9682947,,
,,0.05575723,,
,,0.4977092,,
,,0.47161052,,
,,0.9438317,,
,,0.9509299,,
,,0.025669986,,
,,0.3582201,,
,,0.10062436,,
,,0.07876981,,
,,0.48118433,,
,,0.4484862,,
,,0.90659046,,
,,0.9237024,,
,,0.9758951,,
,,0.9940154,,
,,0.9937634,,
,,0.52826226,,
,,0.38037556,,
,,0.010424756,,
,,0.108973056,,
,,0.13466866,,
,,0.5968081,,
,,0.12128435,,
,,0.050371684,,
,,0.9911742,,
,,0.012012487,,
,,0.085906066,,
,,0.9732012,,
,,0.9374774,,
,,0.9836622,,
,,0.9826127,,
,,0.9525963,,
,,0.9935226,,
,,0.9485802,,
,,0.9438644,,
,,0.96192515,,
,,0.9069476,,
,,0.8342277,,
,,0.9557306,,
,,0.021750936,,
,,0.95090413,,
,,0.86913276,,
,,0.317617,,
,,0.06288809,,
,,0.27750027,,
,,0.852529,,
,,0.759118,,
,,0.9607918,,
,,0.9496545,,
,,0.6077198,,
,,0.98118263,,
,,0.98061407,,
,,0.95098627,,
,,0.98225844,,
,,0.9740339,,
,,0.95178485,,
,,0.08408172,,
,,0.013015136,,
,,0.94581836,,
,,0.07770076,,
,,0.9799548,,
,,0.064869314,,
,,0.23973529,,
,,0.99199486,,
,,0.9521812,,
,,0.99479204,,
,,0.022596834,,
,,0.9561396,,
,,0.87122,,
,,0.93522966,,
,,0.33426288,,
,,0.0022798402,,
,,0.03980304,,
,,0.9672558,,
,,0.9903776,,
,,0.33150905,,
,,0.17474027,,
,,0.80150306,,
,,0.055648856,,
,,0.3634359,,
,,0.6270417,,
,,0.8533857,,
,,0.98780036,,
,,0.94545543,,
,,0.8931699,,
,,0.14127539,,
,,0.064527646,,
,,0.0791891,,
,,0.9661274,,
,,0.82283443,,
,,0.005708605,,
,,0.11516855,,
,,0.13850585,,
,,0.056986228,,
,,0.50321025,,
,,0.95554245,,
,,0.10517644,,
,,0.99067897,,
,,0.9587738,,
,,0.7831348,,
,,0.17513765,,
,,0.17790191,,
,,0.99535745,,
,,0.034653164,,
,,0.022258325,,
,,0.022611815,,
,,0.99596345,,
,,0.10900311,,
,,0.9196102,,
,,0.9764455,,
,,0.94252676,,
,,0.14979026,,
,,0.028552648,,
,,0.82689625,,
,,0.803316,,
,,0.5348491,,
,,0.048004586,,
,,0.034996327,,
,,0.7038092,,
,,0.08024124,,
,,0.67083275,,
,,0.6688852,,
,,0.057786614,,
,,0.011666325,,
,,0.109466806,,
,,0.7941634,,
,,0.30531403,,
,,0.0055810683,,
,,0.9649491,,
,,0.94039065,,
,,0.9939814,,
,,0.80953497,,
,,0.2006379,,
,,0.080060266,,
,,0.03416111,,
,,0.9654238,,
,,0.13985768,,
,,0.80150306,,
,,0.025866838,,
,,0.041287385,,
,,0.694398,,
,,0.9785291,,
,,0.02761754,,
,,0.23691235,,
,,0.017536992,,
,,0.009755773,,
,,0.005749636,,
,,0.040472273,,
,,0.017880438,,
,,0.08074708,,
,,0.5953575,,
,,0.6202803,,
,,0.017545136,,
,,0.12664026,,
,,0.86761653,,
,,0.017761497,,
,,0.7631108,,
,,0.007479919,,
,,0.019203188,,
,,0.1412347,,
,,0.012123271,,
,,0.22966078,,
,,0.7004154,,
,,0.6284205,,
,,0.012854948,,
,,0.5228176,,
,,0.97745717,,
,,0.074652985,,
,,0.82837296,,
,,0.4603987,,
,,0.8161822,,
,,0.9744178,,
,,0.0076991585,,
,,0.8966013,,
,,0.26323715,,
,,0.97064173,,
,,0.9936399,,
,,0.12762767,,
,,0.9267816,,
,,0.015791362,,
,,0.05458932,,
,,0.09220358,,
,,0.8621636,,
,,0.9727965,,
,,0.07759467,,
,,0.91245604,,
,,0.41531867,,
,,0.19828595,,
,,0.2549594,,
,,0.99423754,,
,,0.90280807,,
,,0.7883589,,
,,0.9597226,,
,,0.8275065,,
,,0.111808605,,
,,0.16710687,,
,,0.08232708,,
,,0.004775823,,
,,0.7680048,,
,,0.017155021,,
,,0.018454546,,
,,0.027289335,,
,,0.88582706,,
,,0.025321208,,
,,0.14238174,,
,,0.8167245,,
,,0.0206667,,
,,0.7514643,,
,,0.88796717,,
,,0.8144539,,
,,0.9886801,,
,,0.27430826,,
,,0.014957697,,
,,0.8562899,,
,,0.22498064,,
,,0.15436243,,
,,0.56420654,,
,,0.92411155,,
,,0.9355234,,
,,0.17967363,,
,,0.019572243,,
,,0.14312267,,
,,0.01622999,,
,,0.009059304,,
,,0.6001472,,
,,0.064376175,,
,,0.98024875,,
,,0.8202653,,
,,0.0077080084,,
,,0.5210462,,
,,0.80150306,,
,,0.020622607,,
,,0.29890552,,
,,0.15772803,,
,,0.9193552,,
,,0.6969892,,
,,0.9865052,,
,,0.534236,,
,,0.9628945,,
,,0.99106836,,
,,0.98965305,,
,,0.86877686,,
,,0.52005255,,
,,0.30394694,,
,,0.5002589,,
,,0.22259438,,
,,0.80977875,,
,,0.9650683,,
,,0.07955025,,
,,0.9928953,,
,,0.7253423,,
,,0.081111856,,
,,0.9584173,,
,,0.21930993,,
,,0.34640127,,
,,0.92429405,,
,,0.013510791,,
,,0.093815744,,
,,0.8320564,,
,,0.9951243,,
,,0.9606157,,
,,0.86327225,,
,,0.27361336,,
,,0.88688904,,
,,0.98516095,,
,,0.39239764,,
,,0.8869299,,
,,0.7074386,,
,,0.04119632,,
,,0.9821936,,
,,0.7615859,,
,,0.1830906,,
,,0.3684012,,
,,0.9693635,,
,,0.11803251,,
,,0.90978163,,
,,0.0145938005,,
,,0.9911958,,
,,0.29864094,,
,,0.46369654,,
,,0.09319126,,
,,0.10795057,,
,,0.21849316,,
,,0.9842545,,
,,0.27636972,,
,,0.9461425,,
,,0.051984265,,
,,0.89626926,,
,,0.050956395,,
,,0.90001214,,
,,0.03421041,,
,,0.99467874,,
,,0.047820996,,
,,0.94766444,,
,,0.52954936,,
,,0.3998217,,
,,0.0733472,,
,,0.89584774,,
,,0.92330414,,
,,0.118843,,
,,0.010303149,,
,,0.19494347,,
,,0.9072071,,
,,0.99404776,,
,,0.9961175,,
,,0.98655856,,
,,0.98049736,,
,,0.9369776,,
,,0.97542065,,
,,0.9743438,,
,,0.16318746,,
,,0.387428,,
,,0.0076145055,,
,,0.081794016,,
,,0.66722405,,
,,0.04001724,,
,,0.013452211,,
,,0.8620836,,
,,0.34675977,,
,,0.0070303255,,
,,0.8374525,,
,,0.09949132,,
,,0.85712206,,
,,0.02993714,,
,,0.008902258,,
,,0.9904614,,
,,0.033446744,,
,,0.97417647,,
,,0.13430054,,
,,0.03135157,,
,,0.99404776,,
,,0.994447,,
,,0.9639789,,
,,0.3713915,,
,,0.9882631,,
,,0.056358922,,
,,0.03980304,,
,,0.18787949,,
,,0.4406376,,
,,0.8937706,,
,,0.5106172,,
,,0.89848363,,
,,0.0111971,,
,,0.98780036,,
,,0.07949833,,
,,0.661248,,
,,0.93099684,,
,,0.611859,,
,,0.99485826,,
,,0.9745292,,
,,0.036882903,,
,,0.04111443,,
,,0.94929904,,
,,0.99354976,,
,,0.6594657,,
,,0.95438546,,
,,0.9744255,,
,,0.2238876,,
,,0.1908521,,
,,0.1001451,,
,,0.96280247,,
,,0.11945499,,
,,0.23590961,,
,,0.9622593,,
,,0.09818649,,
,,0.60251766,,
,,0.9731901,,
,,0.97985935,,
,,0.8960788,,
,,0.9948037,,
,,0.92882246,,
,,0.99338806,,
,,0.8315135,,
,,0.6436509,,
,,0.3146089,,
,,0.79856616,,
,,0.91838485,,
,,0.021086441,,
,,0.23477793,,
,,0.018049214,,
,,0.9370798,,
,,0.8611991,,
,,0.25739476,,
,,0.13422847,,
,,0.13997388,,
,,0.013107712,,
,,0.90578747,,
,,0.47386006,,
,,0.033414427,,
,,0.15096416,,
,,0.082929626,,
,,0.9519733,,
,,0.7576353,,
,,0.42594647,,
,,0.769256,,
,,0.81697637,,
,,0.88565606,,
,,0.9843115,,
,,0.006353975,,
,,0.39334798,,
,,0.2560841,,
,,0.81120276,,
,,0.50950074,,
,,0.020772347,,
,,0.056877427,,
,,0.01663613,,
,,0.048119396,,
,,0.052288298,,
,,0.19684997,,
,,0.75406593,,
,,0.009509273,,
,,0.16786575,,
,,0.26167783,,
,,0.15571728,,
,,0.2642598,,
,,0.087371446,,
,,0.018615162,,
,,0.4222638,,
,,0.8648815,,
,,0.011627814,,
,,0.05852334,,
,,0.6964474,,
,,0.3569941,,
,,0.045313135,,
,,0.99097365,,
,,0.110625856,,
,,0.6940923,,
,,0.023932315,,
,,0.015547822,,
,,0.9722172,,
,,0.06765045,,
,,0.94440037,,
,,0.311806,,
,,0.7348962,,
,,0.97898304,,
,,0.024782397,,
,,0.014956518,,
,,0.57496274,,
,,0.062607445,,
,,0.15512192,,
,,0.1200883,,
,,0.95869267,,
,,0.8276499,,
,,0.7286021,,
,,0.98951495,,
,,0.99342644,,
,,0.18543524,,
,,0.1388229,,
,,0.81175965,,
,,0.26254463,,
,,0.048445035,,
,,0.6264993,,
,,0.09042149,,
,,0.008790432,,
,,0.9933448,,
,,0.56581813,,
,,0.06080381,,
,,0.97843367,,
,,0.8088753,,
,,0.94584036,,
,,0.93827957,,
,,0.95942765,,
,,0.9749483,,
,,0.90687436,,
,,0.9659213,,
,,0.98341376,,
,,0.9534357,,
,,0.57790166,,
,,0.89349586,,
,,0.009847192,,
,,0.9913112,,
,,0.9346043,,
,,0.12797159,,
,,0.025096787,,
,,0.73588634,,
,,0.715443,,
,,0.92113763,,
,,0.99250585,,
,,0.7716827,,
,,0.67692995,,
,,0.93756473,,
,,0.9925345,,
,,0.93811315,,
,,0.9533656,,
,,0.8613674,,
,,0.44013807,,
,,0.006737413,,
,,0.026889542,,
,,0.9092152,,
,,0.16264135,,
,,0.9772543,,
,,0.058803704,,
,,0.42418277,,
,,0.93215364,,
,,0.85293967,,
,,0.9937929,,
,,0.011168437,,
,,0.79286516,,
,,0.9775073,,
,,0.9708044,,
,,0.07535296,,
,,0.7824138,,
,,0.14023454,,
,,0.79598826,,
,,0.98472136,,
,,0.92384636,,
,,0.48989934,,
,,0.81697637,,
,,0.09188991,,
,,0.009449951,,
,,0.009108308,,
,,0.7709233,,
,,0.98946524,,
,,0.6779097,,
,,0.7173185,,
,,0.9165192,,
,,0.011821724,,
,,0.032327898,,
,,0.9682502,,
,,0.16108845,,
,,0.028736096,,
,,0.021757461,,
,,0.1649319,,
,,0.033017073,,
,,0.10919308,,
,,0.99165756,,
,,0.08029346,,
,,0.9935436,,
,,0.96946645,,
,,0.6233464,,
,,0.08106195,,
,,0.39623243,,
,,0.9931258,,
,,0.1248197,,
,,0.008405304,,
,,0.36871004,,
,,0.99305904,,
,,0.019638179,,
,,0.019929571,,
,,0.93651444,,
,,0.92432135,,
,,0.58421755,,
,,0.006554409,,
,,0.4520493,,
,,0.6273057,,
,,0.48783183,,
,,0.01705255,,
,,0.10424493,,
,,0.16241804,,
,,0.71467674,,
,,0.27270493,,
,,0.9382907,,
,,0.075345784,,
,,0.05493231,,
,,0.10571311,,
,,0.7720936,,
,,0.08538861,,
,,0.18235488,,
,,0.15420115,,
,,0.9285157,,
,,0.9948538,,
,,0.7738058,,
,,0.7732536,,
,,0.04669219,,
,,0.045787327,,
,,0.9814902,,
,,0.013131303,,
,,0.81697637,,
,,0.03856018,,
,,0.6235705,,
,,0.022623157,,
,,0.9850412,,
,,0.07048395,,
,,0.036672935,,
,,0.016682647,,
,,0.5260814,,
,,0.68862486,,
,,0.023525264,,
,,0.040830616,,
,,0.08227774,,
,,0.7703336,,
,,0.93747807,,
,,0.029324817,,
,,0.10740551,,
,,0.078083195,,
,,0.007374345,,
,,0.8503592,,
,,0.108467706,,
,,0.10516796,,
,,0.44894397,,
,,0.021083636,,
,,0.016571125,,
,,0.17824459,,
,,0.012702181,,
,,0.043930866,,
,,0.015001037,,
,,0.5825774,,
,,0.89902335,,
,,0.9338009,,
,,0.8592513,,
,,0.5386707,,
,,0.011940468,,
,,0.31476942,,
,,0.9675827,,
,,0.028039379,,
,,0.9307747,,
,,0.9937303,,
,,0.010775048,,
,,0.88355637,,
,,0.008254826,,
,,0.007388508,,
,,0.025789201,,
,,0.9072021,,
,,0.9792813,,
,,0.13037908,,
,,0.8709346,,
,,0.07023001,,
,,0.011009489,,
,,0.0061292993,,
,,0.9947818,,
,,0.6571594,,
,,0.69921505,,
,,0.5954986,,
,,0.0997716,,
,,0.17069843,,
,,0.3495183,,
,,0.2447286,,
,,0.5844027,,
,,0.0072971764,,
,,0.016741123,,
,,0.27782074,,
,,0.025750568,,
,,0.9433243,,
,,0.088808656,,
,,0.18824534,,
,,0.85988295,,
,,0.6828862,,
,,0.65036154,,
,,0.06184982,,
,,0.70983905,,
,,0.2803289,,
,,0.14391613,,
,,0.06270065,,
,,0.80909,,
,,0.26094612,,
,,0.07168486,,
,,0.45629394,,
,,0.9493328,,
,,0.94381565,,
,,0.080345474,,
,,0.03760654,,
,,0.2803692,,
,,0.034182496,,
,,0.0149192745,,
,,0.07120922,,
,,0.094919816,,
,,0.98320264,,
,,0.8420094,,
,,0.2404078,,
,,0.09671879,,
,,0.81697637,,
,,0.030299129,,
,,0.013773409,,
,,0.87463665,,
,,0.9706708,,
,,0.16841859,,
,,0.9853072,,
,,0.047394518,,
,,0.976117,,
,,0.9885811,,
,,0.95090705,,
,,0.00941556,,
,,0.7942801,,
,,0.9400954,,
,,0.24501465,,
,,0.061166737,,
,,0.8185986,,
,,0.9238657,,
,,0.009865312,,
,,0.99243754,,
,,0.043707192,,
,,0.42055067,,
,,0.93691903,,
,,0.64689624,,
,,0.7527618,,
,,0.7064248,,
,,0.0887646,,
,,0.002474028,,
,,0.053574517,,
,,0.9946684,,
,,0.9840013,,
,,0.62331015,,
,,0.35534707,,
,,0.9177912,,
,,0.93099684,,
,,0.94910353,,
,,0.71382785,,
,,0.7410376,,
,,0.34571055,,
,,0.96463734,,
,,0.72010976,,
,,0.009931686,,
,,0.6382586,,
,,0.9729657,,
,,0.08779934,,
,,0.9357138,,
,,0.35168144,,
,,0.9937257,,
,,0.21242596,,
,,0.7226063,,
,,0.010899617,,
,,0.61858994,,
,,0.0045122188,,
,,0.9786445,,
,,0.096966565,,
,,0.35305905,,
,,0.11881291,,
,,0.91903764,,
,,0.29881382,,
,,0.9255151,,
,,0.013223525,,
,,0.9945903,,
,,0.1546405,,
,,0.32172632,,
,,0.42224595,,
,,0.20696226,,
,,0.031757385,,
,,0.85798246,,
,,0.9706022,,
,,0.065760985,,
,,0.15268838,,
,,0.27053794,,
,,0.9275125,,
,,0.99536395,,
,,0.9948047,,
,,0.97463685,,
,,0.9695295,,
,,0.846106,,
,,0.9068073,,
,,0.8058746,,
,,0.43629903,,
,,0.26364625,,
,,0.03653022,,
,,0.61540115,,
,,0.8645582,,
,,0.013521186,,
,,0.10109668,,
,,0.9725814,,
,,0.010102559,,
,,0.021906417,,
,,0.9286894,,
,,0.2540473,,
,,0.029574137,,
,,0.0126478905,,
,,0.03855051,,
,,0.98363435,,
,,0.005991477,,
,,0.97482604,,
,,0.057168752,,
,,0.058234062,,
,,0.99536395,,
,,0.98385346,,
,,0.93633,,
,,0.98872805,,
,,0.984082,,
,,0.015973072,,
,,0.14023454,,
,,0.1513393,,
,,0.88802195,,
,,0.8412784,,
,,0.73318213,,
,,0.72329503,,
,,0.058362115,,
,,0.98946524,,
,,0.27007937,,
,,0.65213823,,
,,0.9535072,,
,,0.9443088,,
,,0.99708635,,
,,0.9664159,,
,,0.13884991,,
,,0.0251933,,
,,0.017234085,,
,,0.9954194,,
,,0.97520727,,
,,0.82943094,,
,,0.96154183,,
,,0.097560585,,
,,0.01658627,,
,,0.03122542,,
,,0.9868851,,
,,0.059901584,,
,,0.03094089,,
,,0.9709201,,
,,0.061523847,,
,,0.80068105,,
,,0.97264004,,
,,0.9641174,,
,,0.024246844,,
,,0.9951422,,
,,0.96502334,,
,,0.9938099,,
,,0.8615158,,
,,0.036564663,,
,,0.11880029,,
,,0.09740004,,
,,0.76251256,,
,,0.08818971,,
,,0.009878871,,
,,0.011743427,,
,,0.03478125,,
,,0.15529563,,
,,0.42244753,,
,,0.37197867,,
,,0.013264885,,
,,0.03756678,,
,,0.02930905,,
,,0.032814573,,
,,0.03229597,,
,,0.27631265,,
,,0.7840253,,
,,0.93407345,,
,,0.72315043,,
,,0.006936601,,
,,0.6295314,,
,,0.8510823,,
,,0.9792668,,
,,0.99348336,,
,,0.5405244,,
,,0.7777296,,
,,0.7757799,,
,,0.42241186,,
,,0.17650716,,
,,0.09627106,,
,,0.04799441,,
,,0.84298754,,
,,0.49612626,,
,,0.6206346,,
,,0.90922105,,
,,0.3023296,,
,,0.027547626,,
,,0.060473688,,
,,0.017025586,,
,,0.5693342,,
,,0.8402965,,
,,0.008111885,,
,,0.4314428,,
,,0.20250279,,
,,0.93599874,,
,,0.014042881,,
,,0.083075434,,
,,0.015883882,,
,,0.9427091,,
,,0.049835335,,
,,0.986476,,
,,0.35014403,,
,,0.61082226,,
,,0.08383432,,
,,0.19622917,,
,,0.9380139,,
,,0.12426607,,
,,0.9630607,,
,,0.06940697,,
,,0.94200635,,
,,0.9787129,,
,,0.02961727,,
,,0.42923227,,
,,0.018847378,,
,,0.5864247,,
,,0.090432495,,
,,0.33281398,,
,,0.97565824,,
,,0.8514032,,
,,0.94630814,,
,,0.98920435,,
,,0.9930992,,
,,0.0564933,,
,,0.19360645,,
,,0.12466681,,
,,0.06595015,,
,,0.05848246,,
,,0.8129066,,
,,0.20143822,,
,,0.021493921,,
,,0.9864356,,
,,0.022377154,,
,,0.0108863525,,
,,0.98758674,,
,,0.53816825,,
,,0.97832656,,
,,0.94940454,,
,,0.9399226,,
,,0.9948813,,
,,0.9858138,,
,,0.9420305,,
,,0.96839404,,
,,0.92568034,,
,,0.9543593,,
,,0.94470054,,
,,0.0128978025,,
,,0.9893181,,
,,0.88396454,,
,,0.053734798,,
,,0.9258905,,
,,0.77821505,,
,,0.53649,,
,,0.931652,,
,,0.95141596,,
,,0.014557732,,
,,0.57779133,,
,,0.9592114,,
,,0.98603815,,
,,0.954622,,
,,0.9747547,,
,,0.9876236,,
,,0.51269555,,
,,0.023154328,,
,,0.10683158,,
,,0.9658759,,
,,0.25367168,,
,,0.9398688,,
,,0.16723697,,
,,0.6713188,,
,,0.934581,,
,,0.9355522,,
,,0.9919172,,
,,0.033203572,,
,,0.024020225,,
,,0.83801734,,
,,0.89663845,,
,,0.06782513,,
,,0.09816296,,
,,0.58813316,,
,,0.9292012,,
,,0.90735584,,
,,0.010848377,,
,,0.88608235,,
,,0.8510823,,
,,0.058088858,,
,,0.6125985,,
,,0.10632362,,
,,0.009898723,,
,,0.98824024,,
,,0.8971487,,
,,0.94447744,,
,,0.08290202,,
,,0.024496501,,
,,0.40572625,,
,,0.9636448,,
,,0.8711651,,
,,0.09856569,,
,,0.22916077,,
,,0.22521944,,
,,0.03956093,,
,,0.0035083862,,
,,0.99424803,,
,,0.095380254,,
,,0.9950641,,
,,0.9400468,,
,,0.9398178,,
,,0.041500524,,
,,0.650146,,
,,0.9956247,,
,,0.009284902,,
,,0.014841016,,
,,0.7437835,,
,,0.9955947,,
,,0.10613367,,
,,0.19758916,,
,,0.96104056,,
,,0.9857594,,
,,0.5698795,,
,,0.1283482,,
,,0.14827062,,
,,0.8045394,,
,,0.42011476,,
,,0.03007719,,
,,0.23771517,,
,,0.2768944,,
,,0.6329353,,
,,0.71810055,,
,,0.9111787,,
,,0.7320008,,
,,0.75231874,,
,,0.0055043674,,
,,0.9203955,,
,,0.00576135,,
,,0.0094026085,,
,,0.038784616,,
,,0.034490574,,
,,0.9963051,,
,,0.3839092,,
,,0.22342591,,
,,0.059295014,,
,,0.020616217,,
,,0.99247086,,
,,0.14251848,,
,,0.8510823,,
,,0.82774323,,
,,0.009737088,,
,,0.006104155,,
,,0.98681074,,
,,0.019656442,,
,,0.07542788,,
,,0.23668319,,
,,0.18799512,,
,,0.92334,,
,,0.07564575,,
,,0.088214114,,
,,0.008936324,,
,,0.8869906,,
,,0.88263935,,
,,0.022655338,,
,,0.46207446,,
,,0.12254524,,
,,0.022213208,,
,,0.4003803,,
,,0.6356221,,
,,0.4384211,,
,,0.027262563,,
,,0.021770054,,
,,0.019844385,,
,,0.4440805,,
,,0.0071247676,,
,,0.12422011,,
,,0.3699053,,
,,0.8917423,,
,,0.51250994,,
,,0.6006261,,
,,0.70949984,,
,,0.90121496,,
,,0.89359474,,
,,0.06369597,,
,,0.9285144,,
,,0.012003549,,
,,0.8946868,,
,,0.9944758,,
,,0.012761242,,
,,0.7785848,,
,,0.058771346,,
,,0.9732506,,
,,0.38020396,,
,,0.8484984,,
,,0.98328996,,
,,0.17623973,,
,,0.9359447,,
,,0.4385722,,
,,0.23420326,,
,,0.019741852,,
,,0.9950376,,
,,0.850128,,
,,0.7143575,,
,,0.8579307,,
,,0.4997468,,
,,0.29217273,,
,,0.32347727,,
,,0.03393584,,
,,0.075619765,,
,,0.055619653,,
,,0.033340067,,
,,0.9153138,,
,,0.2458486,,
,,0.92791075,,
,,0.03627021,,
,,0.106484555,,
,,0.82600534,,
,,0.016252732,,
,,0.29613099,,
,,0.018524887,,
,,0.95929664,,
,,0.031826135,,
,,0.30314007,,
,,0.5416072,,
,,0.8876764,,
,,0.69535094,,
,,0.07246669,,
,,0.2690365,,
,,0.9397034,,
,,0.9455037,,
,,0.052532036,,
,,0.47376445,,
,,0.96727955,,
,,0.87409997,,
,,0.9614143,,
,,0.6332233,,
,,0.95455515,,
,,0.99500024,,
,,0.87657905,,
,,0.9557284,,
,,0.032170005,,
,,0.8510823,,
,,0.17921506,,
,,0.005840794,,
,,0.96561515,,
,,0.9846933,,
,,0.10096695,,
,,0.9876639,,
,,0.05549808,,
,,0.9844424,,
,,0.9893674,,
,,0.86227334,,
,,0.040303983,,
,,0.78386915,,
,,0.00612751,,
,,0.005477773,,
,,0.58251166,,
,,0.8756895,,
,,0.93815744,,
,,0.59812963,,
,,0.9854494,,
,,0.78772783,,
,,0.94798595,,
,,0.96401525,,
,,0.4329557,,
,,0.7827668,,
,,0.79322934,,
,,0.028710103,,
,,0.3727038,,
,,0.76729923,,
,,0.9949344,,
,,0.95721817,,
,,0.07308132,,
,,0.028608207,,
,,0.37135848,,
,,0.9745574,,
,,0.17455544,,
,,0.9608323,,
,,0.45058367,,
,,0.31590202,,
,,0.9874178,,
,,0.95529675,,
,,0.07349263,,
,,0.2287316,,
,,0.9684419,,
,,0.010890168,,
,,0.66534907,,
,,0.008421777,,
,,0.9982552,,
,,0.14666714,,
,,0.8518824,,
,,0.84485966,,
,,0.005928337,,
,,0.01159652,,
,,0.98124814,,
,,0.862944,,
,,0.02565135,,
,,0.04923257,,
,,0.96377754,,
,,0.96985775,,
,,0.8664589,,
,,0.42956874,,
,,0.9974496,,
,,0.112557985,,
,,0.6455294,,
,,0.60841393,,
,,0.6484877,,
,,0.05459268,,
,,0.90793544,,
,,0.826875,,
,,0.115812436,,
,,0.12692931,,
,,0.9119545,,
,,0.8866558,,
,,0.9957074,,
,,0.98980415,,
,,0.9660005,,
,,0.9660513,,
,,0.9521484,,
,,0.9839054,,
,,0.9420954,,
,,0.12271801,,
,,0.73303276,,
,,0.07203913,,
,,0.011442893,,
,,0.61325365,,
,,0.062126275,,
,,0.39454043,,
,,0.95045733,,
,,0.0055616535,,
,,0.09287536,,
,,0.33499175,,
,,0.046341974,,
,,0.050592445,,
,,0.05242789,,
,,0.010361407,,
,,0.9579384,,
,,0.023536189,,
,,0.96101505,,
,,0.0546981,,
,,0.1569374,,
,,0.9957074,,
,,0.9940971,,
,,0.87491393,,
,,0.10480746,,
,,0.95169467,,
,,0.047825366,,
,,0.58813316,,
,,0.08726811,,
,,0.025431817,,
,,0.91074806,,
,,0.7397807,,
,,0.96295,,
,,0.089908645,,
,,0.98824024,,
,,0.0866296,,
,,0.79098845,,
,,0.92432827,,
,,0.013951315,,
,,0.9963613,,
,,0.99283147,,
,,0.01974513,,
,,0.0932182,,
,,0.07302096,,
,,0.9954496,,
,,0.92047673,,
,,0.9357673,,
,,0.97037065,,
,,0.02470938,,
,,0.07948657,,
,,0.112700105,,
,,0.97489685,,
,,0.09800521,,
,,0.33855665,,
,,0.9286241,,
,,0.10502901,,
,,0.5981686,,
,,0.9568586,,
,,0.9826696,,
,,0.038511332,,
,,0.9978224,,
,,0.9725983,,
,,0.9910903,,
,,0.7635792,,
,,0.6289226,,
,,0.4306978,,
,,0.028009534,,
,,0.841152,,
,,0.036939055,,
,,0.011772649,,
,,0.023230053,,
,,0.11158773,,
,,0.7667558,,
,,0.26547348,,
,,0.414869,,
,,0.67577976,,
,,0.1977847,,
,,0.052572835,,
,,0.24242766,,
,,0.011674245,,
,,0.002802014,,
,,0.038886286,,
,,0.95932144,,
,,0.6792299,,
,,0.5893449,,
,,0.32090694,,
,,0.8796889,,
,,0.98592037,,
,,0.9940235,,
,,0.008869632,,
,,0.5762651,,
,,0.6030128,,
,,0.08499643,,
,,0.6381251,,
,,0.07568418,,
,,0.03186049,,
,,0.064914204,,
,,0.13111103,,
,,0.11169717,,
,,0.062005397,,
,,0.027782379,,
,,0.04597181,,
,,0.064176284,,
,,0.6742473,,
,,0.0030898345,,
,,0.50955844,,
,,0.14788558,,
,,0.15266702,,
,,0.014346487,,
,,0.85007405,,
,,0.009866319,,
,,0.048896614,,
,,0.3161259,,
,,0.94557464,,
,,0.022205913,,
,,0.99086493,,
,,0.095617995,,
,,0.27222413,,
,,0.030581845,,
,,0.008072542,,
,,0.975899,,
,,0.51537055,,
,,0.717956,,
,,0.028907068,,
,,0.90909135,,
,,0.98867,,
,,0.13249333,,
,,0.13607156,,
,,0.009492695,,
,,0.008469848,,
,,0.008891141,,
,,0.20289156,,
,,0.8753841,,
,,0.9549538,,
,,0.9198953,,
,,0.9917917,,
,,0.9951468,,
,,0.0700904,,
,,0.051647425,,
,,0.5340535,,
,,0.7971621,,
,,0.3249778,,
,,0.7089471,,
,,0.07803529,,
,,0.13565587,,
,,0.9964462,,
,,0.07025048,,
,,0.12771735,,
,,0.97167575,,
,,0.9266119,,
,,0.98436964,,
,,0.9808441,,
,,0.9843317,,
,,0.9917544,,
,,0.94475627,,
,,0.99499726,,
,,0.9846844,,
,,0.6388334,,
,,0.94817656,,
,,0.8701589,,
,,0.008368784,,
,,0.91626,,
,,0.9683203,,
,,0.06351962,,
,,0.039062556,,
,,0.8535072,,
,,0.97220415,,
,,0.9280306,,
,,0.9685139,,
,,0.026456047,,
,,0.7913219,,
,,0.98582274,,
,,0.9854035,,
,,0.9911143,,
,,0.9774435,,
,,0.9867071,,
,,0.563031,,
,,0.23384331,,
,,0.059343465,,
,,0.9566492,,
,,0.2791924,,
,,0.9853638,,
,,0.096677,,
,,0.9173478,,
,,0.9790754,,
,,0.98068297,,
,,0.99440926,,
,,0.67250836,,
,,0.10149548,,
,,0.90960467,,
,,0.9753086,,
,,0.3082978,,
,,0.018397057,,
,,0.9035619,,
,,0.86809504,,
,,0.99488306,,
,,0.7595119,,
,,0.89019835,,
,,0.8796889,,
,,0.19702058,,
,,0.89901364,,
,,0.19812469,,
,,0.79459715,,
,,0.9884453,,
,,0.9496034,,
,,0.9768629,,
,,0.09515226,,
,,0.040805273,,
,,0.4210582,,
,,0.973216,,
,,0.9813269,,
,,0.077549405,,
,,0.40659282,,
,,0.48168224,,
,,0.28863785,,
,,0.03836914,,
,,0.9885902,,
,,0.034823183,,
,,0.98695344,,
,,0.9717358,,
,,0.984791,,
,,0.42610508,,
,,0.03080103,,
,,0.99359435,,
,,0.07179438,,
,,0.90963614,,
,,0.041474212,,
,,0.99579716,,
,,0.09301543,,
,,0.21183439,,
,,0.9792342,,
,,0.97927195,,
,,0.03433175,,
,,0.027347896,,
,,0.016948877,,
,,0.5422741,,
,,0.1354216,,
,,0.092099026,,
,,0.04702604,,
,,0.13538572,,
,,0.015880117,,
,,0.5779038,,
,,0.97982925,,
,,0.0867035,,
,,0.17874917,,
,,0.0056182994,,
,,0.72548676,,
,,0.2075541,,
,,0.20481364,,
,,0.011837136,,
,,0.054508783,,
,,0.99600726,,
,,0.7635147,,
,,0.4886195,,
,,0.044289943,,
,,0.072787754,,
,,0.97952294,,
,,0.030066986,,
,,0.8796889,,
,,0.0375066,,
,,0.5077558,,
,,0.008259876,,
,,0.9471239,,
,,0.37148044,,
,,0.049927518,,
,,0.2360475,,
,,0.15124428,,
,,0.9380044,,
,,0.7293043,,
,,0.010247664,,
,,0.19034399,,
,,0.78879565,,
,,0.76757026,,
,,0.029431978,,
,,0.24493764,,
,,0.14121906,,
,,0.053115148,,
,,0.849098,,
,,0.35529453,,
,,0.020764997,,
,,0.7445445,,
,,0.02038713,,
,,0.13297157,,
,,0.006173475,,
,,0.20437202,,
,,0.93778116,,
,,0.010242209,,
,,0.6852458,,
,,0.82617706,,
,,0.86589247,,
,,0.8185187,,
,,0.86444294,,
,,0.4343206,,
,,0.08194147,,
,,0.7391453,,
,,0.03963601,,
,,0.9542019,,
,,0.99562174,,
,,0.28668055,,
,,0.8495421,,
,,0.02568103,,
,,0.18194383,,
,,0.051026694,,
,,0.9748014,,
,,0.9704195,,
,,0.6600729,,
,,0.92763287,,
,,0.44761685,,
,,0.16509703,,
,,0.033673905,,
,,0.996648,,
,,0.97120327,,
,,0.4590034,,
,,0.7575487,,
,,0.31351146,,
,,0.099889845,,
,,0.23769513,,
,,0.005712238,,
,,0.024940277,,
,,0.09827186,,
,,0.058337416,,
,,0.71957314,,
,,0.021432986,,
,,0.9202819,,
,,0.17624316,,
,,0.046872623,,
,,0.7640903,,
,,0.0015758054,,
,,0.29451847,,
,,0.8195057,,
,,0.02415993,,
,,0.15354523,,
,,0.22585283,,
,,0.04263085,,
,,0.90533984,,
,,0.8103742,,
,,0.050689608,,
,,0.94570994,,
,,0.97016495,,
,,0.98179513,,
,,0.016142448,,
,,0.21849667,,
,,0.2403333,,
,,0.006043396,,
,,0.05318829,,
,,0.052912448,,
,,0.26057583,,
,,0.9952571,,
,,0.9174747,,
,,0.09573362,,
,,0.3136773,,
,,0.8796889,,
,,0.039650396,,
,,0.17000675,,
,,0.013030856,,
,,0.9844282,,
,,0.0056249686,,
,,0.98233575,,
,,0.01408249,,
,,0.99129444,,
,,0.98985064,,
,,0.90561867,,
,,0.009708958,,
,,0.66533446,,
,,0.111648,,
,,0.022704935,,
,,0.026441956,,
,,0.9041896,,
,,0.94912535,,
,,0.17642744,,
,,0.99262404,,
,,0.049356315,,
,,0.087825716,,
,,0.96631706,,
,,0.37593973,,
,,0.80011326,,
,,0.8423997,,
,,0.5943316,,
,,0.0648168,,
,,0.022524716,,
,,0.99748236,,
,,0.94576335,,
,,0.73669577,,
,,0.053770207,,
,,0.7579079,,
,,0.92432827,,
,,0.006871004,,
,,0.96374786,,
,,0.9114459,,
,,0.17744513,,
,,0.9816411,,
,,0.97922647,,
,,0.76809007,,
,,0.66722447,,
,,0.97818464,,
,,0.31112695,,
,,0.66078216,,
,,0.7266728,,
,,0.99579227,,
,,0.2611571,,
,,0.24630904,,
,,0.12430234,,
,,0.008632776,,
,,0.04246337,,
,,0.9869082,,
,,0.6963369,,
,,0.24962817,,
,,0.05474744,,
,,0.94824684,,
,,0.09722163,,
,,0.72640926,,
,,0.50217575,,
,,0.9978027,,
,,0.4396581,,
,,0.86874026,,
,,0.6444979,,
,,0.5729546,,
,,0.03794223,,
,,0.94960636,,
,,0.93769926,,
,,0.70167243,,
,,0.048505995,,
,,0.8294585,,
,,0.76010805,,
,,0.9981115,,
,,0.990122,,
,,0.98984337,,
,,0.9928631,,
,,0.712273,,
,,0.95372593,,
,,0.8139651,,
,,0.36421683,,
,,0.39431247,,
,,0.32444903,,
,,0.45633453,,
,,0.92454034,,
,,0.0067550917,,
,,0.015276198,,
,,0.88836026,,
,,0.44150308,,
,,0.069878176,,
,,0.7794868,,
,,0.09630823,,
,,0.74784994,,
,,0.521161,,
,,0.4262686,,
,,0.9876337,,
,,0.030789321,,
,,0.9784178,,
,,0.027432347,,
,,0.31116644,,
,,0.9981115,,
,,0.99598503,,
,,0.8379977,,
,,0.030153528,,
,,0.98685616,,
,,0.18397875,,
,,0.9035619,,
,,0.081571005,,
,,0.014057863,,
,,0.9054212,,
,,0.85340357,,
,,0.8134589,,
,,0.42630747,,
,,0.9884453,,
,,0.066464774,,
,,0.62436396,,
,,0.9655898,,
,,0.04148772,,
,,0.99488896,,
,,0.99737954,,
,,0.33504507,,
,,0.02172216,,
,,0.5076053,,
,,0.9889502,,
,,0.9033701,,
,,0.93998265,,
,,0.94854164,,
,,0.124455184,,
,,0.007327859,,
,,0.4911949,,
,,0.9595182,,
,,0.062832616,,
,,0.5449366,,
,,0.95186216,,
,,0.29335883,,
,,0.8293267,,
,,0.96938086,,
,,0.97403663,,
,,0.03668372,,
,,0.989349,,
,,0.9036641,,
,,0.9921017,,
,,0.8702106,,
,,0.037663084,,
,,0.038841214,,
,,0.06260252,,
,,0.8669528,,
,,0.0063371016,,
,,0.02303448,,
,,0.764276,,
,,0.047519315,,
,,0.09122876,,
,,0.7276546,,
,,0.39592594,,
,,0.013761198,,
,,0.019599942,,
,,0.07102149,,
,,0.5222291,,
,,0.0096211,,
,,0.051677633,,
,,0.04229832,,
,,0.93822956,,
,,0.58645946,,
,,0.02788612,,
,,0.79236096,,
,,0.8954039,,
,,0.98990995,,
,,0.9555478,,
,,0.081101514,,
,,0.6364126,,
,,0.06793071,,
,,0.17464833,,
,,0.18694134,,
,,0.19999588,,
,,0.15172292,,
,,0.008596626,,
,,0.9833323,,
,,0.04004427,,
,,0.13895255,,
,,0.024260521,,
,,0.037539575,,
,,0.9104458,,
,,0.77074844,,
,,0.07339927,,
,,0.05880356,,
,,0.00875716,,
,,0.5985063,,
,,0.042178106,,
,,0.64328235,,
,,0.0390855,,
,,0.039700013,,
,,0.0076643256,,
,,0.9421388,,
,,0.013894354,,
,,0.9825183,,
,,0.41129193,,
,,0.27595586,,
,,0.036651716,,
,,0.022377362,,
,,0.97838473,,
,,0.07951723,,
,,0.7919753,,
,,0.5313814,,
,,0.87962437,,
,,0.92206764,,
,,0.9040359,,
,,0.025809297,,
,,0.40466616,,
,,0.078400165,,
,,0.009229646,,
,,0.028218413,,
,,0.9765445,,
,,0.5480558,,
,,0.7378383,,
,,0.9825959,,
,,0.990384,,
,,0.122784905,,
,,0.08452848,,
,,0.69795793,,
,,0.06330036,,
,,0.13292901,,
,,0.8859845,,
,,0.026720429,,
,,0.24117385,,
,,0.9814394,,
,,0.072296314,,
,,0.27730286,,
,,0.98557913,,
,,0.6584744,,
,,0.98619556,,
,,0.9783317,,
,,0.99014634,,
,,0.9809795,,
,,0.9751406,,
,,0.92715037,,
,,0.9543173,,
,,0.88075763,,
,,0.94368315,,
,,0.97675043,,
,,0.029505314,,
,,0.9762641,,
,,0.79490143,,
,,0.008773235,,
,,0.28164938,,
,,0.8581924,,
,,0.9714087,,
,,0.98038024,,
,,0.9654569,,
,,0.09110532,,
,,0.814181,,
,,0.77517885,,
,,0.97868884,,
,,0.92670554,,
,,0.9522037,,
,,0.8756162,,
,,0.015554487,,
,,0.74868774,,
,,0.6797972,,
,,0.96349406,,
,,0.007965868,,
,,0.96650857,,
,,0.10370073,,
,,0.5999784,,
,,0.9597322,,
,,0.96305346,,
,,0.9941268,,
,,0.35177752,,
,,0.11916015,,
,,0.97246224,,
,,0.9494633,,
,,0.12026035,,
,,0.7106494,,
,,0.113046385,,
,,0.9854693,,
,,0.9527026,,
,,0.24870905,,
,,0.0961327,,
,,0.8954039,,
,,0.09688916,,
,,0.13444245,,
,,0.024064986,,
,,0.02130181,,
,,0.97853523,,
,,0.9426444,,
,,0.9627598,,
,,0.4909289,,
,,0.007118425,,
,,0.051154215,,
,,0.9866066,,
,,0.7450207,,
,,0.6324463,,
,,0.016245287,,
,,0.5450083,,
,,0.65762913,,
,,0.6866441,,
,,0.99228853,,
,,0.10395425,,
,,0.98622364,,
,,0.94168615,,
,,0.9235347,,
,,0.26690745,,
,,0.8305815,,
,,0.98971117,,
,,0.011618791,,
,,0.17507008,,
,,0.012113503,,
,,0.98991287,,
,,0.14990999,,
,,0.16391413,,
,,0.9715955,,
,,0.9526977,,
,,0.974099,,
,,0.14914554,,
,,0.008335763,,
,,0.83671963,,
,,0.28932208,,
,,0.04516397,,
,,0.017771749,,
,,0.024567807,,
,,0.049358483,,
,,0.054785296,,
,,0.7550296,,
,,0.889523,,
,,0.0051478855,,
,,0.30052543,,
,,0.73840535,,
,,0.02554631,,
,,0.008733681,,
,,0.76368994,,
,,0.9623404,,
,,0.9921687,,
,,0.95709497,,
,,0.33813095,,
,,0.03293611,,
,,0.049253006,,
,,0.9726282,,
,,0.0064903046,,
,,0.8954039,,
,,0.12734312,,
,,0.019322032,,
,,0.0858189,,
,,0.9685259,,
,,0.193632,,
,,0.016610017,,
,,0.16621153,,
,,0.029933196,,
,,0.004921338,,
,,0.6829386,,
,,0.06772394,,
,,0.07188015,,
,,0.85743487,,
,,0.45563537,,
,,0.023061896,,
,,0.4120913,,
,,0.030427717,,
,,0.006864961,,
,,0.9727799,,
,,0.17447244,,
,,0.082093045,,
,,0.583115,,
,,0.033102907,,
,,0.2048519,,
,,0.039112076,,
,,0.27745107,,
,,0.1082474,,
,,0.6192255,,
,,0.7088837,,
,,0.005670298,,
,,0.9600094,,
,,0.6499841,,
,,0.9515846,,
,,0.05590468,,
,,0.6381696,,
,,0.94564164,,
,,0.08069209,,
,,0.9714684,,
,,0.98457736,,
,,0.07525828,,
,,0.9155603,,
,,0.16145816,,
,,0.36646578,,
,,0.064661436,,
,,0.9074677,,
,,0.9641627,,
,,0.17952615,,
,,0.8938884,,
,,0.010286529,,
,,0.045279942,,
,,0.80194265,,
,,0.9878808,,
,,0.9627876,,
,,0.62519634,,
,,0.54484665,,
,,0.31427956,,
,,0.29412177,,
,,0.7148783,,
,,0.9224572,,
,,0.3350234,,
,,0.0041144206,,
,,0.097654,,
,,0.32357457,,
,,0.91511065,,
,,0.95303607,,
,,0.14514752,,
,,0.33511093,,
,,0.7743105,,
,,0.03113315,,
,,0.62798405,,
,,0.02147256,,
,,0.13125685,,
,,0.47922942,,
,,0.11675177,,
,,0.020160409,,
,,0.8567814,,
,,0.7403496,,
,,0.07465592,,
,,0.6105584,,
,,0.9466227,,
,,0.97376233,,
,,0.11864765,,
,,0.17529605,,
,,0.24898833,,
,,0.49302277,,
,,0.039257977,,
,,0.06106031,,
,,0.19421828,,
,,0.9968798,,
,,0.78389084,,
,,0.021522637,,
,,0.0036728336,,
,,0.8954039,,
,,0.033431094,,
,,0.002337808,,
,,0.0066578975,,
,,0.97204506,,
,,0.10256541,,
,,0.9615666,,
,,0.17794779,,
,,0.9955149,,
,,0.9718969,,
,,0.9659481,,
,,0.89997077,,
,,0.88098335,,
,,0.0823333,,
,,0.10547746,,
,,0.026473079,,
,,0.8860348,,
,,0.96497124,,
,,0.8731008,,
,,0.99532986,,
,,0.033703133,,
,,0.20152463,,
,,0.97338563,,
,,0.22309579,,
,,0.8486619,,
,,0.9371533,,
,,0.73059016,,
,,0.04739767,,
,,0.124541216,,
,,0.9878808,,
,,0.96967894,,
,,0.88206774,,
,,0.8551944,,
,,0.9550735,,
,,0.9655898,,
,,0.17794198,,
,,0.98035324,,
,,0.6084086,,
,,0.5462855,,
,,0.97272104,,
,,0.7187488,,
,,0.2009517,,
,,0.3365475,,
,,0.97143155,,
,,0.17225665,,
,,0.92483413,,
,,0.43153077,,
,,0.9967926,,
,,0.1602048,,
,,0.54418534,,
,,0.04412872,,
,,0.08962174,,
,,0.0359334,,
,,0.95949394,,
,,0.10896175,,
,,0.02750039,,
,,0.05179095,,
,,0.85891694,,
,,0.015156487,,
,,0.8777213,,
,,0.21497263,,
,,0.995093,,
,,0.10108834,,
,,0.64712554,,
,,0.4290057,,
,,0.23058803,,
,,0.025531048,,
,,0.9512784,,
,,0.9057088,,
,,0.016362278,,
,,0.6331945,,
,,0.041273978,,
,,0.88478,,
,,0.9901843,,
,,0.99756217,,
,,0.9911747,,
,,0.9775398,,
,,0.9039524,,
,,0.98789746,,
,,0.9895051,,
,,0.024303218,,
,,0.58969545,,
,,0.06319468,,
,,0.009355696,,
,,0.9226139,,
,,0.14303395,,
,,0.034295667,,
,,0.93780893,,
,,0.16283326,,
,,0.023449885,,
,,0.8416427,,
,,0.3326937,,
,,0.020716209,,
,,0.022162858,,
,,0.06025588,,
,,0.94746715,,
,,0.14082168,,
,,0.9246959,,
,,0.10748049,,
,,0.12835659,,
,,0.9901843,,
,,0.9952865,,
,,0.6498435,,
,,0.8542246,,
,,0.9870875,,
,,0.09334102,,
,,0.113046385,,
,,0.07363583,,
,,0.008098627,,
,,0.9799785,,
,,0.7992622,,
,,0.95489603,,
,,0.10941126,,
,,0.97853523,,
,,0.1467511,,
,,0.6265798,,
