Raw value,Corresponding cumulative value,Corresponding Cloglog value,Fractional area,Training omission,Test omission
4.16731E-7,0.000041673,0.001610965,1,0,0
4.44927E-7,0.000086166,0.001719867,0.999888306,0,0
4.81383E-7,0.000134304,0.001860657,0.999776611,0,0
6.12103E-7,0.000252086,0.002365326,0.999553222,0,0
7.05595E-7,0.0005281,0.002726109,0.999106445,0,0
8.5375E-7,0.001006306,0.00329757,0.998436278,0,0
1.35505E-6,0.002529628,0.005228731,0.996984251,0,0
1.75598E-6,0.005039845,0.00677056,0.995197141,0,0
2.3839E-6,0.010050239,0.009180507,0.992516475,0.001592357,0
3.39344E-6,0.025127154,0.013042846,0.986708366,0.001592357,0
4.2098E-6,0.050416106,0.016155123,0.979336535,0.003184713,0
5.16328E-6,0.100099118,0.019777702,0.967496928,0.003184713,0
6.49724E-6,0.200301343,0.02482344,0.948285491,0.00477707,0
7.4979E-6,0.300613308,0.028591442,0.932313191,0.00477707,0.012820513
8.38861E-6,0.400818889,0.031933173,0.918239696,0.00477707,0.025641026
9.25297E-6,0.500581889,0.035165044,0.905618229,0.006369427,0.025641026
9.92251E-6,0.60091051,0.037661063,0.893890316,0.006369427,0.032051282
1.044E-5,0.700573523,0.039585844,0.882944264,0.007961783,0.032051282
1.07524E-5,0.750439143,0.040746022,0.877694627,0.007961783,0.032051282
1.1079E-5,0.800782073,0.041957055,0.872556685,0.007961783,0.032051282
1.1612E-5,0.900782545,0.043930827,0.862727577,0.00955414,0.032051282
1.2264E-5,1.000034707,0.046339247,0.853456942,0.00955414,0.032051282
1.28721E-5,1.100553992,0.04858042,0.844521389,0.00955414,0.032051282
1.34728E-5,1.200520367,0.050789004,0.836032615,0.00955414,0.032051282
1.40188E-5,1.300840269,0.052791767,0.827878923,0.00955414,0.032051282
1.45883E-5,1.400919231,0.054876553,0.820060315,0.00955414,0.032051282
1.52242E-5,1.500945888,0.057199049,0.81257679,0.00955414,0.032051282
1.66196E-5,1.750766563,0.062275097,0.795040768,0.011146497,0.032051282
1.78451E-5,2.000264972,0.066710312,0.77884508,0.012738854,0.032051282
1.89102E-5,2.250674283,0.070548305,0.763654641,0.01433121,0.032051282
2.01365E-5,2.500071187,0.074947599,0.749357757,0.015923567,0.038461538
2.12329E-5,2.752120788,0.07886304,0.73573104,0.015923567,0.038461538
2.23789E-5,3.000330818,0.082937935,0.722997878,0.017515924,0.038461538
2.35409E-5,3.250196304,0.087051585,0.710823188,0.01910828,0.038461538
2.47772E-5,3.500976692,0.091407735,0.69920697,0.020700637,0.038461538
2.59402E-5,3.752359238,0.095486693,0.688149224,0.02388535,0.038461538
2.69623E-5,4.001517508,0.099056385,0.67764995,0.027070064,0.044871795
2.82232E-5,4.252737907,0.103440744,0.667485759,0.02866242,0.044871795
2.91854E-5,4.502728518,0.106772075,0.657768346,0.03343949,0.044871795
3.01875E-5,4.752054176,0.110228566,0.648386016,0.03343949,0.044871795
3.12358E-5,5.001022275,0.113829893,0.639338769,0.035031847,0.051282051
3.23928E-5,5.252615346,0.11778762,0.630514911,0.038216561,0.057692308
3.33422E-5,5.503177221,0.121021996,0.622026136,0.039808917,0.057692308
3.44155E-5,5.750513683,0.12466439,0.613872445,0.041401274,0.057692308
3.53745E-5,6.001973291,0.127906017,0.605830448,0.041401274,0.057692308
3.64139E-5,6.25342045,0.131405833,0.59801184,0.042993631,0.057692308
3.73972E-5,6.500793372,0.13470389,0.590528315,0.044585987,0.057692308
3.82993E-5,6.750410582,0.137718564,0.583156484,0.047770701,0.057692308
3.9258E-5,7.0023811,0.140910916,0.575896348,0.047770701,0.057692308
4.01379E-5,7.252760054,0.143830644,0.5688596,0.049363057,0.057692308
4.11512E-5,7.500598903,0.147180515,0.562046241,0.049363057,0.057692308
4.19651E-5,7.754060871,0.149861485,0.555232883,0.052547771,0.057692308
4.26741E-5,8.003813648,0.152190199,0.548642913,0.054140127,0.057692308
4.35111E-5,8.253741331,0.154931249,0.542164638,0.055732484,0.057692308
4.45684E-5,8.50020165,0.158380874,0.535909751,0.055732484,0.057692308
4.54217E-5,8.752204495,0.161154662,0.529654864,0.060509554,0.057692308
4.62277E-5,9.004479719,0.163766505,0.523511672,0.060509554,0.057692308
4.68663E-5,9.251174653,0.16583001,0.517591869,0.060509554,0.057692308
4.78528E-5,9.502162159,0.169007557,0.511672065,0.063694268,0.057692308
4.8555E-5,9.752788216,0.171262194,0.505863956,0.065286624,0.057692308
4.93805E-5,10.002438941,0.173904628,0.500167542,0.068471338,0.064102564
5.02756E-5,10.251328735,0.176760578,0.494582821,0.071656051,0.064102564
5.09592E-5,10.504440391,0.178934909,0.488998101,0.071656051,0.064102564
5.1662E-5,10.751118022,0.181164195,0.48363677,0.073248408,0.070512821
5.26088E-5,11.001565226,0.184158141,0.478275438,0.078025478,0.070512821
5.36173E-5,11.25133137,0.187335163,0.473025801,0.078025478,0.070512821
5.44657E-5,11.500186545,0.189998271,0.467887859,0.079617834,0.070512821
5.50542E-5,11.751809614,0.191840388,0.462749916,0.084394904,0.070512821
5.5821E-5,12.001481819,0.194234204,0.457723668,0.087579618,0.070512821
5.66001E-5,12.254532479,0.196659334,0.45269742,0.087579618,0.070512821
5.73154E-5,12.505112927,0.198879552,0.447782866,0.087579618,0.070512821
5.80794E-5,12.75307999,0.201243904,0.442980007,0.087579618,0.070512821
5.89021E-5,13.00485889,0.20378212,0.438177147,0.087579618,0.076923077
5.97466E-5,13.254064398,0.206379473,0.433485982,0.089171975,0.076923077
6.06322E-5,13.500700321,0.209093993,0.428906512,0.095541401,0.076923077
6.15086E-5,13.751135038,0.211771126,0.424327041,0.095541401,0.076923077
6.24684E-5,14.00558714,0.214692578,0.419747571,0.095541401,0.083333333
6.30235E-5,14.250365696,0.21637721,0.415391489,0.095541401,0.083333333
6.37652E-5,14.50390413,0.218622543,0.410923713,0.103503185,0.096153846
6.46055E-5,14.754206126,0.221158673,0.406567631,0.105095541,0.096153846
6.55581E-5,15.001916905,0.224023846,0.402323244,0.106687898,0.096153846
6.63496E-5,15.252594184,0.226396509,0.398078856,0.108280255,0.102564103
6.73044E-5,15.506336732,0.229248839,0.393834469,0.108280255,0.108974359
6.83247E-5,15.750367097,0.232285347,0.38981347,0.108280255,0.115384615
6.93447E-5,16.00508687,0.23530874,0.385680777,0.109872611,0.115384615
7.02094E-5,16.256536479,0.237862824,0.381659779,0.116242038,0.134615385
7.09786E-5,16.503604087,0.24012734,0.377750475,0.117834395,0.134615385
7.15279E-5,16.753112826,0.241740498,0.373841171,0.119426752,0.134615385
7.25841E-5,17.005367726,0.244832591,0.369931866,0.121019108,0.134615385
7.34351E-5,17.253509643,0.247314818,0.366134257,0.121019108,0.134615385
7.45151E-5,17.505154639,0.250453244,0.362336647,0.121019108,0.134615385
7.56024E-5,17.752651161,0.253599639,0.358650732,0.124203822,0.134615385
7.63567E-5,18.003405706,0.255774632,0.354964816,0.127388535,0.134615385
7.73372E-5,18.25708718,0.258592639,0.351278901,0.128980892,0.134615385
7.85044E-5,18.506477114,0.261933039,0.34770468,0.132165605,0.134615385
7.93216E-5,18.750944717,0.264262762,0.344242153,0.133757962,0.134615385
7.99776E-5,19.005772537,0.266127619,0.340667933,0.136942675,0.134615385
8.05911E-5,19.254757248,0.267867592,0.337205406,0.141719745,0.141025641
8.13382E-5,19.505830641,0.269980587,0.333742879,0.143312102,0.141025641
8.21993E-5,19.751268927,0.27240842,0.330392047,0.144904459,0.141025641
8.33394E-5,20.00810837,0.275610922,0.326929521,0.154458599,0.141025641
8.42227E-5,20.251014369,0.27808196,0.323690383,0.159235669,0.147435897
8.49802E-5,20.504861652,0.280194558,0.320339551,0.162420382,0.153846154
8.58416E-5,20.752687731,0.282589429,0.317100413,0.162420382,0.153846154
8.66781E-5,21.0026853,0.284907483,0.313861276,0.165605096,0.153846154
8.76187E-5,21.255314684,0.287504913,0.310622138,0.176751592,0.153846154
8.84504E-5,21.501901191,0.289793988,0.307494695,0.178343949,0.153846154
8.9137E-5,21.750324925,0.291677933,0.304367251,0.179936306,0.153846154
9.0078E-5,22.001261916,0.294251857,0.301239808,0.179936306,0.153846154
9.1099E-5,22.254828523,0.297034184,0.298112365,0.183121019,0.153846154
9.2011E-5,22.501774889,0.29951013,0.295096616,0.183121019,0.16025641
9.30206E-5,22.751450029,0.302240867,0.292080867,0.183121019,0.16025641
9.38123E-5,23.003660172,0.304374794,0.289065118,0.191082803,0.166666667
9.47712E-5,23.258114312,0.306950634,0.286049369,0.192675159,0.166666667
9.55715E-5,23.505518633,0.309093259,0.283145314,0.192675159,0.166666667
9.6767E-5,23.75533653,0.312281442,0.28024126,0.194267516,0.166666667
9.75064E-5,24.007936168,0.314246048,0.277337205,0.194267516,0.166666667
9.85547E-5,24.252883363,0.317021637,0.274544845,0.200636943,0.166666667
9.95086E-5,24.500561086,0.319537458,0.271752485,0.203821656,0.166666667
1.00301E-4,24.750481085,0.321621274,0.268960125,0.203821656,0.166666667
1.01205E-4,25.002517044,0.323988295,0.266167765,0.205414013,0.166666667
1.02153E-4,25.276920068,0.326464501,0.263152016,0.211783439,0.179487179
1.03029E-4,25.50265324,0.328743633,0.260694739,0.213375796,0.185897436
1.04088E-4,25.751211547,0.331486667,0.258014073,0.214968153,0.192307692
1.05257E-4,26.002531426,0.334502336,0.255333408,0.219745223,0.192307692
1.0601E-4,26.256253278,0.33643836,0.252652742,0.22133758,0.192307692
1.07153E-4,26.501743678,0.339367515,0.250083771,0.222929936,0.205128205
1.08417E-4,26.760494486,0.34259109,0.247403105,0.224522293,0.205128205
1.09316E-4,27.000245707,0.344871788,0.244945828,0.224522293,0.205128205
1.10696E-4,27.253394885,0.348361053,0.242376857,0.22611465,0.211538462
1.11982E-4,27.509498295,0.351595142,0.239807886,0.23089172,0.217948718
1.12933E-4,27.756968959,0.353975937,0.237350609,0.23089172,0.217948718
1.1377E-4,28.006335931,0.356066135,0.234893332,0.234076433,0.237179487
1.14507E-4,28.257527803,0.357899144,0.232436055,0.23566879,0.237179487
1.15613E-4,28.510929549,0.360640199,0.229978778,0.23566879,0.243589744
1.16257E-4,28.754313473,0.362231645,0.227633196,0.24522293,0.243589744
1.1751E-4,29.01141455,0.365314204,0.225175919,0.246815287,0.25
1.1845E-4,29.259222349,0.367619419,0.222830336,0.246815287,0.25
1.19711E-4,29.509327825,0.370697902,0.220484754,0.248407643,0.256410256
1.20946E-4,29.761959329,0.37369591,0.218139171,0.248407643,0.262820513
1.22349E-4,30.005570212,0.377087067,0.215905283,0.25,0.262820513
1.23516E-4,30.251543078,0.379893369,0.213671395,0.25477707,0.275641026
1.24997E-4,30.500037144,0.383436379,0.211437507,0.256369427,0.275641026
1.26409E-4,30.75131609,0.386794046,0.209203619,0.257961783,0.275641026
1.27281E-4,31.005243445,0.388859639,0.206969731,0.26433121,0.288461538
1.28323E-4,31.261035442,0.391319094,0.204735843,0.26433121,0.288461538
1.29438E-4,31.505930368,0.393938223,0.202613649,0.267515924,0.288461538
1.3033E-4,31.752833081,0.39602762,0.200491455,0.267515924,0.294871795
1.32225E-4,32.002068736,0.4004376,0.198369262,0.267515924,0.294871795
1.33569E-4,32.254817575,0.403548108,0.196247068,0.26910828,0.294871795
1.34539E-4,32.509582415,0.405781854,0.194124874,0.275477707,0.301282051
1.36579E-4,32.753644136,0.410453957,0.192114375,0.277070064,0.301282051
1.37938E-4,33.000647877,0.413545773,0.190103876,0.280254777,0.301282051
1.3901E-4,33.250008542,0.415973108,0.187981682,0.281847134,0.301282051
1.40585E-4,33.501703326,0.419519231,0.186082877,0.286624204,0.307692308
1.4188E-4,33.755592106,0.422421793,0.184072378,0.286624204,0.314102564
1.43391E-4,34.012579565,0.425787216,0.182061879,0.289808917,0.314102564
1.44923E-4,34.257603937,0.429180919,0.180163074,0.297770701,0.314102564
1.46779E-4,34.505696647,0.433264655,0.178264269,0.297770701,0.314102564
1.48099E-4,34.756593012,0.436152735,0.176365464,0.299363057,0.314102564
1.50407E-4,35.010347732,0.441164239,0.174466659,0.300955414,0.314102564
1.51274E-4,35.251802326,0.443034985,0.172679549,0.307324841,0.314102564
1.53784E-4,35.511175274,0.448419153,0.170780744,0.308917197,0.314102564
1.54912E-4,35.758072567,0.450819938,0.168993633,0.313694268,0.320512821
1.56701E-4,36.007527917,0.454606978,0.167206523,0.320063694,0.326923077
1.5772E-4,36.259293428,0.456754061,0.165419412,0.324840764,0.326923077
1.59081E-4,36.512525519,0.459606822,0.163632302,0.328025478,0.326923077
1.60198E-4,36.752094388,0.461937274,0.161956886,0.329617834,0.333333333
1.6144E-4,37.00942772,0.464515808,0.160169775,0.332802548,0.333333333
1.62375E-4,37.252419805,0.466450287,0.158494359,0.334394904,0.333333333
1.63865E-4,37.513536475,0.469516988,0.156707249,0.337579618,0.333333333
1.65471E-4,37.760934893,0.472802874,0.155031833,0.339171975,0.346153846
1.66953E-4,38.009842912,0.475816098,0.153356417,0.339171975,0.346153846
1.68605E-4,38.261364811,0.479155544,0.151681001,0.340764331,0.346153846
1.70118E-4,38.515681755,0.482196225,0.150005585,0.342356688,0.352564103
1.70914E-4,38.754472636,0.483788337,0.148441863,0.348726115,0.352564103
1.7241E-4,39.011965176,0.486767955,0.146766447,0.348726115,0.352564103
1.74254E-4,39.254670184,0.490415198,0.145202725,0.350318471,0.352564103
1.75749E-4,39.517397179,0.493355221,0.143527309,0.350318471,0.352564103
1.77361E-4,39.764376467,0.496504281,0.141963588,0.350318471,0.358974359
1.79741E-4,40.014320925,0.50111966,0.140399866,0.350318471,0.371794872
1.81206E-4,40.267139635,0.503939446,0.138836144,0.355095541,0.371794872
1.83352E-4,40.503971045,0.508040028,0.137384117,0.356687898,0.384615385
1.84764E-4,40.7616261,0.51071997,0.135820395,0.356687898,0.391025641
1.85901E-4,41.002657546,0.512867656,0.134368368,0.356687898,0.391025641
1.88389E-4,41.264997145,0.517535228,0.132804646,0.358280255,0.397435897
1.90296E-4,41.511519786,0.521080364,0.131352619,0.358280255,0.403846154
1.92226E-4,41.760328805,0.52464354,0.129900592,0.361464968,0.403846154
1.94168E-4,42.011415,0.528202266,0.128448565,0.366242038,0.403846154
1.96096E-4,42.265500983,0.531707723,0.126996537,0.367834395,0.403846154
1.97495E-4,42.501600777,0.534236283,0.125656205,0.367834395,0.403846154
1.99444E-4,42.759764133,0.537734798,0.124204177,0.369426752,0.403846154
2.00845E-4,43.019905451,0.540232834,0.12275215,0.375796178,0.403846154
2.02379E-4,43.261816819,0.542953536,0.121411817,0.378980892,0.403846154
2.04363E-4,43.506116141,0.546448702,0.120071484,0.378980892,0.403846154
2.06185E-4,43.752755038,0.549635377,0.118731152,0.382165605,0.403846154
2.10293E-4,44.003477995,0.556736182,0.117390819,0.385350318,0.41025641
2.11487E-4,44.256658302,0.558778817,0.116050486,0.388535032,0.41025641
2.15712E-4,44.513227679,0.565932596,0.114710153,0.390127389,0.41025641
2.17134E-4,44.751567874,0.568313706,0.113481515,0.391719745,0.41025641
2.19823E-4,45.014128115,0.572781639,0.112141182,0.391719745,0.416666667
2.21485E-4,45.256647507,0.575519451,0.110912543,0.394904459,0.416666667
2.23612E-4,45.50152858,0.578998433,0.109683905,0.396496815,0.416666667
2.25906E-4,45.77130799,0.582718612,0.108343572,0.401273885,0.416666667
2.28237E-4,46.021089187,0.586464084,0.107114934,0.404458599,0.416666667
2.30014E-4,46.2503343,0.589296854,0.10599799,0.407643312,0.416666667
2.32987E-4,46.505368251,0.593993726,0.104769351,0.412420382,0.416666667
2.34418E-4,46.762634549,0.59623571,0.103540713,0.420382166,0.423076923
2.36899E-4,47.022095315,0.600093156,0.102312074,0.421974522,0.423076923
2.39432E-4,47.260605602,0.603993024,0.10119513,0.421974522,0.423076923
2.41919E-4,47.501223127,0.607784262,0.100078186,0.426751592,0.423076923
2.45587E-4,47.768723068,0.613311736,0.098849548,0.428343949,0.423076923
2.49045E-4,48.016043383,0.618449945,0.097732604,0.434713376,0.423076923
2.51757E-4,48.266726009,0.622432169,0.09661566,0.436305732,0.429487179
2.54568E-4,48.545641226,0.626516874,0.095275327,0.442675159,0.429487179
2.56098E-4,48.750095222,0.628721464,0.094493466,0.447452229,0.429487179
2.59886E-4,49.007991814,0.634121857,0.093376522,0.450636943,0.435897436
2.61533E-4,49.268672134,0.636446774,0.092259578,0.453821656,0.435897436
2.6532E-4,49.506078502,0.641734104,0.091254328,0.457006369,0.435897436
2.66959E-4,49.772125054,0.643998,0.090137384,0.458598726,0.435897436
2.69744E-4,50.013637409,0.647813245,0.089132134,0.458598726,0.435897436
2.71781E-4,50.257486582,0.650578907,0.088126885,0.460191083,0.435897436
2.74825E-4,50.503843032,0.654669299,0.087121635,0.463375796,0.435897436
2.77139E-4,50.752385656,0.657747434,0.086116386,0.46656051,0.435897436
2.80575E-4,51.00325446,0.662266029,0.085111136,0.468152866,0.448717949
2.83851E-4,51.257382186,0.666520685,0.084105886,0.47133758,0.455128205
2.85619E-4,51.513590913,0.668794025,0.083100637,0.47133758,0.461538462
2.87505E-4,51.771817252,0.671201843,0.082095387,0.479299363,0.461538462
2.8918E-4,52.002599735,0.67332556,0.081201832,0.484076433,0.467948718
2.90587E-4,52.263579841,0.675098681,0.080196582,0.487261146,0.474358974
2.94999E-4,52.527778335,0.680597194,0.079191333,0.488853503,0.474358974
2.97413E-4,52.764928575,0.683565953,0.078297777,0.488853503,0.474358974
3.01116E-4,53.004607816,0.688067207,0.077404222,0.49044586,0.474358974
3.07171E-4,53.278593465,0.69529001,0.076398972,0.492038217,0.487179487
3.09762E-4,53.525879993,0.698329382,0.075505417,0.49522293,0.493589744
3.13004E-4,53.774909156,0.702088946,0.074611862,0.496815287,0.5
3.16238E-4,54.02686283,0.705793771,0.073718307,0.5,0.5
3.19959E-4,54.281403855,0.709998709,0.072824751,0.503184713,0.5
3.22617E-4,54.506713014,0.712965806,0.072042891,0.50477707,0.5
3.25201E-4,54.765913549,0.715820994,0.071149335,0.507961783,0.5
3.27403E-4,55.027233232,0.718230683,0.07025578,0.50955414,0.512820513
3.29252E-4,55.257008302,0.720239631,0.069473919,0.512738854,0.519230769
3.31712E-4,55.521488768,0.72288974,0.068580364,0.517515924,0.519230769
3.3502E-4,55.754716134,0.726413159,0.067798503,0.51910828,0.519230769
3.3888E-4,56.024447062,0.730468323,0.066904948,0.520700637,0.519230769
3.43213E-4,56.263145546,0.734949443,0.066123087,0.525477707,0.519230769
3.46938E-4,56.504814664,0.738741483,0.065341226,0.527070064,0.532051282
3.49843E-4,56.78361444,0.741661735,0.064447671,0.531847134,0.532051282
3.53154E-4,57.029892775,0.744950226,0.063554116,0.535031847,0.538461538
3.55863E-4,57.272197972,0.747608823,0.06288395,0.539808917,0.538461538
3.59243E-4,57.528585281,0.750887722,0.062102089,0.546178344,0.544871795
3.66496E-4,57.782596605,0.757781409,0.061320228,0.550955414,0.551282051
3.68263E-4,58.003187879,0.759430726,0.060650061,0.557324841,0.551282051
3.70925E-4,58.261682876,0.761895915,0.059868201,0.560509554,0.551282051
3.74102E-4,58.522929839,0.764804867,0.05908634,0.563694268,0.551282051
3.76901E-4,58.785737702,0.767337825,0.058304479,0.566878981,0.551282051
3.79883E-4,59.013093403,0.7700064,0.057634313,0.570063694,0.551282051
3.85574E-4,59.281441712,0.77501514,0.056852452,0.573248408,0.564102564
3.90516E-4,59.514125942,0.779275769,0.056182285,0.574840764,0.564102564
3.93163E-4,59.782417456,0.78152497,0.055400424,0.578025478,0.564102564
3.97253E-4,60.026082131,0.784954634,0.054730258,0.579617834,0.570512821
4.00603E-4,60.265568823,0.787724063,0.054060092,0.579617834,0.576923077
4.05879E-4,60.507839341,0.792013274,0.053389925,0.582802548,0.583333333
4.13498E-4,60.754295705,0.798053953,0.052719759,0.585987261,0.583333333
4.1728E-4,61.003896913,0.800987457,0.052049592,0.587579618,0.583333333
4.21291E-4,61.255604328,0.804052327,0.051379426,0.590764331,0.58974359
4.24684E-4,61.50996407,0.8066072,0.050709259,0.593949045,0.58974359
4.27303E-4,61.765738676,0.808557205,0.050039093,0.597133758,0.58974359
4.31778E-4,62.023708319,0.811842731,0.049368927,0.598726115,0.596153846
4.37134E-4,62.284364963,0.815701374,0.04869876,0.600318471,0.596153846
4.40681E-4,62.504069546,0.81821335,0.048140288,0.605095541,0.596153846
4.43026E-4,62.769302893,0.819855585,0.047470122,0.606687898,0.596153846
4.47449E-4,63.036538647,0.822911404,0.046799955,0.613057325,0.596153846
4.48428E-4,63.260538,0.823580977,0.046241483,0.614649682,0.596153846
4.50988E-4,63.530470534,0.825319902,0.045571317,0.617834395,0.608974359
4.55495E-4,63.757222014,0.828339525,0.045012845,0.619426752,0.608974359
4.63325E-4,64.033684477,0.833461249,0.044342678,0.624203822,0.608974359
4.67078E-4,64.257020854,0.835862245,0.043784206,0.627388535,0.615384615
4.68939E-4,64.500473887,0.837039597,0.043225734,0.635350318,0.621794872
4.77363E-4,64.784448208,0.842265064,0.042555568,0.638535032,0.628205128
4.82941E-4,65.025052143,0.84563261,0.041997096,0.641719745,0.634615385
4.85234E-4,65.267300071,0.846996007,0.041438624,0.643312102,0.641025641
4.88782E-4,65.510913088,0.849081849,0.040880152,0.648089172,0.653846154
4.92856E-4,65.756983441,0.851441583,0.04032168,0.651273885,0.653846154
4.9759E-4,66.004757496,0.854138215,0.039763208,0.654458599,0.666666667
5.07893E-4,66.256765566,0.859837678,0.039204736,0.657643312,0.666666667
5.11401E-4,66.512157381,0.861727012,0.038646264,0.657643312,0.666666667
5.2462E-4,66.77133242,0.868621114,0.038087792,0.659235669,0.673076923
5.30915E-4,67.035383131,0.871781789,0.03752932,0.662420382,0.673076923
5.33598E-4,67.301465202,0.873105758,0.036970848,0.667197452,0.692307692
5.37177E-4,67.515895436,0.87485091,0.03652407,0.670382166,0.692307692
5.45434E-4,67.786247679,0.87878547,0.035965598,0.671974522,0.698717949
5.55713E-4,68.006473433,0.88351129,0.035518821,0.671974522,0.711538462
5.61677E-4,68.286259983,0.88616867,0.034960348,0.673566879,0.717948718
5.65666E-4,68.511998837,0.887911889,0.034513571,0.679936306,0.717948718
5.7208E-4,68.796526313,0.890659122,0.033955099,0.681528662,0.717948718
5.76648E-4,69.026454322,0.892574553,0.033508321,0.683121019,0.724358974
5.84107E-4,69.25887301,0.895630167,0.033061544,0.684713376,0.724358974
5.90571E-4,69.553122406,0.898207753,0.032503072,0.686305732,0.730769231
5.96916E-4,69.791304037,0.900676189,0.032056294,0.692675159,0.730769231
6.0168E-4,70.03140223,0.902489954,0.031609516,0.695859873,0.730769231
6.08128E-4,70.27350317,0.904892677,0.031162739,0.699044586,0.737179487
6.14569E-4,70.518740625,0.907233309,0.030715961,0.700636943,0.737179487
6.22159E-4,70.767264936,0.909917488,0.030269184,0.705414013,0.743589744
6.35263E-4,71.019497441,0.914370662,0.029822406,0.708598726,0.743589744
6.39409E-4,71.274621833,0.915733213,0.029375628,0.710191083,0.75
6.4301E-4,71.531108234,0.916899278,0.028928851,0.711783439,0.75
6.54603E-4,71.790812036,0.920543847,0.028482073,0.71656051,0.75
6.61888E-4,72.054238996,0.922752123,0.028035295,0.72133758,0.756410256
6.69119E-4,72.254255066,0.924883341,0.027700212,0.724522293,0.756410256
6.73373E-4,72.522843931,0.926109387,0.027253435,0.727707006,0.762820513
6.83005E-4,72.795354093,0.92881219,0.026806657,0.73089172,0.762820513
6.84627E-4,73.000668718,0.929257633,0.026471574,0.73089172,0.762820513
6.91441E-4,73.27566326,0.931098153,0.026024796,0.734076433,0.762820513
6.95127E-4,73.553005481,0.932073828,0.025578019,0.73566879,0.762820513
7.0316E-4,73.763191119,0.934152279,0.025242935,0.738853503,0.762820513
7.13115E-4,74.047452888,0.936640223,0.024796158,0.74044586,0.769230769
7.1864E-4,74.262582057,0.93798019,0.024461075,0.743630573,0.769230769
7.3403E-4,74.553977957,0.941564989,0.024014297,0.746815287,0.775641026
7.42037E-4,74.775835844,0.943347569,0.023679214,0.751592357,0.775641026
7.51561E-4,75.000596854,0.945397038,0.02334413,0.753184713,0.782051282
7.64037E-4,75.304083303,0.947969879,0.022897353,0.757961783,0.782051282
7.78887E-4,75.536331286,0.950874849,0.02256227,0.75955414,0.794871795
7.99739E-4,75.774652798,0.954682402,0.022227186,0.762738854,0.794871795
8.03107E-4,76.015050579,0.955269041,0.021892103,0.76433121,0.794871795
8.15899E-4,76.257477606,0.957428941,0.02155702,0.765923567,0.794871795
8.24711E-4,76.504261092,0.958855756,0.021221937,0.76910828,0.794871795
8.27848E-4,76.918126345,0.959352029,0.02055177,0.76910828,0.794871795
8.28185E-4,77.000944849,0.959405064,0.02055177,0.775477707,0.801282051
8.34143E-4,77.250627043,0.960330035,0.020216687,0.775477707,0.807692308
8.34826E-4,77.501074756,0.960434732,0.01976991,0.777070064,0.807692308
8.42393E-4,77.752988072,0.96157625,0.019546521,0.78343949,0.807692308
8.6009E-4,78.009359201,0.964118974,0.019211438,0.786624204,0.820512821
8.67113E-4,78.268460404,0.965080713,0.018876354,0.791401274,0.820512821
8.72416E-4,78.529785561,0.96578992,0.018541271,0.794585987,0.820512821
8.7422E-4,78.879473405,0.96602778,0.017982799,0.794585987,0.820512821
8.75609E-4,79.05454149,0.966209936,0.017871105,0.800955414,0.820512821
8.78891E-4,79.317863295,0.966636177,0.017536021,0.802547771,0.820512821
8.91175E-4,79.585060487,0.968184806,0.017200938,0.805732484,0.820512821
8.97522E-4,79.764560415,0.96895646,0.016977549,0.808917197,0.820512821
9.1119E-4,80.035961735,0.970555352,0.016642466,0.813694268,0.826923077
9.16584E-4,80.310758698,0.971163521,0.016307383,0.816878981,0.826923077
9.33765E-4,80.589174222,0.973017918,0.0159723,0.820063694,0.826923077
9.37718E-4,80.77659951,0.973427453,0.015748911,0.821656051,0.833333333
9.536E-4,81.060008565,0.975011026,0.015413828,0.823248408,0.83974359
9.63586E-4,81.252713696,0.975958113,0.015190439,0.824840764,0.852564103
9.83271E-4,81.546659788,0.977721106,0.014855356,0.826433121,0.852564103
9.98825E-4,81.844584726,0.979022148,0.014520273,0.828025478,0.858974359
1.00194E-3,82.044770586,0.97927368,0.014296884,0.828025478,0.865384615
1.02517E-3,82.349189471,0.9810553,0.013961801,0.829617834,0.871794872
1.02517E-3,82.554224333,0.9810553,0.013626717,0.829617834,0.871794872
1.02962E-3,82.760147366,0.981378008,0.013403328,0.834394904,0.878205128
1.0428E-3,83.071504197,0.982304279,0.01317994,0.840764331,0.878205128
1.04964E-3,83.281297019,0.982766193,0.012956551,0.842356688,0.884615385
1.06389E-3,83.598828054,0.983690371,0.012621468,0.842356688,0.884615385
1.07327E-3,83.813252677,0.984271753,0.012398079,0.843949045,0.884615385
1.08058E-3,84.028770197,0.984710583,0.01217469,0.845541401,0.884615385
1.09048E-3,84.354445221,0.985285199,0.011839607,0.850318471,0.891025641
1.1259E-3,84.57958513,0.987169634,0.011616218,0.853503185,0.891025641
1.12731E-3,84.804983835,0.987239311,0.011392829,0.855095541,0.891025641
1.12893E-3,85.030658861,0.987319053,0.01116944,0.858280255,0.891025641
1.13442E-3,85.257097407,0.98758553,0.010946052,0.859872611,0.891025641
1.14366E-3,85.59834807,0.988021511,0.010610968,0.864649682,0.897435897
1.15054E-3,85.827938028,0.988336131,0.01038758,0.867834395,0.897435897
1.15426E-3,86.058615427,0.988502695,0.010164191,0.869426752,0.897435897
1.18017E-3,86.294589061,0.989599196,0.009940802,0.872611465,0.897435897
1.18619E-3,86.531442548,0.989838879,0.009717413,0.875796178,0.897435897
1.19031E-3,86.769385679,0.989999526,0.009494024,0.878980892,0.897435897
1.21359E-3,87.010025606,0.990860702,0.009270636,0.882165605,0.897435897
1.25695E-3,87.260208017,0.992272126,0.009047247,0.883757962,0.897435897
1.26187E-3,87.512327039,0.992417884,0.008823858,0.883757962,0.897435897
1.2845E-3,87.767656381,0.993053445,0.008600469,0.886942675,0.903846154
1.31844E-3,88.031272702,0.993908243,0.00837708,0.888535032,0.903846154
1.32544E-3,88.296247741,0.994071142,0.008153692,0.891719745,0.903846154
1.33577E-3,88.696637745,0.994303414,0.007818608,0.896496815,0.91025641
1.33657E-3,88.830294308,0.994320846,0.007706914,0.898089172,0.91025641
1.35131E-3,89.100315555,0.994635636,0.007483525,0.899681529,0.91025641
1.35603E-3,89.286800252,0.994732719,0.007260136,0.901273885,0.91025641
1.35868E-3,89.643224611,0.994786554,0.007036747,0.904458599,0.916666667
1.38441E-3,89.781665203,0.995280438,0.006925053,0.906050955,0.923076923
1.39984E-3,90.060741571,0.995554006,0.006701664,0.909235669,0.923076923
1.41352E-3,90.342423008,0.995783219,0.006478275,0.910828025,0.923076923
1.44153E-3,91.193336814,0.996216259,0.005808109,0.920382166,0.935897436
1.44379E-3,91.337715929,0.996249218,0.005696415,0.921974522,0.935897436
1.44744E-3,91.627144735,0.996301835,0.005473026,0.925159236,0.935897436
1.47566E-3,91.774711069,0.996684342,0.005361331,0.926751592,0.935897436
1.47601E-3,92.069878792,0.996688836,0.005137943,0.929936306,0.935897436
1.5226E-3,92.370679107,0.997234907,0.004914554,0.931528662,0.935897436
1.53721E-3,92.52439998,0.997386874,0.004802859,0.933121019,0.935897436
1.54926E-3,92.833648461,0.997505918,0.004579471,0.936305732,0.942307692
1.54926E-3,93.143500567,0.997505918,0.004244387,0.936305732,0.942307692
1.58479E-3,93.301979684,0.99782624,0.004244387,0.941082803,0.942307692
1.6057E-3,93.622824172,0.997995195,0.004020999,0.944267516,0.942307692
1.61499E-3,93.784323546,0.998065963,0.003909304,0.945859873,0.942307692
1.6185E-3,94.107833159,0.998092031,0.003685915,0.949044586,0.942307692
1.62982E-3,94.27081497,0.998173765,0.003574221,0.950636943,0.942307692
1.65287E-3,94.600024693,0.998329573,0.003350832,0.953821656,0.942307692
1.65492E-3,94.765516997,0.9983428,0.003239138,0.955414013,0.948717949
1.66793E-3,95.098519657,0.998424143,0.003015749,0.957006369,0.948717949
1.66932E-3,95.265451432,0.998432567,0.002904055,0.958598726,0.948717949
1.67102E-3,96.434144296,0.998442869,0.002122194,0.969745223,0.967948718
1.67301E-3,96.601444897,0.998454775,0.002010499,0.97133758,0.967948718
1.67301E-3,96.768745497,0.998454775,0.00178711,0.97133758,0.967948718
1.6812E-3,97.104984456,0.998503009,0.001675416,0.97611465,0.967948718
1.81863E-3,97.286847216,0.999120337,0.001563722,0.977707006,0.987179487
1.88513E-3,97.658021397,0.999319893,0.001340333,0.98089172,0.987179487
1.90601E-3,97.848622268,0.999372668,0.001228638,0.982484076,0.987179487
1.92705E-3,98.041327543,0.999421719,0.001116944,0.984076433,0.987179487
2.06041E-3,98.443912115,0.999654802,0.000893555,0.987261146,0.987179487
2.12549E-3,98.656460775,0.999731634,0.000781861,0.988853503,0.987179487
2.1329E-3,99.04627603,0.999739226,0.000558472,0.992038217,0.987179487
2.16324E-3,99.298775616,0.999768107,0.000446778,0.993630573,0.993589744
2.31252E-3,99.53002732,0.99986984,0.000335083,0.99522293,0.993589744
2.33186E-3,99.763213387,0.999879226,0.000223389,0.996815287,0.993589744
2.36787E-3,100,0.99989493,0.000111694,1,0.993589744
2.86567E-3,100,0.999984687,0,1,0.993589744
